width,asset,seed,state,n,params_L,params_N,MSE_L,MSE_N,MSPE_L,MSPE_N,P95_L,P95_N,dMSE,ci_lo,ci_hi,sig,winN
23,USDJPY,2021,acf1_hi,219,9240,9431,0.25261828303337097,0.44379922747612,0.0009502063472827239,0.0017872163134911466,0.8150738477706909,2.4363901615142822,0.1911809742450714,0.1010349690914154,0.28302109241485596,sig,0.6575342465753424
23,USDJPY,2021,acf1_lo,278,9240,9431,0.19883780181407928,0.5014901757240295,0.0007620115669888348,0.0019592530452911053,1.1467539072036743,1.9990770816802979,0.3026523292064667,0.24818892776966095,0.3595088720321655,sig,0.27697841726618705
23,USDJPY,2021,sign_persistence_hi,406,9240,9431,0.23923203349113464,0.4734479784965515,0.0009098454338268403,0.001871533108299655,0.9309589266777039,2.47509765625,0.23421593010425568,0.1785014569759369,0.29203441739082336,sig,0.43103448275862066
23,USDJPY,2021,sign_persistence_lo,91,9240,9431,0.14804509282112122,0.4877628684043884,0.000555353401583687,0.0019365964535805328,0.25938594341278076,1.400136947631836,0.3397177457809448,0.2281724065542221,0.4495682120323181,sig,0.5054945054945055
23,USDJPY,2021,jump_ratio_hi,240,9240,9431,0.27338388562202454,0.599335253238678,0.0010496205021859487,0.0023600943219672195,1.1578197479248047,2.5846362113952637,0.3259514272212982,0.24367427825927734,0.4095108211040497,sig,0.4375
23,USDJPY,2021,jump_ratio_lo,257,9240,9431,0.17505128681659698,0.36095649003982544,0.0006537956620746498,0.0014383271672115008,0.6679114103317261,1.4475810527801514,0.18590518832206726,0.12488486617803574,0.24643602967262268,sig,0.45136186770428016
23,USDJPY,2021,rv_rel_hi,260,9240,9431,0.2727905213832855,0.5482087135314941,0.001044125009361478,0.00219924175569907,1.1578197479248047,2.5846362113952637,0.275418221950531,0.19265711307525635,0.3614405691623688,sig,0.4423076923076923
23,USDJPY,2021,rv_rel_lo,217,9240,9431,0.15899886190891266,0.4206971228122711,0.0005921523434075858,0.0016273225014548454,0.3663284480571747,1.3662806749343872,0.26169827580451965,0.20386430621147156,0.32178688049316406,sig,0.4147465437788018
23,USDJPY,2021,structure_strong,247,9240,9431,0.18590454757213593,0.44663289189338684,0.0007104746542578905,0.0017591020568757671,0.9000406861305237,1.9649674892425537,0.2607283294200897,0.20309321582317352,0.3221018314361572,sig,0.32388663967611336
23,USDJPY,2021,structure_weak,250,9240,9431,0.2587275803089142,0.5051518678665161,0.000977788664304455,0.002006298044788696,0.8518415093421936,2.3385233879089355,0.24642431735992432,0.16509288549423218,0.33085766434669495,sig,0.564
23,USDJPY,2021,kmeans_0,155,9240,9431,0.3018244802951813,0.5439063310623169,0.0011418213112392769,0.0020909180685736474,1.3198686838150024,2.6954855918884277,0.24208182096481323,0.1687839776277542,0.3222884237766266,sig,0.3741935483870968
23,USDJPY,2021,kmeans_1,208,9240,9431,0.2159101814031601,0.5091089010238647,0.0008145538237148466,0.0020364557338237214,0.8168980479240417,2.405914068222046,0.29319873452186584,0.19730041921138763,0.3912249505519867,sig,0.5192307692307693
23,USDJPY,2021,kmeans_2,134,9240,9431,0.1411060094833374,0.3463146686553955,0.0005486933365898259,0.0014059524326958139,0.306177020072937,1.3689517974853516,0.2052086740732193,0.13286997377872467,0.2813756763935089,sig,0.41044776119402987
64,USDJPY,2021,acf1_hi,219,9240,26200,0.25261828303337097,0.35111525654792786,0.0009502063472827239,0.0013785310777096938,0.8150738477706909,1.4977869987487793,0.09849698096513748,0.05068966746330261,0.14902321994304657,sig,0.593607305936073
64,USDJPY,2021,acf1_lo,278,9240,26200,0.19883780181407928,0.331810861825943,0.0007620115669888348,0.0012891927173566435,1.1467539072036743,1.4842290878295898,0.1329730898141861,0.1062072366476059,0.16131456196308136,sig,0.28776978417266186
64,USDJPY,2021,sign_persistence_hi,406,9240,26200,0.23923203349113464,0.3439156711101532,0.0009098454338268403,0.0013417563676740949,0.9309589266777039,1.551201581954956,0.10468363761901855,0.07506279647350311,0.13546714186668396,sig,0.41625615763546797
64,USDJPY,2021,sign_persistence_lo,91,9240,26200,0.14804509282112122,0.3242626488208771,0.000555353401583687,0.0012696790787679914,0.25938594341278076,0.8658041954040527,0.17621757090091705,0.11907768994569778,0.2323969453573227,sig,0.45054945054945056
64,USDJPY,2021,jump_ratio_hi,240,9240,26200,0.27338388562202454,0.41203346848487854,0.0010496205021859487,0.0016108909100069704,1.1578197479248047,1.7542718648910522,0.13864964246749878,0.09516117721796036,0.18292301893234253,sig,0.475
64,USDJPY,2021,jump_ratio_lo,257,9240,26200,0.17505128681659698,0.27334484457969666,0.0006537956620746498,0.0010649029690346186,0.6679114103317261,0.9035595655441284,0.09829357266426086,0.06636669486761093,0.1311621069908142,sig,0.3735408560311284
64,USDJPY,2021,rv_rel_hi,260,9240,26200,0.2727905213832855,0.41622892022132874,0.001044125009361478,0.0016401174036285106,1.1578197479248047,1.7542718648910522,0.1434383988380432,0.09992488473653793,0.1886703372001648,sig,0.33076923076923076
64,USDJPY,2021,rv_rel_lo,217,9240,26200,0.15899886190891266,0.2701245844364166,0.0005921523434075858,0.001036239553338524,0.3663284480571747,0.8593186140060425,0.11112573742866516,0.08300893008708954,0.14135804772377014,sig,0.48847926267281105
64,USDJPY,2021,structure_strong,247,9240,26200,0.18590454757213593,0.3001774251461029,0.0007104746542578905,0.0011745741442832551,0.9000406861305237,1.2495858669281006,0.11427290737628937,0.084224171936512,0.14597460627555847,sig,0.3603238866396761
64,USDJPY,2021,structure_weak,250,9240,26200,0.2587275803089142,0.3799753487110138,0.000977788664304455,0.0014806962712224235,0.8518415093421936,1.536100149154663,0.1212477907538414,0.07829463481903076,0.1664348840713501,sig,0.484
64,USDJPY,2021,kmeans_0,155,9240,26200,0.3018244802951813,0.40692809224128723,0.0011418213112392769,0.001554433975099298,1.3198686838150024,1.9945627450942993,0.10510357469320297,0.07136412709951401,0.142722487449646,sig,0.41935483870967744
64,USDJPY,2021,kmeans_1,208,9240,26200,0.2159101814031601,0.36563190817832947,0.0008145538237148466,0.0014356273988915076,0.8168980479240417,1.4786922931671143,0.14972171187400818,0.0983065739274025,0.20271433889865875,sig,0.42788461538461536
64,USDJPY,2021,kmeans_2,134,9240,26200,0.1411060094833374,0.22397303581237793,0.0005486933365898259,0.0009010904204010827,0.306177020072937,0.8611375689506531,0.08286704123020172,0.04313429445028305,0.12503474950790405,sig,0.417910447761194
128,USDJPY,2021,acf1_hi,219,9240,52376,0.25261828303337097,0.3711167573928833,0.0009502063472827239,0.0014726188868832847,0.8150738477706909,1.8347370624542236,0.11849845200777054,0.056702498346567154,0.1832420378923416,sig,0.6438356164383562
128,USDJPY,2021,acf1_lo,278,9240,52376,0.19883780181407928,0.35377398133277893,0.0007620115669888348,0.001378184391034761,1.1467539072036743,1.484687328338623,0.15493620932102203,0.12203530967235565,0.1899055391550064,sig,0.3381294964028777
128,USDJPY,2021,sign_persistence_hi,406,9240,52376,0.23923203349113464,0.3595019578933716,0.0009098454338268403,0.001411965896091991,0.9309589266777039,1.8464572429656982,0.12026990950107574,0.08274289965629578,0.15951217710971832,sig,0.4753694581280788
128,USDJPY,2021,sign_persistence_lo,91,9240,52376,0.14804509282112122,0.369955450296402,0.000555353401583687,0.0014547323419973016,0.25938594341278076,1.0025089979171753,0.22191037237644196,0.15156669914722443,0.29126548767089844,sig,0.46153846153846156
128,USDJPY,2021,jump_ratio_hi,240,9240,52376,0.27338388562202454,0.44397976994514465,0.0010496205021859487,0.0017453069191063243,1.1578197479248047,1.930738091468811,0.17059586942195892,0.11556120216846466,0.22669075429439545,sig,0.5041666666666667
128,USDJPY,2021,jump_ratio_lo,257,9240,52376,0.17505128681659698,0.2843136191368103,0.0006537956620746498,0.0011158176511657009,0.6679114103317261,1.0394420623779297,0.10926233977079391,0.06899292767047882,0.14997047185897827,sig,0.44357976653696496
128,USDJPY,2021,rv_rel_hi,260,9240,52376,0.2727905213832855,0.43446213006973267,0.001044125009361478,0.001724454902564512,1.1578197479248047,1.930738091468811,0.16167162358760834,0.10650354623794556,0.22003807127475739,sig,0.4115384615384615
128,USDJPY,2021,rv_rel_lo,217,9240,52376,0.15899886190891266,0.29891476035118103,0.0005921523434075858,0.0011526262283895654,0.3663284480571747,0.9680839776992798,0.13991589844226837,0.10495882481336594,0.17736048996448517,sig,0.5069124423963134
128,USDJPY,2021,structure_strong,247,9240,52376,0.18590454757213593,0.317505419254303,0.0007104746542578905,0.0012465472671092312,0.9000406861305237,1.4555177688598633,0.13160087168216705,0.09515255689620972,0.17075115442276,sig,0.4251012145748988
128,USDJPY,2021,structure_weak,250,9240,52376,0.2587275803089142,0.40479958057403564,0.000977788664304455,0.0015909664878364911,0.8518415093421936,1.7934093475341797,0.14607201516628265,0.09039413183927536,0.20449437201023102,sig,0.52
128,USDJPY,2021,kmeans_0,155,9240,52376,0.3018244802951813,0.41742727160453796,0.0011418213112392769,0.0015997577005706916,1.3198686838150024,2.0635061264038086,0.1156027615070343,0.0747837945818901,0.1608501821756363,sig,0.4645161290322581
128,USDJPY,2021,kmeans_1,208,9240,52376,0.2159101814031601,0.400031715631485,0.0008145538237148466,0.0015827756980720936,0.8168980479240417,1.8280929327011108,0.18412157893180847,0.11903708428144455,0.25170111656188965,sig,0.4519230769230769
128,USDJPY,2021,kmeans_2,134,9240,52376,0.1411060094833374,0.23668593168258667,0.0005486933365898259,0.0009586493145347031,0.306177020072937,0.9818339943885803,0.09557994455099106,0.045662686228752136,0.1488676518201828,sig,0.5149253731343284
23,USDJPY,2022,acf1_hi,219,9240,9431,0.3032684326171875,0.592650294303894,0.0011412890952892372,0.002368966511032512,0.9589698314666748,2.7198495864868164,0.2893819212913513,0.1914951354265213,0.39365965127944946,sig,0.4977168949771689
23,USDJPY,2022,acf1_lo,278,9240,9431,0.21019163727760315,0.6219089031219482,0.0008056168624778539,0.002432849230648988,1.0951511859893799,2.263770580291748,0.4117172658443451,0.35789939761161804,0.4684145748615265,sig,0.11151079136690648
23,USDJPY,2022,sign_persistence_hi,406,9240,9431,0.2682649493217468,0.6055737733840942,0.0010197381328825002,0.0023908552127859806,1.0566670894622803,2.668321371078491,0.33730876445770264,0.27892452478408813,0.3985379636287689,sig,0.26354679802955666
23,USDJPY,2022,sign_persistence_lo,91,9240,9431,0.1750933825969696,0.624375581741333,0.0006581331613944098,0.002466467424675065,0.31464532017707825,1.7018545866012573,0.449282169342041,0.3278765380382538,0.5738788843154907,sig,0.3626373626373626
23,USDJPY,2022,jump_ratio_hi,240,9240,9431,0.305206298828125,0.7074798345565796,0.0011695243782302003,0.00277526557559037,1.2147014141082764,2.7922232151031494,0.40227368474006653,0.320963978767395,0.49114835262298584,sig,0.2833333333333333
23,USDJPY,2022,jump_ratio_lo,257,9240,9431,0.20077648758888245,0.5170657634735107,0.000751820812692367,0.002058645968462452,0.8351303339004517,1.7980679273605347,0.3162893056869507,0.24909064173698425,0.38719096779823303,sig,0.2801556420233463
23,USDJPY,2022,rv_rel_hi,260,9240,9431,0.3171156048774719,0.7359064221382141,0.0012139164946774644,0.002944069389648897,1.2147014141082764,2.7922232151031494,0.4187907576560974,0.333360880613327,0.5090807676315308,sig,0.23461538461538461
23,USDJPY,2022,rv_rel_lo,217,9240,9431,0.16865237057209015,0.4885076582431793,0.0006264623998515555,0.0018823346539844452,0.38039761781692505,1.5867938995361328,0.31985530257225037,0.2562143802642822,0.3859998285770416,sig,0.30414746543778803
23,USDJPY,2022,structure_strong,247,9240,9431,0.19725926220417023,0.5664374828338623,0.0007547171998626383,0.0022352741311243967,0.8586759567260742,2.3292346000671387,0.36917823553085327,0.30662640929222107,0.43529635667800903,sig,0.1700404858299595
23,USDJPY,2022,structure_weak,250,9240,9431,0.3045040965080261,0.6510841250419617,0.001149954605084459,0.002572092166595252,0.9998639225959778,2.6655333042144775,0.34658002853393555,0.2620682716369629,0.4370890259742737,sig,0.392
23,USDJPY,2022,kmeans_0,155,9240,9431,0.3158693015575409,0.605262815952301,0.0011911781028728253,0.0023219609541383687,1.336172103881836,2.8034555912017822,0.28939345479011536,0.21713857352733612,0.36881786584854126,sig,0.2709677419354839
23,USDJPY,2022,kmeans_1,208,9240,9431,0.2607942223548889,0.6728493571281433,0.0009861255639672928,0.0026755680580236763,0.9777500033378601,2.7027411460876465,0.4120550751686096,0.31247249245643616,0.5175167918205261,sig,0.3317307692307692
23,USDJPY,2022,kmeans_2,134,9240,9431,0.16152320802211761,0.5142738223075867,0.0006280378834828474,0.0020799525975833365,0.36382436752319336,1.6840072870254517,0.3527505695819855,0.2669547200202942,0.44345927238464355,sig,0.21641791044776118
64,USDJPY,2022,acf1_hi,219,9240,26200,0.3032684326171875,0.36360833048820496,0.0011412890952892372,0.0014447129223293495,0.9589698314666748,1.8626906871795654,0.06033990532159805,-0.00040012982208281755,0.1250029355287552,ns,0.7168949771689498
64,USDJPY,2022,acf1_lo,278,9240,26200,0.21019163727760315,0.34656599164009094,0.0008056168624778539,0.001351590937382848,1.0951511859893799,1.4890921115875244,0.1363743394613266,0.10785454511642456,0.16702033579349518,sig,0.39568345323741005
64,USDJPY,2022,sign_persistence_hi,406,9240,26200,0.2682649493217468,0.3512189984321594,0.0010197381328825002,0.0013810002425259436,1.0566670894622803,1.8652606010437012,0.0829540491104126,0.047274574637413025,0.11973053216934204,sig,0.5443349753694581
64,USDJPY,2022,sign_persistence_lo,91,9240,26200,0.1750933825969696,0.36682045459747314,0.0006581331613944098,0.0014444869463409462,0.31464532017707825,1.0270960330963135,0.19172704219818115,0.12699109315872192,0.25980067253112793,sig,0.5054945054945055
64,USDJPY,2022,jump_ratio_hi,240,9240,26200,0.305206298828125,0.4374782145023346,0.0011695243782302003,0.0017220713012075994,1.2147014141082764,1.9090956449508667,0.13227194547653198,0.0806487426161766,0.1874440759420395,sig,0.5541666666666667
64,USDJPY,2022,jump_ratio_lo,257,9240,26200,0.20077648758888245,0.2761898338794708,0.000751820812692367,0.001084970032267453,0.8351303339004517,1.0527156591415405,0.07541338354349136,0.03874843567609787,0.11444058269262314,sig,0.5214007782101168
64,USDJPY,2022,rv_rel_hi,260,9240,26200,0.3171156048774719,0.4222323000431061,0.0012139164946774644,0.001677859003628187,1.2147014141082764,1.9090956449508667,0.10511663556098938,0.05240616574883461,0.16022366285324097,sig,0.5076923076923077
64,USDJPY,2022,rv_rel_lo,217,9240,26200,0.16865237057209015,0.2981002628803253,0.0006264623998515555,0.0011515284761342633,0.38039761781692505,0.9888356924057007,0.12944792211055756,0.0943889394402504,0.16525378823280334,sig,0.5345622119815668
64,USDJPY,2022,structure_strong,247,9240,26200,0.19725926220417023,0.31043222546577454,0.0007547171998626383,0.0012195346728424525,0.8586759567260742,1.4283400774002075,0.11317294090986252,0.0807589441537857,0.14821599423885345,sig,0.4574898785425101
64,USDJPY,2022,structure_weak,250,9240,26200,0.3045040965080261,0.3971952497959137,0.001149954605084459,0.0015636373855618941,0.9998639225959778,1.7781304121017456,0.09269115328788757,0.03897184506058693,0.14826901257038116,sig,0.616
64,USDJPY,2022,kmeans_0,155,9240,26200,0.3158693015575409,0.4095042049884796,0.0011911781028728253,0.0015713947378346968,1.336172103881836,1.9903031587600708,0.09363486617803574,0.055953215807676315,0.1360451877117157,sig,0.5032258064516129
64,USDJPY,2022,kmeans_1,208,9240,26200,0.2607942223548889,0.38999441266059875,0.0009861255639672928,0.0015451359645093856,0.9777500033378601,1.8421822786331177,0.12920011579990387,0.06735832989215851,0.1930314153432846,sig,0.5288461538461539
64,USDJPY,2022,kmeans_2,134,9240,26200,0.16152320802211761,0.23420590162277222,0.0006280378834828474,0.0009491040716435003,0.36382436752319336,1.006269931793213,0.0726826936006546,0.022092461585998535,0.12654560804367065,sig,0.5895522388059702
128,USDJPY,2022,acf1_hi,219,9240,52376,0.3032684326171875,0.3780963718891144,0.0011412890952892372,0.0014694408536482385,0.9589698314666748,1.446500301361084,0.07482799887657166,0.03372064605355263,0.11784867197275162,sig,0.5570776255707762
128,USDJPY,2022,acf1_lo,278,9240,52376,0.21019163727760315,0.32828548550605774,0.0008056168624778539,0.0012701302322660373,1.0951511859893799,1.4599213600158691,0.1180938333272934,0.096859872341156,0.1406976729631424,sig,0.3345323741007194
128,USDJPY,2022,sign_persistence_hi,406,9240,52376,0.2682649493217468,0.35602349042892456,0.0010197381328825002,0.0013798797601900807,1.0566670894622803,1.4840415716171265,0.08775851130485535,0.0630897581577301,0.11382730305194855,sig,0.4408866995073892
128,USDJPY,2022,sign_persistence_lo,91,9240,52376,0.1750933825969696,0.32440611720085144,0.0006581331613944098,0.0012601381195796702,0.31464532017707825,0.7959893941879272,0.14931276440620422,0.1047513335943222,0.196529820561409,sig,0.3956043956043956
128,USDJPY,2022,jump_ratio_hi,240,9240,52376,0.305206298828125,0.4096839129924774,0.0011695243782302003,0.0015968703040302123,1.2147014141082764,1.7229115962982178,0.1044776514172554,0.06852040439844131,0.14347493648529053,sig,0.5041666666666667
128,USDJPY,2022,jump_ratio_lo,257,9240,52376,0.20077648758888245,0.2947172522544861,0.000751820812692367,0.0011348438854150648,0.8351303339004517,0.823468804359436,0.09394077956676483,0.06868544965982437,0.1205001175403595,sig,0.3657587548638132
128,USDJPY,2022,rv_rel_hi,260,9240,52376,0.3171156048774719,0.4392170310020447,0.0012139164946774644,0.0017147740868522394,1.2147014141082764,1.7229115962982178,0.12210136651992798,0.08675197511911392,0.1583585888147354,sig,0.29615384615384616
128,USDJPY,2022,rv_rel_lo,217,9240,52376,0.16865237057209015,0.2656936049461365,0.0006264623998515555,0.001015490446811165,0.38039761781692505,0.7933751940727234,0.09704121947288513,0.07127144932746887,0.12351292371749878,sig,0.5483870967741935
128,USDJPY,2022,structure_strong,247,9240,52376,0.19725926220417023,0.2953290343284607,0.0007547171998626383,0.0011502682755779104,0.8586759567260742,1.188753604888916,0.09806977212429047,0.07402066141366959,0.1251397728919983,sig,0.4008097165991903
128,USDJPY,2022,structure_weak,250,9240,52376,0.3045040965080261,0.40448084473609924,0.001149954605084459,0.0015631499498047154,0.9998639225959778,1.4648125171661377,0.09997673332691193,0.06402545422315598,0.13670751452445984,sig,0.464
128,USDJPY,2022,kmeans_0,155,9240,52376,0.3158693015575409,0.4242528975009918,0.0011911781028728253,0.0016130117238972773,1.336172103881836,1.9446871280670166,0.10838359594345093,0.07882782071828842,0.140832781791687,sig,0.4645161290322581
128,USDJPY,2022,kmeans_1,208,9240,52376,0.2607942223548889,0.38154175877571106,0.0009861255639672928,0.0014846086644262461,0.9777500033378601,1.4297822713851929,0.12074752151966095,0.07952933758497238,0.16236907243728638,sig,0.3701923076923077
128,USDJPY,2022,kmeans_2,134,9240,52376,0.16152320802211761,0.21601930260658264,0.0006280378834828474,0.000866330836673026,0.36382436752319336,0.7910112738609314,0.05449609458446503,0.01869107596576214,0.09252271056175232,sig,0.4925373134328358
23,USDJPY,2023,acf1_hi,219,9240,9431,0.28770118951797485,0.6091027855873108,0.0010878462824270932,0.002462197429710512,0.9052104353904724,3.146944761276245,0.3214015066623688,0.20432592928409576,0.4443366825580597,sig,0.5662100456621004
23,USDJPY,2023,acf1_lo,278,9240,9431,0.2069549709558487,0.6916541457176208,0.0007955260826352671,0.002713517870692857,1.0630909204483032,2.567162275314331,0.4846991002559662,0.41558098793029785,0.5523812174797058,sig,0.16546762589928057
23,USDJPY,2023,sign_persistence_hi,406,9240,9431,0.25844404101371765,0.649113118648529,0.0009864759808081724,0.0025769850773698145,0.985214114189148,3.099945068359375,0.3906690180301666,0.31961217522621155,0.46384531259536743,sig,0.312807881773399
23,USDJPY,2023,sign_persistence_lo,91,9240,9431,0.17155791819095612,0.6827852725982666,0.000647091633143073,0.0027178380631546336,0.3226547837257385,1.9923653602600098,0.5112272500991821,0.3633359670639038,0.6679944396018982,sig,0.4725274725274725
23,USDJPY,2023,jump_ratio_hi,240,9240,9431,0.29839926958084106,0.7824565768241882,0.0011488090111760065,0.0030826949849664157,1.1883587837219238,3.225705623626709,0.48405730724334717,0.38697516918182373,0.5855468511581421,sig,0.325
23,USDJPY,2023,jump_ratio_lo,257,9240,9431,0.19036664068698883,0.5365127325057983,0.0007147098215637981,0.002154600812324034,0.7729058861732483,2.091099262237549,0.3461461067199707,0.26427987217903137,0.43187451362609863,sig,0.35797665369649806
23,USDJPY,2023,rv_rel_hi,260,9240,9431,0.3035285770893097,0.7697544693946838,0.001166621523974266,0.003100905033206054,1.1883587837219238,3.225705623626709,0.4662260115146637,0.36441704630851746,0.5720702409744263,sig,0.3153846153846154
23,USDJPY,2023,rv_rel_lo,217,9240,9431,0.16832032799720764,0.5537772178649902,0.0006286436168129609,0.0021476394175540705,0.4040658175945282,1.9385125637054443,0.385456919670105,0.30929136276245117,0.46857234835624695,sig,0.35023041474654376
23,USDJPY,2023,structure_strong,247,9240,9431,0.19478273391723633,0.6263623237609863,0.0007478556396843387,0.0024788333884826173,0.8925445675849915,2.7065467834472656,0.43157958984375,0.35521912574768066,0.510002076625824,sig,0.23076923076923078
23,USDJPY,2023,structure_weak,250,9240,9431,0.28971484303474426,0.6838474273681641,0.0010986969752884244,0.00272522943281604,0.931815505027771,3.0998027324676514,0.3941325545310974,0.2939296364784241,0.49979808926582336,sig,0.452
23,USDJPY,2023,kmeans_0,155,9240,9431,0.3133857250213623,0.6570336818695068,0.0011850895931193094,0.002536275243712382,1.3557862043380737,3.156609296798706,0.34364792704582214,0.246528759598732,0.4444630742073059,sig,0.3032258064516129
23,USDJPY,2023,kmeans_1,208,9240,9431,0.24899455904960632,0.713193953037262,0.0009474138308033894,0.002857460898774474,0.9109220504760742,3.1286392211914062,0.464199423789978,0.34647616744041443,0.5867868065834045,sig,0.40384615384615385
23,USDJPY,2023,kmeans_2,134,9240,9431,0.15055513381958008,0.5633491277694702,0.0005868927095786541,0.0022843632495425873,0.32165342569351196,1.9727838039398193,0.41279393434524536,0.31280720233917236,0.5197437405586243,sig,0.291044776119403
64,USDJPY,2023,acf1_hi,219,9240,26200,0.28770118951797485,0.3598909378051758,0.0010878462824270932,0.0014047276923029217,0.9052104353904724,1.3959407806396484,0.07218971103429794,0.03359053656458855,0.11274346709251404,sig,0.5159817351598174
64,USDJPY,2023,acf1_lo,278,9240,26200,0.2069549709558487,0.3307444751262665,0.0007955260826352671,0.0012818267609254962,1.0630909204483032,1.4283928871154785,0.12378951907157898,0.10288845747709274,0.1444840282201767,sig,0.24820143884892087
64,USDJPY,2023,sign_persistence_hi,406,9240,26200,0.25844404101371765,0.3471798598766327,0.0009864759808081724,0.0013493016403751893,0.985214114189148,1.4231178760528564,0.08873580396175385,0.06599994748830795,0.1128028854727745,sig,0.37438423645320196
64,USDJPY,2023,sign_persistence_lo,91,9240,26200,0.17155791819095612,0.3275611698627472,0.000647091633143073,0.001276557562190121,0.3226547837257385,0.8600775003433228,0.1560032218694687,0.1107378602027893,0.20470772683620453,sig,0.32967032967032966
64,USDJPY,2023,jump_ratio_hi,240,9240,26200,0.29839926958084106,0.4025210738182068,0.0011488090111760065,0.001567674137856037,1.1883587837219238,1.6168876886367798,0.10412181168794632,0.07204670459032059,0.13656099140644073,sig,0.4083333333333333
64,USDJPY,2023,jump_ratio_lo,257,9240,26200,0.19036664068698883,0.2885526120662689,0.0007147098215637981,0.0011196163854715136,0.7729058861732483,0.8877154588699341,0.09818597137928009,0.07088787108659744,0.12635914981365204,sig,0.32684824902723736
64,USDJPY,2023,rv_rel_hi,260,9240,26200,0.3035285770893097,0.42355844378471375,0.001166621523974266,0.0016607803460463454,1.1883587837219238,1.6168876886367798,0.12002991884946823,0.08706244826316833,0.15416857600212097,sig,0.26153846153846155
64,USDJPY,2023,rv_rel_lo,217,9240,26200,0.16832032799720764,0.2675490975379944,0.0006286436168129609,0.0010236565131372763,0.4040658175945282,0.8446539044380188,0.09922876954078674,0.07510899007320404,0.12480948865413666,sig,0.4377880184331797
64,USDJPY,2023,structure_strong,247,9240,26200,0.19478273391723633,0.30113670229911804,0.0007478556396843387,0.001176197802312965,0.8925445675849915,1.2261239290237427,0.10635397583246231,0.08240211009979248,0.13120925426483154,sig,0.3076923076923077
64,USDJPY,2023,structure_weak,250,9240,26200,0.28971484303474426,0.3855292797088623,0.0010986969752884244,0.0014938493879213019,0.931815505027771,1.4052186012268066,0.09581439942121506,0.06231768801808357,0.13057535886764526,sig,0.424
64,USDJPY,2023,kmeans_0,155,9240,26200,0.3133857250213623,0.40744879841804504,0.0011850895931193094,0.001552051567125294,1.3557862043380737,1.8967156410217285,0.09406302869319916,0.06595700979232788,0.12339422106742859,sig,0.3870967741935484
64,USDJPY,2023,kmeans_1,208,9240,26200,0.24899455904960632,0.3670295476913452,0.0009474138308033894,0.0014320819888510678,0.9109220504760742,1.3949635028839111,0.11803500354290009,0.07984374463558197,0.15724344551563263,sig,0.32211538461538464
64,USDJPY,2023,kmeans_2,134,9240,26200,0.15055513381958008,0.23333114385604858,0.0005868927095786541,0.0009368817728819787,0.32165342569351196,0.8500011563301086,0.08277598768472672,0.04750228300690651,0.1197667270898819,sig,0.41044776119402987
128,USDJPY,2023,acf1_hi,219,9240,52376,0.28770118951797485,0.368367463350296,0.0010878462824270932,0.001445812902373133,0.9052104353904724,1.612934947013855,0.08066626638174057,0.03496547415852547,0.12864471971988678,sig,0.5525114155251142
128,USDJPY,2023,acf1_lo,278,9240,52376,0.2069549709558487,0.32002103328704834,0.0007955260826352671,0.0012436974283433497,1.0630909204483032,1.417051076889038,0.11306605488061905,0.08935755491256714,0.13710910081863403,sig,0.35611510791366907
128,USDJPY,2023,sign_persistence_hi,406,9240,52376,0.25844404101371765,0.34348630905151367,0.0009864759808081724,0.0013405801596979023,0.985214114189148,1.64200758934021,0.08504229784011841,0.05825619399547577,0.11260491609573364,sig,0.4605911330049261
128,USDJPY,2023,sign_persistence_lo,91,9240,52376,0.17155791819095612,0.33167991042137146,0.000647091633143073,0.0012978611633166917,0.3226547837257385,0.9110184907913208,0.16012200713157654,0.11023362725973129,0.2147904634475708,sig,0.3626373626373626
128,USDJPY,2023,jump_ratio_hi,240,9240,52376,0.29839926958084106,0.4143127202987671,0.0011488090111760065,0.0016237155897058614,1.1883587837219238,1.7599855661392212,0.11591343581676483,0.07698971033096313,0.15730923414230347,sig,0.4666666666666667
128,USDJPY,2023,jump_ratio_lo,257,9240,52376,0.19036664068698883,0.2731644809246063,0.0007147098215637981,0.0010610473508550996,0.7729058861732483,0.9116169810295105,0.08279785513877869,0.055067211389541626,0.11219868063926697,sig,0.42023346303501946
128,USDJPY,2023,rv_rel_hi,260,9240,52376,0.3035285770893097,0.4171161949634552,0.001166621523974266,0.0016418853858351783,1.1883587837219238,1.7599855661392212,0.1135876402258873,0.07499000430107117,0.1533782184123993,sig,0.35384615384615387
128,USDJPY,2023,rv_rel_lo,217,9240,52376,0.16832032799720764,0.2732935845851898,0.0006286436168129609,0.0010508843966023503,0.4040658175945282,0.8999496698379517,0.10497326403856277,0.07769959419965744,0.13358260691165924,sig,0.5023041474654378
128,USDJPY,2023,structure_strong,247,9240,52376,0.19478273391723633,0.2881792485713959,0.0007478556396843387,0.0011275674964809524,0.8925445675849915,1.2523077726364136,0.09339650720357895,0.06713874638080597,0.12071335315704346,sig,0.4331983805668016
128,USDJPY,2023,structure_weak,250,9240,52376,0.28971484303474426,0.39383217692375183,0.0010986969752884244,0.0015354869562734885,0.931815505027771,1.597333550453186,0.10411734133958817,0.06519058346748352,0.14509062469005585,sig,0.452
128,USDJPY,2023,kmeans_0,155,9240,52376,0.3133857250213623,0.41087833046913147,0.0011850895931193094,0.0015691254081388493,1.3557862043380737,1.9245997667312622,0.09749256074428558,0.06560686975717545,0.13207554817199707,sig,0.45161290322580644
128,USDJPY,2023,kmeans_1,208,9240,52376,0.24899455904960632,0.3731408417224884,0.0009474138308033894,0.001465711141601545,0.9109220504760742,1.6003987789154053,0.12414631247520447,0.07955391705036163,0.1701887845993042,sig,0.3701923076923077
128,USDJPY,2023,kmeans_2,134,9240,52376,0.15055513381958008,0.21148422360420227,0.0005868927095786541,0.0008529742909292861,0.32165342569351196,0.9011943936347961,0.0609290711581707,0.02212166227400303,0.10236848890781403,sig,0.5447761194029851
23,EURUSD,2021,acf1_hi,182,9240,9431,0.12005898356437683,0.1687016487121582,0.0002998826034232898,0.0004264832184110808,0.3234875798225403,0.41584980487823486,0.04864267632365227,0.039052367210388184,0.058957915753126144,sig,0.34065934065934067
23,EURUSD,2021,acf1_lo,315,9240,9431,0.08269661664962769,0.12622585892677307,0.0002233126643080163,0.0003458743248263548,0.2965248227119446,0.4807494878768921,0.043529242277145386,0.03508448973298073,0.05186676234006882,sig,0.2984126984126984
23,EURUSD,2021,sign_persistence_hi,193,9240,9431,0.08461235463619232,0.13379007577896118,0.00022492418823762844,0.0003607611339173091,0.31358587741851807,0.420226126909256,0.04917771741747856,0.041119400411844254,0.05826052278280258,sig,0.17616580310880828
23,EURUSD,2021,sign_persistence_lo,304,9240,9431,0.10384863615036011,0.14685316383838654,0.00026813077220461047,0.0003846824316614402,0.2978193163871765,0.4876253306865692,0.043004538863897324,0.033900126814842224,0.05210886150598526,sig,0.40131578947368424
23,EURUSD,2021,jump_ratio_hi,179,9240,9431,0.09014560282230377,0.12142620235681534,0.00023927441566045052,0.0003267011419049328,0.30094969272613525,0.44524362683296204,0.03128060698509216,0.022355062887072563,0.04102224484086037,sig,0.3575418994413408
23,EURUSD,2021,jump_ratio_lo,318,9240,9431,0.09988714009523392,0.15323761105537415,0.00025815095181397243,0.00040280142663564624,0.3026188611984253,0.47519543766975403,0.05335047096014023,0.04503490775823593,0.06176510080695152,sig,0.2893081761006289
23,EURUSD,2021,rv_rel_hi,222,9240,9431,0.13544368743896484,0.2091689109802246,0.00035100842073776314,0.0005504829841488669,0.3295358121395111,0.47261613607406616,0.07372521609067917,0.06440531462430954,0.08359555155038834,sig,0.13513513513513514
23,EURUSD,2021,rv_rel_lo,255,9240,9431,0.06036454439163208,0.07785758376121521,0.00015850909806390412,0.00020826358139442878,0.2274126261472702,0.3338213562965393,0.01749304309487343,0.010423348285257816,0.024913039058446884,sig,0.48627450980392156
23,EURUSD,2021,structure_strong,215,9240,9431,0.09487105906009674,0.14450162649154663,0.0002490523074096241,0.0003857564723905035,0.3233957290649414,0.4265488386154175,0.04963055998086929,0.04105735570192337,0.05864575132727623,sig,0.20930232558139536
23,EURUSD,2021,structure_weak,282,9240,9431,0.09752798080444336,0.13970567286014557,0.00025310594676239255,0.00036749190250766036,0.2768602967262268,0.4861549437046051,0.04217768833041191,0.033024512231349945,0.05099882185459137,sig,0.39361702127659576
23,EURUSD,2021,kmeans_1,268,9240,9431,0.09400912374258041,0.13057352602481842,0.00023890855354112935,0.00033624939753147475,0.3024294078350067,0.42020732164382935,0.036564406007528305,0.028686417266726494,0.044857390224933624,sig,0.3619402985074627
23,EURUSD,2021,kmeans_2,212,9240,9431,0.09681358188390732,0.15170098841190338,0.00025897694490146573,0.00041150606584683863,0.301237016916275,0.4525286853313446,0.054887402802705765,0.045134108513593674,0.06509260088205338,sig,0.24056603773584906
64,EURUSD,2021,acf1_hi,182,9240,26200,0.12005898356437683,0.3210458755493164,0.0002998826034232898,0.0007913028339439211,0.3234875798225403,1.0397179126739502,0.20098690688610077,0.16661310195922852,0.2373955100774765,sig,0.3131868131868132
64,EURUSD,2021,acf1_lo,315,9240,26200,0.08269661664962769,0.1551615297794342,0.0002233126643080163,0.000427609078701797,0.2965248227119446,0.5488424301147461,0.07246489822864532,0.057808876037597656,0.08747024089097977,sig,0.27936507936507937
64,EURUSD,2021,sign_persistence_hi,193,9240,26200,0.08461235463619232,0.24882876873016357,0.00022492418823762844,0.000664923740350559,0.31358587741851807,0.8444909453392029,0.16421639919281006,0.1332554668188095,0.19615618884563446,sig,0.2538860103626943
64,EURUSD,2021,sign_persistence_lo,304,9240,26200,0.10384863615036011,0.19500751793384552,0.00026813077220461047,0.00049468320289869,0.2978193163871765,0.6336748600006104,0.09115885943174362,0.0732722207903862,0.11046761274337769,sig,0.3157894736842105
64,EURUSD,2021,jump_ratio_hi,179,9240,26200,0.09014560282230377,0.1204943060874939,0.00023927441566045052,0.00032804599978430125,0.30094969272613525,0.3656015992164612,0.030348723754286766,0.01753377914428711,0.044263821095228195,sig,0.40782122905027934
64,EURUSD,2021,jump_ratio_lo,318,9240,26200,0.09988714009523392,0.2696155607700348,0.00025815095181397243,0.0006918042188914143,0.3026188611984253,0.8421948552131653,0.16972842812538147,0.14576837420463562,0.193911612033844,sig,0.22641509433962265
64,EURUSD,2021,rv_rel_hi,222,9240,26200,0.13544368743896484,0.3800187408924103,0.00035100842073776314,0.0009819398250205716,0.3295358121395111,0.9618735909461975,0.24457500874996185,0.21726223826408386,0.27298179268836975,sig,0.0990990990990991
64,EURUSD,2021,rv_rel_lo,255,9240,26200,0.06036454439163208,0.08340645581483841,0.00015850909806390412,0.0002204622202171673,0.2274126261472702,0.24205835163593292,0.023041915148496628,0.014637419022619724,0.03179924562573433,sig,0.40784313725490196
64,EURUSD,2021,structure_strong,215,9240,26200,0.09487105906009674,0.275388240814209,0.0002490523074096241,0.0007273060324171897,0.3233957290649414,0.982569694519043,0.18051716685295105,0.15000128746032715,0.2121465653181076,sig,0.24186046511627907
64,EURUSD,2021,structure_weak,282,9240,26200,0.09752798080444336,0.17055943608283997,0.00025310594676239255,0.0004338410588622833,0.2768602967262268,0.5457029938697815,0.0730314627289772,0.05843654274940491,0.08815133571624756,sig,0.32978723404255317
64,EURUSD,2021,kmeans_1,268,9240,26200,0.09400912374258041,0.23268760740756989,0.00023890855354112935,0.0005774399823374425,0.3024294078350067,0.9165688157081604,0.13867847621440887,0.11381617188453674,0.16466541588306427,sig,0.27238805970149255
64,EURUSD,2021,kmeans_2,212,9240,26200,0.09681358188390732,0.19134476780891418,0.00025897694490146573,0.0005275333019114857,0.301237016916275,0.5825943350791931,0.09453116357326508,0.07333073765039444,0.1177716925740242,sig,0.32075471698113206
128,EURUSD,2021,acf1_hi,182,9240,52376,0.12005898356437683,0.4008788764476776,0.0002998826034232898,0.0009802734223585635,0.3234875798225403,1.3024556636810303,0.2808198928833008,0.2316950559616089,0.33287501335144043,sig,0.3626373626373626
128,EURUSD,2021,acf1_lo,315,9240,52376,0.08269661664962769,0.15027540922164917,0.0002233126643080163,0.00041271845693184025,0.2965248227119446,0.4892229437828064,0.06757878512144089,0.0529303252696991,0.08231393992900848,sig,0.326984126984127
128,EURUSD,2021,sign_persistence_hi,193,9240,52376,0.08461235463619232,0.2889876365661621,0.00022492418823762844,0.0007636954628028637,0.31358587741851807,1.0944854021072388,0.2043752670288086,0.16442003846168518,0.2451796978712082,sig,0.2849740932642487
128,EURUSD,2021,sign_persistence_lo,304,9240,52376,0.10384863615036011,0.21224373579025269,0.00026813077220461047,0.0005296804357955115,0.2978193163871765,0.7107081413269043,0.10839508473873138,0.08302251994609833,0.13502243161201477,sig,0.375
128,EURUSD,2021,jump_ratio_hi,179,9240,52376,0.09014560282230377,0.12234467267990112,0.00023927441566045052,0.00033181442777065087,0.30094969272613525,0.3517732322216034,0.03219906985759735,0.017307521775364876,0.04802636429667473,sig,0.39664804469273746
128,EURUSD,2021,jump_ratio_lo,318,9240,52376,0.09988714009523392,0.30942457914352417,0.00025815095181397243,0.0007830858309177412,0.3026188611984253,1.0926799774169922,0.20953746140003204,0.17764973640441895,0.24243493378162384,sig,0.3081761006289308
128,EURUSD,2021,rv_rel_hi,222,9240,52376,0.13544368743896484,0.4497409462928772,0.00035100842073776314,0.0011482573600373838,0.3295358121395111,1.2671682834625244,0.31429725885391235,0.27677470445632935,0.3541775345802307,sig,0.11261261261261261
128,EURUSD,2021,rv_rel_lo,255,9240,52376,0.06036454439163208,0.07656469941139221,0.00015850909806390412,0.00020003834467202308,0.2274126261472702,0.25048398971557617,0.016200151294469833,0.008808196522295475,0.023733090609312057,sig,0.48627450980392156
128,EURUSD,2021,structure_strong,215,9240,52376,0.09487105906009674,0.3180699050426483,0.0002490523074096241,0.0008313965172151531,0.3233957290649414,1.2753585577011108,0.22319884598255157,0.18325510621070862,0.26570385694503784,sig,0.30697674418604654
128,EURUSD,2021,structure_weak,282,9240,52376,0.09752798080444336,0.1840839385986328,0.00025310594676239255,0.0004598078922040082,0.2768602967262268,0.637620747089386,0.08655595779418945,0.06539461016654968,0.10850103199481964,sig,0.36524822695035464
128,EURUSD,2021,kmeans_1,268,9240,52376,0.09400912374258041,0.2779233753681183,0.00023890855354112935,0.0006809833092630753,0.3024294078350067,1.1882374286651611,0.18391427397727966,0.14805515110492706,0.22079534828662872,sig,0.3246268656716418
128,EURUSD,2021,kmeans_2,212,9240,52376,0.09681358188390732,0.19469639658927917,0.00025897694490146573,0.0005353592033887216,0.301237016916275,0.579205334186554,0.09788279235363007,0.07453975826501846,0.12338979542255402,sig,0.36792452830188677
23,EURUSD,2022,acf1_hi,182,9240,9431,0.1321904957294464,0.2007891833782196,0.0003311116831769149,0.0005090161350154924,0.3795408606529236,0.5454246997833252,0.06859870254993439,0.056711871176958084,0.08100398629903793,sig,0.17582417582417584
23,EURUSD,2022,acf1_lo,315,9240,9431,0.08846712857484818,0.15821877121925354,0.00023905352821810693,0.0004360275764374661,0.31609389185905457,0.538409948348999,0.06975164264440536,0.05891352891921997,0.08126389235258102,sig,0.21587301587301588
23,EURUSD,2022,sign_persistence_hi,193,9240,9431,0.09672310948371887,0.17250017821788788,0.00025624018617638624,0.0004681980592339428,0.3834629952907562,0.4930436611175537,0.07577704638242722,0.06464880704879761,0.08725083619356155,sig,0.11917098445595854
23,EURUSD,2022,sign_persistence_lo,304,9240,9431,0.10940215736627579,0.17463821172714233,0.00028325602564098577,0.00045930065038970563,0.3198873698711395,0.6266134977340698,0.06523606181144714,0.054251231253147125,0.07677879929542542,sig,0.2532894736842105
23,EURUSD,2022,jump_ratio_hi,179,9240,9431,0.09615212678909302,0.14264041185379028,0.0002556435810575925,0.0003868903236566837,0.32023757696151733,0.45507195591926575,0.04648829251527786,0.03604839742183685,0.05681462585926056,sig,0.2737430167597765
23,EURUSD,2022,jump_ratio_lo,318,9240,9431,0.10916536301374435,0.19135193526744843,0.00028240247395469543,0.0005054599220631293,0.37316036224365234,0.570079505443573,0.08218656480312347,0.07144828140735626,0.09370861202478409,sig,0.16037735849056603
23,EURUSD,2022,rv_rel_hi,222,9240,9431,0.1541968435049057,0.2580890953540802,0.0004000330137963633,0.0006827865545157416,0.3954698145389557,0.5454246997833252,0.1038922667503357,0.09252426773309708,0.1153179481625557,sig,0.0945945945945946
23,EURUSD,2022,rv_rel_lo,255,9240,9431,0.05916883796453476,0.09726866334676743,0.00015575877738293107,0.00026212253727613547,0.21747855842113495,0.39591094851493835,0.038099825382232666,0.02789253741502762,0.049921873956918716,sig,0.30980392156862746
23,EURUSD,2022,structure_strong,215,9240,9431,0.1072283387184143,0.18499813973903656,0.0002808828661093984,0.0004974837407732854,0.3929154574871063,0.5326066613197327,0.07776980102062225,0.0659746378660202,0.09006812423467636,sig,0.13953488372093023
23,EURUSD,2022,structure_weak,282,9240,9431,0.10238198935985565,0.1652763932943344,0.00026657578550844525,0.00043627879037008905,0.315507173538208,0.5676089525222778,0.06289441883563995,0.051667239516973495,0.07452529668807983,sig,0.24822695035460993
23,EURUSD,2022,kmeans_1,268,9240,9431,0.09725284576416016,0.1597762405872345,0.0002470918418919335,0.00041253889557680385,0.3301070034503937,0.5670490264892578,0.06252340227365494,0.052346352487802505,0.07349913567304611,sig,0.14925373134328357
23,EURUSD,2022,kmeans_2,212,9240,9431,0.11089082062244415,0.1858014464378357,0.00029672747192661567,0.000508390409655229,0.3688259422779083,0.5046452879905701,0.07491063326597214,0.06292752921581268,0.08721503615379333,sig,0.24528301886792453
64,EURUSD,2022,acf1_hi,182,9240,26200,0.1321904957294464,0.29553574323654175,0.0003311116831769149,0.0007312693269806689,0.3795408606529236,0.9689489603042603,0.16334523260593414,0.1354227364063263,0.19195398688316345,sig,0.25824175824175827
64,EURUSD,2022,acf1_lo,315,9240,26200,0.08846712857484818,0.1517554670572281,0.00023905352821810693,0.0004172603609210175,0.31609389185905457,0.5574702620506287,0.06328833103179932,0.050577618181705475,0.07642751932144165,sig,0.2920634920634921
64,EURUSD,2022,sign_persistence_hi,193,9240,26200,0.09672310948371887,0.23149561882019043,0.00025624018617638624,0.0006176676126591903,0.3834629952907562,0.7868266105651855,0.13477247953414917,0.11008801311254501,0.16090257465839386,sig,0.26424870466321243
64,EURUSD,2022,sign_persistence_lo,304,9240,26200,0.10940215736627579,0.18720993399620056,0.00028325602564098577,0.00047802033538611353,0.3198873698711395,0.6675267219543457,0.07780779153108597,0.06262606382369995,0.09304007142782211,sig,0.2894736842105263
64,EURUSD,2022,jump_ratio_hi,179,9240,26200,0.09615212678909302,0.11927921324968338,0.0002556435810575925,0.00032318606359397285,0.32023757696151733,0.4126960039138794,0.02312709018588066,0.013248777948319912,0.03316463902592659,sig,0.43575418994413406
64,EURUSD,2022,jump_ratio_lo,318,9240,26200,0.10916536301374435,0.2523254454135895,0.00028240247395469543,0.000649929955400255,0.37316036224365234,0.7887778282165527,0.14316008985042572,0.1253718137741089,0.16199608147144318,sig,0.1918238993710692
64,EURUSD,2022,rv_rel_hi,222,9240,26200,0.1541968435049057,0.3546924889087677,0.0004000330137963633,0.0009186134932638732,0.3954698145389557,0.9065370559692383,0.200495645403862,0.1774255931377411,0.2236095517873764,sig,0.0990990990990991
64,EURUSD,2022,rv_rel_lo,255,9240,26200,0.05916883796453476,0.08230341225862503,0.00015575877738293107,0.00021792627807828939,0.21747855842113495,0.2451789379119873,0.023134570568799973,0.015138526447117329,0.03273686021566391,sig,0.396078431372549
64,EURUSD,2022,structure_strong,215,9240,26200,0.1072283387184143,0.2568683326244354,0.0002808828661093984,0.0006776530622454173,0.3929154574871063,0.9076305627822876,0.14963999390602112,0.12356746196746826,0.1761951446533203,sig,0.2558139534883721
64,EURUSD,2022,structure_weak,282,9240,26200,0.10238198935985565,0.16441059112548828,0.00026657578550844525,0.0004213922794958778,0.315507173538208,0.5923299193382263,0.06202857941389084,0.049730975180864334,0.07456663995981216,sig,0.2978723404255319
64,EURUSD,2022,kmeans_1,268,9240,26200,0.09725284576416016,0.21239030361175537,0.0002470918418919335,0.0005295432755612749,0.3301070034503937,0.857983410358429,0.11513745784759521,0.095404252409935,0.135844424366951,sig,0.22388059701492538
64,EURUSD,2022,kmeans_2,212,9240,26200,0.11089082062244415,0.1894332617521286,0.00029672747192661567,0.0005194411706374948,0.3688259422779083,0.5945226550102234,0.07854244112968445,0.06077178940176964,0.09823121130466461,sig,0.3584905660377358
128,EURUSD,2022,acf1_hi,182,9240,52376,0.1321904957294464,0.2896879315376282,0.0003311116831769149,0.0007177856414461042,0.3795408606529236,0.9066272377967834,0.15749742090702057,0.1297660768032074,0.1855546087026596,sig,0.2802197802197802
128,EURUSD,2022,acf1_lo,315,9240,52376,0.08846712857484818,0.1651446372270584,0.00023905352821810693,0.0004589629304076781,0.31609389185905457,0.6125149726867676,0.07667750865221024,0.05911601707339287,0.09420564770698547,sig,0.2920634920634921
128,EURUSD,2022,sign_persistence_hi,193,9240,52376,0.09672310948371887,0.24932308495044708,0.00025624018617638624,0.0006735212009058496,0.3834629952907562,0.7786171436309814,0.15259996056556702,0.12218298763036728,0.1844436675310135,sig,0.2538860103626943
128,EURUSD,2022,sign_persistence_lo,304,9240,52376,0.10940215736627579,0.18626448512077332,0.00028325602564098577,0.00047769973041704135,0.3198873698711395,0.6901252865791321,0.07686235010623932,0.06234407052397728,0.09167178720235825,sig,0.3092105263157895
128,EURUSD,2022,jump_ratio_hi,179,9240,52376,0.09615212678909302,0.12101660668849945,0.0002556435810575925,0.0003323382569497925,0.32023757696151733,0.3959033787250519,0.024864468723535538,0.009472239762544632,0.040599171072244644,sig,0.5083798882681564
128,EURUSD,2022,jump_ratio_lo,318,9240,52376,0.10916536301374435,0.26126348972320557,0.00028240247395469543,0.0006783703202125682,0.37316036224365234,0.7671542763710022,0.1520981341600418,0.13206343352794647,0.17259564995765686,sig,0.16352201257861634
128,EURUSD,2022,rv_rel_hi,222,9240,52376,0.1541968435049057,0.3616460859775543,0.0004000330137963633,0.000945445956441981,0.3954698145389557,0.8786311745643616,0.20744922757148743,0.17970196902751923,0.23488381505012512,sig,0.15315315315315314
128,EURUSD,2022,rv_rel_lo,255,9240,52376,0.05916883796453476,0.0877646803855896,0.00015575877738293107,0.0002342041191764883,0.21747855842113495,0.25932490825653076,0.02859584614634514,0.019637838006019592,0.03895780071616173,sig,0.36470588235294116
128,EURUSD,2022,structure_strong,215,9240,52376,0.1072283387184143,0.27508407831192017,0.0002808828661093984,0.0007344880378213454,0.3929154574871063,0.8829114437103271,0.16785573959350586,0.13794870674610138,0.1984124332666397,sig,0.23255813953488372
128,EURUSD,2022,structure_weak,282,9240,52376,0.10238198935985565,0.16170455515384674,0.00026657578550844525,0.000415941069822767,0.315507173538208,0.5547025799751282,0.05932255834341049,0.04706135764718056,0.07191786915063858,sig,0.32978723404255317
128,EURUSD,2022,kmeans_1,268,9240,52376,0.09725284576416016,0.21709561347961426,0.0002470918418919335,0.0005437816603069262,0.3301070034503937,0.8271241188049316,0.1198427602648735,0.10026126354932785,0.1404172033071518,sig,0.1865671641791045
128,EURUSD,2022,kmeans_2,212,9240,52376,0.11089082062244415,0.19755274057388306,0.00029672747192661567,0.0005493054259951381,0.3688259422779083,0.5955711603164673,0.08666189759969711,0.06263989210128784,0.11186753958463669,sig,0.4386792452830189
23,EURUSD,2023,acf1_hi,182,9240,9431,0.12128076702356339,0.27748560905456543,0.00030414744550435666,0.0006885034268696294,0.3164880871772766,0.8459181189537048,0.15620483458042145,0.1297178417444229,0.18277984857559204,sig,0.19230769230769232
23,EURUSD,2023,acf1_lo,315,9240,9431,0.0841912180185318,0.180586576461792,0.00022783855246195686,0.0004968469347333339,0.3010600209236145,0.5999372005462646,0.096395343542099,0.08269977569580078,0.11113493889570236,sig,0.09523809523809523
23,EURUSD,2023,sign_persistence_hi,193,9240,9431,0.0859978049993515,0.24462325870990753,0.00022862653058195514,0.0006598682317067786,0.3095300793647766,0.6897860765457153,0.15862543880939484,0.1355680525302887,0.1829846352338791,sig,0.046632124352331605
23,EURUSD,2023,sign_persistence_lo,304,9240,9431,0.10524920374155045,0.19794362783432007,0.0002730232194243157,0.000508091577012712,0.3028172552585602,0.691953182220459,0.09269441664218903,0.07750935107469559,0.10826804488897324,sig,0.18421052631578946
23,EURUSD,2023,jump_ratio_hi,179,9240,9431,0.09205880761146545,0.14467912912368774,0.00024454292890514485,0.00039422403769975747,0.30336621403694153,0.43483999371528625,0.05262031406164169,0.039744745939970016,0.06581766158342361,sig,0.2011173184357542
23,EURUSD,2023,jump_ratio_lo,318,9240,9431,0.10098996013402939,0.2562565505504608,0.00026210941771474344,0.000664302847116403,0.30856072902679443,0.7310741543769836,0.15526658296585083,0.13713230192661285,0.1742660403251648,sig,0.09119496855345911
23,EURUSD,2023,rv_rel_hi,222,9240,9431,0.13713803887367249,0.35528144240379333,0.0003566118790102937,0.0009285883873252421,0.3136386275291443,0.839824378490448,0.21814338862895966,0.19603918492794037,0.23952211439609528,sig,0.04054054054054054
23,EURUSD,2023,rv_rel_lo,255,9240,9431,0.06068256497383118,0.10212105512619019,0.0001597789670795361,0.00027052723444934775,0.23939339816570282,0.2921714186668396,0.04143847897648811,0.032281335443258286,0.05138948932290077,sig,0.16862745098039217
23,EURUSD,2023,structure_strong,215,9240,9431,0.09632847458124161,0.2687738835811615,0.00025316438010407674,0.0007156973462685276,0.3121131956577301,0.8415532112121582,0.1724454015493393,0.14881327748298645,0.19813813269138336,sig,0.06976744186046512
23,EURUSD,2023,structure_weak,282,9240,9431,0.09887485951185226,0.175889253616333,0.00025777885597493916,0.00045368609462247996,0.29666852951049805,0.5924718379974365,0.07701437175273895,0.06452000141143799,0.09005061537027359,sig,0.1773049645390071
23,EURUSD,2023,kmeans_1,268,9240,9431,0.09423792362213135,0.21213750541210175,0.00024057333458329805,0.0005318779956237363,0.30830392241477966,0.7921406030654907,0.117899589240551,0.10009867697954178,0.13787679374217987,sig,0.13805970149253732
23,EURUSD,2023,kmeans_2,212,9240,9431,0.09965641051530838,0.21559064090251923,0.00026684167747785927,0.0005937424533177317,0.3035682439804077,0.5857614278793335,0.11593423038721085,0.09730499982833862,0.13573548197746277,sig,0.1320754716981132
64,EURUSD,2023,acf1_hi,182,9240,26200,0.12128076702356339,0.29920414090156555,0.00030414744550435666,0.0007374732929432033,0.3164880871772766,0.9851140975952148,0.17792336642742157,0.14475955069065094,0.21261455118656158,sig,0.3241758241758242
64,EURUSD,2023,acf1_lo,315,9240,26200,0.0841912180185318,0.17114044725894928,0.00022783855246195686,0.0004778083224308607,0.3010600209236145,0.6027149558067322,0.08694922178983688,0.06924688071012497,0.10555271804332733,sig,0.21587301587301588
64,EURUSD,2023,sign_persistence_hi,193,9240,26200,0.0859978049993515,0.2805854380130768,0.00022862653058195514,0.0007602648761569482,0.3095300793647766,0.8212616443634033,0.19458764791488647,0.1628306359052658,0.22647927701473236,sig,0.16580310880829016
64,EURUSD,2023,sign_persistence_lo,304,9240,26200,0.10524920374155045,0.17832696437835693,0.0002730232194243157,0.00045394289402333256,0.3028172552585602,0.6108766198158264,0.07307777553796768,0.05581808462738991,0.09127282351255417,sig,0.3125
64,EURUSD,2023,jump_ratio_hi,179,9240,26200,0.09205880761146545,0.13888388872146606,0.00024454292890514485,0.0003840887658171667,0.30336621403694153,0.4255012273788452,0.046825066208839417,0.027362333610653877,0.0666293278336525,sig,0.39106145251396646
64,EURUSD,2023,jump_ratio_lo,318,9240,26200,0.10098996013402939,0.26259174942970276,0.00026210941771474344,0.0006791756974846267,0.30856072902679443,0.8199793100357056,0.16160181164741516,0.13853192329406738,0.18485523760318756,sig,0.1792452830188679
64,EURUSD,2023,rv_rel_hi,222,9240,26200,0.13713803887367249,0.38877958059310913,0.0003566118790102937,0.0010177335673448404,0.3136386275291443,0.9361697435379028,0.2516416013240814,0.22184811532497406,0.27984872460365295,sig,0.13063063063063063
64,EURUSD,2023,rv_rel_lo,255,9240,26200,0.06068256497383118,0.08047585189342499,0.0001597789670795361,0.00021432752470427024,0.23939339816570282,0.23747888207435608,0.019793275743722916,0.01273404061794281,0.02716710977256298,sig,0.3058823529411765
64,EURUSD,2023,structure_strong,215,9240,26200,0.09632847458124161,0.30123916268348694,0.00025316438010407674,0.0008070647772023267,0.3121131956577301,0.9511449933052063,0.20491066575050354,0.17432673275470734,0.23872600495815277,sig,0.17674418604651163
64,EURUSD,2023,structure_weak,282,9240,26200,0.09887485951185226,0.15460273623466492,0.00025777885597493916,0.00039436465880455276,0.29666852951049805,0.505713939666748,0.05572787672281265,0.04133797436952591,0.0705273300409317,sig,0.31560283687943264
64,EURUSD,2023,kmeans_1,268,9240,26200,0.09423792362213135,0.2153991013765335,0.00024057333458329805,0.0005357102726189449,0.30830392241477966,0.8556184768676758,0.12116117775440216,0.09812860190868378,0.1458967924118042,sig,0.26119402985074625
64,EURUSD,2023,kmeans_2,212,9240,26200,0.09965641051530838,0.21775303781032562,0.00026684167747785927,0.0006074470688529317,0.3035682439804077,0.6132364273071289,0.11809664964675903,0.09408046305179596,0.1439259797334671,sig,0.25
128,EURUSD,2023,acf1_hi,182,9240,52376,0.12128076702356339,0.3802611827850342,0.00030414744550435666,0.0009342041959142628,0.3164880871772766,1.3050073385238647,0.258980393409729,0.2111634910106659,0.30893829464912415,sig,0.32967032967032966
128,EURUSD,2023,acf1_lo,315,9240,52376,0.0841912180185318,0.1492241472005844,0.00022783855246195686,0.00041153380891410525,0.3010600209236145,0.5037299990653992,0.06503293663263321,0.051060620695352554,0.08005928993225098,sig,0.32063492063492066
128,EURUSD,2023,sign_persistence_hi,193,9240,52376,0.0859978049993515,0.28761330246925354,0.00022862653058195514,0.000761207234407037,0.3095300793647766,1.0825139284133911,0.20161548256874084,0.16370898485183716,0.2409798502922058,sig,0.23834196891191708
128,EURUSD,2023,sign_persistence_lo,304,9240,52376,0.10524920374155045,0.19968347251415253,0.0002730232194243157,0.000502451701394016,0.3028172552585602,0.6563565731048584,0.09443427622318268,0.07045315206050873,0.12026477605104446,sig,0.3782894736842105
128,EURUSD,2023,jump_ratio_hi,179,9240,52376,0.09205880761146545,0.12575645744800568,0.00024454292890514485,0.0003411206310998986,0.30336621403694153,0.3832133114337921,0.03369764983654022,0.01842612586915493,0.04902017489075661,sig,0.36312849162011174
128,EURUSD,2023,jump_ratio_lo,318,9240,52376,0.10098996013402939,0.2946626543998718,0.00026210941771474344,0.0007503072971618149,0.30856072902679443,1.0775169134140015,0.19367273151874542,0.16342757642269135,0.22428663074970245,sig,0.3018867924528302
128,EURUSD,2023,rv_rel_hi,222,9240,52376,0.13713803887367249,0.4352549910545349,0.0003566118790102937,0.001117018630468705,0.3136386275291443,1.258890151977539,0.29811689257621765,0.2590060830116272,0.3363528251647949,sig,0.11261261261261261
128,EURUSD,2023,rv_rel_lo,255,9240,52376,0.06068256497383118,0.07307697087526321,0.0001597789670795361,0.00019267646724330527,0.23939339816570282,0.26195409893989563,0.012394399382174015,0.005563573911786079,0.019708234816789627,sig,0.4549019607843137
128,EURUSD,2023,structure_strong,215,9240,52376,0.09632847458124161,0.3153885006904602,0.00025316438010407674,0.000826287333622034,0.3121131956577301,1.2683155536651611,0.2190600335597992,0.17931419610977173,0.2623540759086609,sig,0.27906976744186046
128,EURUSD,2023,structure_weak,282,9240,52376,0.09887485951185226,0.1716475486755371,0.00025777885597493916,0.0004326472933886586,0.29666852951049805,0.5748128294944763,0.07277270406484604,0.053690239787101746,0.09307125955820084,sig,0.35815602836879434
128,EURUSD,2023,kmeans_1,268,9240,52376,0.09423792362213135,0.2568569481372833,0.00024057333458329805,0.0006327921265191805,0.30830392241477966,1.1705920696258545,0.16261902451515198,0.1288391500711441,0.1977187991142273,sig,0.3246268656716418
128,EURUSD,2023,kmeans_2,212,9240,52376,0.09965641051530838,0.20179912447929382,0.00026684167747785927,0.000554202176443828,0.3035682439804077,0.654775857925415,0.10214270651340485,0.07812298089265823,0.12759500741958618,sig,0.330188679245283
23,SOX,2021,acf1_hi,240,9240,9431,0.26860371232032776,0.31322452425956726,0.009776817521388492,0.01146885525679481,0.5924601554870605,0.715559184551239,0.044620804488658905,0.036530256271362305,0.05275866016745567,sig,0.30416666666666664
23,SOX,2021,acf1_lo,239,9240,9431,0.25369971990585327,0.3036572337150574,0.0072537790451964535,0.008451921350128837,0.7998287677764893,1.0623950958251953,0.049957554787397385,0.03768349811434746,0.062018513679504395,sig,0.32217573221757323
23,SOX,2021,sign_persistence_hi,191,9240,9431,0.261917382478714,0.3129313886165619,0.007260396790664364,0.008519122740562277,0.6781588792800903,0.7770483493804932,0.051014017313718796,0.04114989936351776,0.06105221435427666,sig,0.21465968586387435
23,SOX,2021,sign_persistence_lo,288,9240,9431,0.2606697678565979,0.30547937750816345,0.00935192225666075,0.010921465350222747,0.7860970497131348,1.0455878973007202,0.044809624552726746,0.03446189686655998,0.055308714509010315,sig,0.3784722222222222
23,SOX,2021,jump_ratio_hi,116,9240,9431,0.41698309779167175,0.4937781095504761,0.012722474917302653,0.014956280233993292,0.8552597165107727,1.1188451051712036,0.07679492980241776,0.05557351931929588,0.09861647337675095,sig,0.22413793103448276
23,SOX,2021,jump_ratio_lo,363,9240,9431,0.21137483417987823,0.249227836728096,0.0071743314229423755,0.008368060488067009,0.5588703155517578,0.7019096612930298,0.037852995097637177,0.03117155097424984,0.044435255229473114,sig,0.3415977961432507
23,SOX,2021,rv_rel_hi,300,9240,9431,0.274358868598938,0.31327202916145325,0.009347135433587795,0.010600292891618195,0.7828487157821655,1.040313482284546,0.03891315311193466,0.028458954766392708,0.0493023581802845,sig,0.41
23,SOX,2021,rv_rel_lo,159,9240,9431,0.24124746024608612,0.2996324598789215,0.006817199238452056,0.0083514547111808,0.6075360774993896,0.7808011174201965,0.058385033160448074,0.04826165363192558,0.06879685819149017,sig,0.16981132075471697
23,SOX,2021,structure_strong,210,9240,9431,0.20594817399978638,0.251566618680954,0.0055796660342654425,0.006745939130170032,0.5490370392799377,0.7422828078269958,0.0456184484064579,0.037414684891700745,0.054148443043231964,sig,0.2619047619047619
23,SOX,2021,structure_weak,269,9240,9431,0.3042750954627991,0.35285866260528564,0.010811745463715418,0.012475417275003122,0.7936115860939026,1.050482988357544,0.04858354479074478,0.03691340982913971,0.05978061631321907,sig,0.35315985130111527
23,SOX,2021,kmeans_0,57,9240,9431,0.6412983536720276,0.7354158163070679,0.019733829548663328,0.02223742499473017,0.938647985458374,1.149512529373169,0.09411752223968506,0.05516967922449112,0.13322611153125763,sig,0.3684210526315789
23,SOX,2021,kmeans_1,121,9240,9431,0.24416133761405945,0.3090030550956726,0.007616408041499376,0.009460915170687742,0.5428431034088135,0.6988706588745117,0.06484173983335495,0.052862584590911865,0.07667746394872665,sig,0.1322314049586777
23,SOX,2021,kmeans_2,301,9240,9431,0.19601859152317047,0.22737504541873932,0.00675639780611281,0.007841297355344548,0.5627448558807373,0.7019450664520264,0.03135646879673004,0.02459677681326866,0.03828009217977524,sig,0.3754152823920266
64,SOX,2021,acf1_hi,240,9240,26200,0.26860371232032776,0.26092401146888733,0.009776817521388492,0.009131501905545632,0.5924601554870605,0.598691463470459,-0.007679673843085766,-0.013750584796071053,-0.0015657797921448946,sig,0.575
64,SOX,2021,acf1_lo,239,9240,26200,0.25369971990585327,0.30466338992118835,0.0072537790451964535,0.00873284329441743,0.7998287677764893,1.0585840940475464,0.050963714718818665,0.03927698731422424,0.06271744519472122,sig,0.3138075313807531
64,SOX,2021,sign_persistence_hi,191,9240,26200,0.261917382478714,0.2745802104473114,0.007260396790664364,0.007447846711137062,0.6781588792800903,0.7693878412246704,0.01266278512775898,0.0054776775650680065,0.020163381472229958,sig,0.4973821989528796
64,SOX,2021,sign_persistence_lo,288,9240,26200,0.2606697678565979,0.2881649434566498,0.00935192225666075,0.009917261398852564,0.7860970497131348,1.0265157222747803,0.027495188638567924,0.016625545918941498,0.03838067129254341,sig,0.4097222222222222
64,SOX,2021,jump_ratio_hi,116,9240,26200,0.41698309779167175,0.5013285279273987,0.012722474917302653,0.015273362471127047,0.8552597165107727,1.1553313732147217,0.08434536308050156,0.06198212876915932,0.10668408125638962,sig,0.3448275862068966
64,SOX,2021,jump_ratio_lo,363,9240,26200,0.21137483417987823,0.21289865672588348,0.0071743314229423755,0.0069063359725784566,0.5588703155517578,0.5479975938796997,0.0015238112537190318,-0.00314245349727571,0.006299036554992199,ns,0.4765840220385675
64,SOX,2021,rv_rel_hi,300,9240,26200,0.274358868598938,0.3063107430934906,0.009347135433587795,0.010162284198294198,0.7828487157821655,1.0174509286880493,0.03195188194513321,0.02174033224582672,0.04289867728948593,sig,0.44666666666666666
64,SOX,2021,rv_rel_lo,159,9240,26200,0.24124746024608612,0.24573104083538055,0.006817199238452056,0.00652016116420994,0.6075360774993896,0.7068760991096497,0.004483592696487904,-0.003095397725701332,0.012358342297375202,ns,0.4276729559748428
64,SOX,2021,structure_strong,210,9240,26200,0.20594817399978638,0.21701450645923615,0.0055796660342654425,0.0057185063300254765,0.5490370392799377,0.6387828588485718,0.011066350154578686,0.0059768990613520145,0.016059929504990578,sig,0.46190476190476193
64,SOX,2021,structure_weak,269,9240,26200,0.3042750954627991,0.334064245223999,0.010811745463715418,0.011441723700339657,0.7936115860939026,1.045077919960022,0.029789116233587265,0.018310638144612312,0.04191405698657036,sig,0.4312267657992565
64,SOX,2021,kmeans_0,57,9240,26200,0.6412983536720276,0.8113081455230713,0.019733829548663328,0.024915318650895933,0.938647985458374,1.2413619756698608,0.17000985145568848,0.13925331830978394,0.1994762122631073,sig,0.10526315789473684
64,SOX,2021,kmeans_1,121,9240,26200,0.24416133761405945,0.24010641872882843,0.007616408041499376,0.00711915274019952,0.5428431034088135,0.546556293964386,-0.004054902121424675,-0.01390852127224207,0.0063540199771523476,ns,0.5619834710743802
64,SOX,2021,kmeans_2,301,9240,26200,0.19601859152317047,0.19979692995548248,0.00675639780611281,0.006634948039971786,0.5627448558807373,0.5169355869293213,0.0037783626466989517,-0.0009071754175238311,0.00847379956394434,ns,0.46179401993355484
128,SOX,2021,acf1_hi,240,9240,52376,0.26860371232032776,0.25690948963165283,0.009776817521388492,0.009786750207395138,0.5924601554870605,0.6487266421318054,-0.01169420313090086,-0.019630789756774902,-0.004249062389135361,sig,0.6125
128,SOX,2021,acf1_lo,239,9240,52376,0.25369971990585327,0.2658722400665283,0.0072537790451964535,0.007694003605696529,0.7998287677764893,0.9839985370635986,0.012172558344900608,0.0018839534604921937,0.022374030202627182,sig,0.6150627615062761
128,SOX,2021,sign_persistence_hi,191,9240,52376,0.261917382478714,0.23910151422023773,0.007260396790664364,0.0068280332130406015,0.6781588792800903,0.6339752674102783,-0.022815918549895287,-0.031557463109493256,-0.014108134433627129,sig,0.7120418848167539
128,SOX,2021,sign_persistence_lo,288,9240,52376,0.2606697678565979,0.27615752816200256,0.00935192225666075,0.01001226586057482,0.7860970497131348,0.9425912499427795,0.01548775564879179,0.006855211220681667,0.024331683292984962,sig,0.5486111111111112
128,SOX,2021,jump_ratio_hi,116,9240,52376,0.41698309779167175,0.44872885942459106,0.012722474917302653,0.013778458679034286,0.8552597165107727,1.097484827041626,0.03174569457769394,0.011484752409160137,0.05247493088245392,sig,0.5603448275862069
128,SOX,2021,jump_ratio_lo,363,9240,52376,0.21137483417987823,0.20151294767856598,0.0071743314229423755,0.007133293952529823,0.5588703155517578,0.595915675163269,-0.009861892089247704,-0.015124591998755932,-0.004537898115813732,sig,0.6308539944903582
128,SOX,2021,rv_rel_hi,300,9240,52376,0.274358868598938,0.2859029173851013,0.009347135433587795,0.009802195269193898,0.7828487157821655,0.9422681927680969,0.011544049717485905,0.002844407921656966,0.021012265235185623,sig,0.5566666666666666
128,SOX,2021,rv_rel_lo,159,9240,52376,0.24124746024608612,0.2220822423696518,0.006817199238452056,0.006723334410702593,0.6075360774993896,0.6423501968383789,-0.019165197387337685,-0.027909740805625916,-0.010647132061421871,sig,0.7169811320754716
128,SOX,2021,structure_strong,210,9240,52376,0.20594817399978638,0.18001390993595123,0.0055796660342654425,0.004951403760220065,0.5490370392799377,0.4906073212623596,-0.02593424916267395,-0.032041288912296295,-0.019716432318091393,sig,0.7238095238095238
128,SOX,2021,structure_weak,269,9240,52376,0.3042750954627991,0.3249027132987976,0.010811745463715418,0.011702201196617431,0.7936115860939026,0.9616692066192627,0.020627601072192192,0.01060993131250143,0.03055555745959282,sig,0.5278810408921933
128,SOX,2021,kmeans_0,57,9240,52376,0.6412983536720276,0.720651388168335,0.019733829548663328,0.021902433548402038,0.938647985458374,1.131514310836792,0.07935303449630737,0.047926995903253555,0.11095420271158218,sig,0.3508771929824561
128,SOX,2021,kmeans_1,121,9240,52376,0.24416133761405945,0.23873580992221832,0.007616408041499376,0.007871872516337674,0.5428431034088135,0.5359646677970886,-0.005425519775599241,-0.01650281436741352,0.005904349032789469,ns,0.6033057851239669
128,SOX,2021,kmeans_2,301,9240,52376,0.19601859152317047,0.1835135966539383,0.00675639780611281,0.006600503736878831,0.5627448558807373,0.5970228910446167,-0.012504990212619305,-0.01839718222618103,-0.006668210495263338,sig,0.6677740863787376
23,SOX,2022,acf1_hi,240,9240,9431,0.30215880274772644,0.4102170169353485,0.010955510115470192,0.013693766350749995,0.6852431297302246,1.0647873878479004,0.10805825889110565,0.08755495399236679,0.12890677154064178,sig,0.26666666666666666
23,SOX,2022,acf1_lo,239,9240,9431,0.27508240938186646,0.40071365237236023,0.007852861105225515,0.010553668062539986,0.9503318071365356,1.1805833578109741,0.12563131749629974,0.10443685203790665,0.14596609771251678,sig,0.16317991631799164
23,SOX,2022,sign_persistence_hi,191,9240,9431,0.29001304507255554,0.49356701970100403,0.00794050602241533,0.012470129372647513,0.7476450204849243,1.2418420314788818,0.2035539597272873,0.17625437676906586,0.2297528088092804,sig,0.15706806282722513
23,SOX,2022,sign_persistence_lo,288,9240,9431,0.28774410486221313,0.34705331921577454,0.010380276324932,0.011899430142192292,0.932662844657898,1.1479299068450928,0.05930923670530319,0.0466746911406517,0.07220128178596497,sig,0.2534722222222222
23,SOX,2022,jump_ratio_hi,116,9240,9431,0.4464467167854309,0.6047937273979187,0.013783682456972986,0.01753104013994108,0.9875335097312927,1.1941864490509033,0.1583470106124878,0.126825213432312,0.18765482306480408,sig,0.2413793103448276
23,SOX,2022,jump_ratio_lo,363,9240,9431,0.23822307586669922,0.34178128838539124,0.008008950597390846,0.010400082465272424,0.6715072989463806,1.0627338886260986,0.10355817526578903,0.08680514991283417,0.12018407881259918,sig,0.2066115702479339
23,SOX,2022,rv_rel_hi,300,9240,9431,0.2995931804180145,0.3681976795196533,0.01025018756535875,0.012176998170507,0.9277299642562866,1.1284040212631226,0.06860452145338058,0.05496886372566223,0.08248353004455566,sig,0.23666666666666666
23,SOX,2022,rv_rel_lo,159,9240,9431,0.27641621232032776,0.4808945059776306,0.007788545447240191,0.011578400945157843,0.7413743138313293,1.2988523244857788,0.20447830855846405,0.17348556220531464,0.23567208647727966,sig,0.20125786163522014
23,SOX,2022,structure_strong,210,9240,9431,0.23046179115772247,0.40510064363479614,0.006140033067448478,0.010212625613508735,0.6987482905387878,1.2153024673461914,0.17463888227939606,0.1512259989976883,0.19812239706516266,sig,0.10476190476190476
23,SOX,2022,structure_weak,269,9240,9431,0.33407366275787354,0.4057677686214447,0.011958175790697263,0.013621484060558443,0.9378789663314819,1.1628910303115845,0.07169408351182938,0.05536046624183655,0.08776304125785828,sig,0.30111524163568776
23,SOX,2022,kmeans_0,57,9240,9431,0.6976892948150635,0.7863709330558777,0.021533904946407396,0.023650331354136012,1.028488278388977,1.2061889171600342,0.08868157118558884,0.04581592604517937,0.1298995465040207,sig,0.3684210526315789
23,SOX,2022,kmeans_1,121,9240,9431,0.27047932147979736,0.4612140953540802,0.008445750539798772,0.012046576197625015,0.6726014018058777,1.0032649040222168,0.19073480367660522,0.15696939826011658,0.22406646609306335,sig,0.2975206611570248
23,SOX,2022,kmeans_2,301,9240,9431,0.21849338710308075,0.3109389543533325,0.007497634001996248,0.009977162737636798,0.6599351167678833,0.9802010655403137,0.09244553744792938,0.07698971033096313,0.10864125937223434,sig,0.15282392026578073
64,SOX,2022,acf1_hi,240,9240,26200,0.30215880274772644,0.30020344257354736,0.010955510115470192,0.010036322858252953,0.6852431297302246,0.7806330323219299,-0.0019553382880985737,-0.014524160884320736,0.01055433601140976,ns,0.42083333333333334
64,SOX,2022,acf1_lo,239,9240,26200,0.27508240938186646,0.3380700945854187,0.007852861105225515,0.009422324857857562,0.9503318071365356,1.1008892059326172,0.06298767775297165,0.05294009670615196,0.07292913645505905,sig,0.16317991631799164
64,SOX,2022,sign_persistence_hi,191,9240,26200,0.29001304507255554,0.34035593271255493,0.00794050602241533,0.008810818464817027,0.7476450204849243,0.9567597508430481,0.05034289509057999,0.03766435384750366,0.0619734488427639,sig,0.24607329842931938
64,SOX,2022,sign_persistence_lo,288,9240,26200,0.28774410486221313,0.3049985468387604,0.010380276324932,0.010339537500793803,0.932662844657898,1.0884815454483032,0.01725444756448269,0.005902228876948357,0.028321102261543274,sig,0.3229166666666667
64,SOX,2022,jump_ratio_hi,116,9240,26200,0.4464467167854309,0.5361312627792358,0.013783682456972986,0.01610842925075964,0.9875335097312927,1.1681935787200928,0.08968457579612732,0.07286516577005386,0.10561135411262512,sig,0.11206896551724138
64,SOX,2022,jump_ratio_lo,363,9240,26200,0.23822307586669922,0.24974197149276733,0.008008950597390846,0.0076916675865579855,0.6715072989463806,0.7687485218048096,0.011518897488713264,0.0022732624784111977,0.02036876417696476,sig,0.349862258953168
64,SOX,2022,rv_rel_hi,300,9240,26200,0.2995931804180145,0.32622405886650085,0.01025018756535875,0.010725168739177067,0.9277299642562866,1.087157964706421,0.026630906388163567,0.016057219356298447,0.03712562844157219,sig,0.3333333333333333
64,SOX,2022,rv_rel_lo,159,9240,26200,0.27641621232032776,0.31474098563194275,0.007788545447240191,0.0077414206365886236,0.7413743138313293,0.9384682774543762,0.0383247546851635,0.021559331566095352,0.05495031550526619,sig,0.2389937106918239
64,SOX,2022,structure_strong,210,9240,26200,0.23046179115772247,0.2737116813659668,0.006140033067448478,0.006932399013226192,0.6987482905387878,0.8457432389259338,0.043249890208244324,0.03336450085043907,0.05259895324707031,sig,0.24285714285714285
64,SOX,2022,structure_weak,269,9240,26200,0.33407366275787354,0.3545283079147339,0.011958175790697263,0.011913938045469018,0.9378789663314819,1.0948835611343384,0.02045462839305401,0.007503209635615349,0.03337249532341957,sig,0.3308550185873606
64,SOX,2022,kmeans_0,57,9240,26200,0.6976892948150635,0.8185102939605713,0.021533904946407396,0.0250468724949163,1.028488278388977,1.2462862730026245,0.1208210438489914,0.09845618158578873,0.14163149893283844,sig,0.05263157894736842
64,SOX,2022,kmeans_1,121,9240,26200,0.27047932147979736,0.2985587418079376,0.008445750539798772,0.008210641279280449,0.6726014018058777,0.7576339244842529,0.028079435229301453,0.00919902604073286,0.046633534133434296,sig,0.35537190082644626
64,SOX,2022,kmeans_2,301,9240,26200,0.21849338710308075,0.2327803075313568,0.007497634001996248,0.007440178737559811,0.6599351167678833,0.7021915316581726,0.01428691390901804,0.0045843725092709064,0.02358837239444256,sig,0.3122923588039867
128,SOX,2022,acf1_hi,240,9240,52376,0.30215880274772644,0.26366063952445984,0.010955510115470192,0.009664949813336413,0.6852431297302246,0.6324429512023926,-0.038498155772686005,-0.04393567144870758,-0.033467501401901245,sig,0.8291666666666667
128,SOX,2022,acf1_lo,239,9240,52376,0.27508240938186646,0.28810572624206543,0.007852861105225515,0.008257470196554656,0.9503318071365356,1.0805344581604004,0.013023359701037407,0.0036139613948762417,0.022593149915337563,sig,0.5606694560669456
128,SOX,2022,sign_persistence_hi,191,9240,52376,0.29001304507255554,0.2580341398715973,0.00794050602241533,0.007137714082744467,0.7476450204849243,0.7129537463188171,-0.031978901475667953,-0.03991447016596794,-0.023867545649409294,sig,0.7696335078534031
128,SOX,2022,sign_persistence_lo,288,9240,52376,0.28774410486221313,0.2876781225204468,0.010380276324932,0.01017298591101774,0.932662844657898,1.0706803798675537,-6.598565232707188e-05,-0.00782056711614132,0.00772432517260313,ns,0.6458333333333334
128,SOX,2022,jump_ratio_hi,116,9240,52376,0.4464467167854309,0.4821822941303253,0.013783682456972986,0.014715867725355238,0.9875335097312927,1.1779669523239136,0.0357355959713459,0.01933162473142147,0.052452754229307175,sig,0.4827586206896552
128,SOX,2022,jump_ratio_lo,363,9240,52376,0.23822307586669922,0.20992474257946014,0.008008950597390846,0.00712419469982395,0.6715072989463806,0.5869045257568359,-0.028298353776335716,-0.03283000737428665,-0.02384062483906746,sig,0.7630853994490359
128,SOX,2022,rv_rel_hi,300,9240,52376,0.2995931804180145,0.29981908202171326,0.01025018756535875,0.010134558618315654,0.9277299642562866,1.0625144243240356,0.00022592068125959486,-0.007679740898311138,0.008295797742903233,ns,0.6466666666666666
128,SOX,2022,rv_rel_lo,159,9240,52376,0.27641621232032776,0.2379617542028427,0.007788545447240191,0.006701623153766655,0.7413743138313293,0.6537874341011047,-0.03845446929335594,-0.046712856739759445,-0.030289391055703163,sig,0.7924528301886793
128,SOX,2022,structure_strong,210,9240,52376,0.23046179115772247,0.19950731098651886,0.006140033067448478,0.0053245018436959635,0.6987482905387878,0.5812957286834717,-0.030954472720623016,-0.037321560084819794,-0.024606039747595787,sig,0.780952380952381
128,SOX,2022,structure_weak,269,9240,52376,0.33407366275787354,0.3354620337486267,0.011958175790697263,0.011802891988851857,0.9378789663314819,1.076781988143921,0.0013883464271202683,-0.006888851523399353,0.010073306038975716,ns,0.6282527881040892
128,SOX,2022,kmeans_0,57,9240,52376,0.6976892948150635,0.7743874192237854,0.021533904946407396,0.023519554139515404,1.028488278388977,1.2423003911972046,0.07669811695814133,0.051252592355012894,0.10157391428947449,sig,0.2982456140350877
128,SOX,2022,kmeans_1,121,9240,52376,0.27047932147979736,0.24667130410671234,0.008445750539798772,0.007741189163346504,0.6726014018058777,0.5337615609169006,-0.023808009922504425,-0.03520365431904793,-0.012493577785789967,sig,0.71900826446281
128,SOX,2022,kmeans_2,301,9240,52376,0.21849338710308075,0.19318442046642303,0.007497634001996248,0.006697092549700988,0.6599351167678833,0.5981345772743225,-0.025308961048722267,-0.029589468613266945,-0.021057749167084694,sig,0.760797342192691
23,SOX,2023,acf1_hi,240,9240,9431,0.287820965051651,0.42152783274650574,0.010096121050054164,0.013874258443793976,0.6830145716667175,1.1299240589141846,0.13370686769485474,0.1142045184969902,0.15435634553432465,sig,0.20833333333333334
23,SOX,2023,acf1_lo,239,9240,9431,0.2683744430541992,0.40569382905960083,0.0075936507020699165,0.010573413783259248,0.8322134017944336,1.168650507926941,0.1373194009065628,0.11360056698322296,0.16088183224201202,sig,0.21338912133891214
23,SOX,2023,sign_persistence_hi,191,9240,9431,0.2920812666416168,0.5172030329704285,0.007840126201010992,0.012964575220058443,0.7775471210479736,1.3182047605514526,0.22512172162532806,0.19473253190517426,0.25369226932525635,sig,0.1518324607329843
23,SOX,2023,sign_persistence_lo,288,9240,9431,0.2688576579093933,0.3449365794658661,0.009515581477134062,0.011738312686383166,0.821711540222168,1.130252718925476,0.07607894390821457,0.06233680620789528,0.09019365161657333,sig,0.25
23,SOX,2023,jump_ratio_hi,116,9240,9431,0.4362207055091858,0.60739666223526,0.01321001010424605,0.017598492497289335,0.9131101369857788,1.1687912940979004,0.1711760014295578,0.13912959396839142,0.20205813646316528,sig,0.23275862068965517
23,SOX,2023,jump_ratio_lo,363,9240,9431,0.22759483754634857,0.3517065942287445,0.007453417073595503,0.010510861683261574,0.63820880651474,1.1287734508514404,0.12411173433065414,0.10653863102197647,0.14184299111366272,sig,0.20385674931129477
23,SOX,2023,rv_rel_hi,300,9240,9431,0.2849540114402771,0.3689071834087372,0.009602397325839425,0.012139694505966716,0.8181255459785461,1.121212363243103,0.08395315706729889,0.06883621215820312,0.09890245646238327,sig,0.26
23,SOX,2023,rv_rel_lo,159,9240,9431,0.27139440178871155,0.502439558506012,0.0072920366548087385,0.011868997188331945,0.7267615795135498,1.3614424467086792,0.23104515671730042,0.19955898821353912,0.2639378011226654,sig,0.14465408805031446
23,SOX,2023,structure_strong,210,9240,9431,0.2331535667181015,0.4243084788322449,0.006131733998409026,0.010620247550606343,0.688560962677002,1.2756984233856201,0.19115492701530457,0.16496619582176208,0.21723662316799164,sig,0.14285714285714285
23,SOX,2023,structure_weak,269,9240,9431,0.31322038173675537,0.4052889347076416,0.010967611264467709,0.013481843624840829,0.8239404559135437,1.1499407291412354,0.09206856042146683,0.07522851228713989,0.10929539799690247,sig,0.26394052044609667
23,SOX,2023,kmeans_0,57,9240,9431,0.6649495959281921,0.767844021320343,0.02043782086711591,0.023178714842236388,0.9247398972511292,1.1770861148834229,0.10289444029331207,0.053617656230926514,0.15238676965236664,sig,0.42105263157894735
23,SOX,2023,kmeans_1,121,9240,9431,0.260707825422287,0.47916799783706665,0.007827691588798086,0.01227235604283906,0.6227933764457703,1.093593955039978,0.21846020221710205,0.18282616138458252,0.25363993644714355,sig,0.2396694214876033
23,SOX,2023,kmeans_2,301,9240,9431,0.2118629813194275,0.32020288705825806,0.007062608299460245,0.010135302636274133,0.5974646210670471,1.0208839178085327,0.10833991318941116,0.09214182198047638,0.12574677169322968,sig,0.15946843853820597
64,SOX,2023,acf1_hi,240,9240,26200,0.287820965051651,0.24847103655338287,0.010096121050054164,0.00961589149864504,0.6830145716667175,0.5792707204818726,-0.039349932223558426,-0.05579299479722977,-0.0233815498650074,sig,0.5333333333333333
64,SOX,2023,acf1_lo,239,9240,26200,0.2683744430541992,0.26942697167396545,0.0075936507020699165,0.00788359369921322,0.8322134017944336,0.9751001596450806,0.001052520819939673,-0.0098159434273839,0.012138383463025093,ns,0.5774058577405857
64,SOX,2023,sign_persistence_hi,191,9240,26200,0.2920812666416168,0.22881463170051575,0.007840126201010992,0.006673830522917173,0.7775471210479736,0.5507057309150696,-0.06326666474342346,-0.08249011635780334,-0.04416925087571144,sig,0.7172774869109948
64,SOX,2023,sign_persistence_lo,288,9240,26200,0.2688576579093933,0.27889758348464966,0.009515581477134062,0.010129483416352739,0.821711540222168,0.9632647037506104,0.01003993395715952,4.758138311444782e-05,0.019530968740582466,sig,0.4479166666666667
64,SOX,2023,jump_ratio_hi,116,9240,26200,0.4362207055091858,0.4421113133430481,0.01321001010424605,0.013648501013361016,0.9131101369857788,1.112183928489685,0.005890608765184879,-0.014604700729250908,0.028361354023218155,ns,0.5258620689655172
64,SOX,2023,jump_ratio_lo,363,9240,26200,0.22759483754634857,0.20038892328739166,0.007453417073595503,0.007186685223793087,0.63820880651474,0.5446861982345581,-0.027205901220440865,-0.03847331553697586,-0.01597021333873272,sig,0.5647382920110193
64,SOX,2023,rv_rel_hi,300,9240,26200,0.2849540114402771,0.2907305955886841,0.009602397325839425,0.010031551331476662,0.8181255459785461,0.9586085677146912,0.00577656039968133,-0.005039780400693417,0.017682524397969246,ns,0.5133333333333333
64,SOX,2023,rv_rel_lo,159,9240,26200,0.27139440178871155,0.2102794498205185,0.0072920366548087385,0.006518491852304567,0.7267615795135498,0.5404887795448303,-0.06111491844058037,-0.08112937211990356,-0.042435191571712494,sig,0.5786163522012578
64,SOX,2023,structure_strong,210,9240,26200,0.2331535667181015,0.1700248420238495,0.006131733998409026,0.004762279639107203,0.688560962677002,0.4416816532611847,-0.06312873214483261,-0.07852791994810104,-0.047711391001939774,sig,0.7428571428571429
64,SOX,2023,structure_weak,269,9240,26200,0.31322038173675537,0.32833045721054077,0.010967611264467709,0.011865851782803928,0.8239404559135437,0.9704916477203369,0.015110045671463013,0.0034458276350051165,0.0263975802809,sig,0.40892193308550184
64,SOX,2023,kmeans_0,57,9240,26200,0.6649495959281921,0.7132159471511841,0.02043782086711591,0.021828145026555855,0.9247398972511292,1.167967438697815,0.04826638102531433,0.018794015049934387,0.07719285786151886,sig,0.3684210526315789
64,SOX,2023,kmeans_1,121,9240,26200,0.260707825422287,0.237765371799469,0.007827691588798086,0.007902586492267005,0.6227933764457703,0.545024037361145,-0.022942472249269485,-0.042497191578149796,-0.004876949358731508,sig,0.5371900826446281
64,SOX,2023,kmeans_2,301,9240,26200,0.2118629813194275,0.1814059168100357,0.007062608299460245,0.006616530304680323,0.5974646210670471,0.5399848818778992,-0.030457062646746635,-0.042875971645116806,-0.018592339009046555,sig,0.5980066445182725
128,SOX,2023,acf1_hi,240,9240,52376,0.287820965051651,0.2277485579252243,0.010096121050054164,0.008730254166537194,0.6830145716667175,0.5414748787879944,-0.060072433203458786,-0.07474828511476517,-0.04576136916875839,sig,0.6208333333333333
128,SOX,2023,acf1_lo,239,9240,52376,0.2683744430541992,0.24699708819389343,0.0075936507020699165,0.0072902012475359376,0.8322134017944336,0.928941011428833,-0.021377377212047577,-0.03201214224100113,-0.010913894511759281,sig,0.7196652719665272
128,SOX,2023,sign_persistence_hi,191,9240,52376,0.2920812666416168,0.20511503517627716,0.007840126201010992,0.005997147311674217,0.7775471210479736,0.5295759439468384,-0.08696623146533966,-0.10510703176259995,-0.06874477118253708,sig,0.7958115183246073
128,SOX,2023,sign_persistence_lo,288,9240,52376,0.2688576579093933,0.25873255729675293,0.009515581477134062,0.009347791533334168,0.821711540222168,0.89444500207901,-0.010125097818672657,-0.018542589619755745,-0.0019390775123611093,sig,0.5868055555555556
128,SOX,2023,jump_ratio_hi,116,9240,52376,0.4362207055091858,0.4202651083469391,0.01321001010424605,0.013010538300342255,0.9131101369857788,1.079131007194519,-0.015955621376633644,-0.03452764078974724,0.004282036330550909,ns,0.6551724137931034
128,SOX,2023,jump_ratio_lo,363,9240,52376,0.22759483754634857,0.17890137434005737,0.007453417073595503,0.006414315854794254,0.63820880651474,0.5177884697914124,-0.0486934594810009,-0.05901224911212921,-0.03832685574889183,sig,0.6749311294765841
128,SOX,2023,rv_rel_hi,300,9240,52376,0.2849540114402771,0.27060362696647644,0.009602397325839425,0.00927886992258833,0.8181255459785461,0.8908554911613464,-0.014350378885865211,-0.023784872144460678,-0.003952492959797382,sig,0.61
128,SOX,2023,rv_rel_lo,159,9240,52376,0.27139440178871155,0.18502146005630493,0.0072920366548087385,0.0057929970236873865,0.7267615795135498,0.5259599685668945,-0.08637291193008423,-0.10550455749034882,-0.06871102750301361,sig,0.7421383647798742
128,SOX,2023,structure_strong,210,9240,52376,0.2331535667181015,0.14873184263706207,0.006131733998409026,0.0041290586271857084,0.688560962677002,0.43400195240974426,-0.08442172408103943,-0.09893067926168442,-0.07010041177272797,sig,0.819047619047619
128,SOX,2023,structure_weak,269,9240,52376,0.31322038173675537,0.30653631687164307,0.010967611264467709,0.011042813332420135,0.8239404559135437,0.9020401835441589,-0.006684081628918648,-0.01684529334306717,0.003569177584722638,ns,0.5539033457249071
128,SOX,2023,kmeans_0,57,9240,52376,0.6649495959281921,0.7000911831855774,0.02043782086711591,0.021414556772705994,0.9247398972511292,1.1150107383728027,0.035141583532094955,0.013632990419864655,0.057054609060287476,sig,0.43859649122807015
128,SOX,2023,kmeans_1,121,9240,52376,0.260707825422287,0.20304031670093536,0.007827691588798086,0.006950115828013664,0.6227933764457703,0.5189879536628723,-0.05766751244664192,-0.07738228887319565,-0.03918158635497093,sig,0.7107438016528925
128,SOX,2023,kmeans_2,301,9240,52376,0.2118629813194275,0.16351786255836487,0.007062608299460245,0.0059004164348708315,0.5974646210670471,0.5131750702857971,-0.048345115035772324,-0.05945219099521637,-0.0377410463988781,sig,0.6976744186046512
23,DJI,2021,acf1_hi,405,9240,9431,0.08416733890771866,0.10105125606060028,0.0014671423780873176,0.001825112940953787,0.2021036446094513,0.39249107241630554,0.016883913427591324,0.009992385283112526,0.024165645241737366,sig,0.5160493827160494
23,DJI,2021,acf1_lo,74,9240,9431,0.08890687674283981,0.07019425928592682,0.0012502133570491646,0.0009903192011276676,0.19634568691253662,0.15894992649555206,-0.018712610006332397,-0.021998411044478416,-0.015697214752435684,sig,0.9459459459459459
23,DJI,2021,sign_persistence_hi,219,9240,9431,0.06805143505334854,0.07648123055696487,0.0011981693288707327,0.0013901442103454297,0.12905380129814148,0.19336886703968048,0.008429807610809803,0.004298088140785694,0.012752694077789783,sig,0.4931506849315068
23,DJI,2021,sign_persistence_lo,260,9240,9431,0.09909083694219589,0.11296439170837402,0.0016319591097088894,0.001953895307323392,0.21294566988945007,0.43989211320877075,0.013873554766178131,0.0036360968369990587,0.02470976673066616,sig,0.6576923076923077
23,DJI,2021,jump_ratio_hi,188,9240,9431,0.10143300145864487,0.1092211976647377,0.001640051626771018,0.0018369882434419278,0.2147759646177292,0.3282240927219391,0.007788190618157387,-0.002007455797865987,0.0185418501496315,ns,0.574468085106383
23,DJI,2021,jump_ratio_lo,291,9240,9431,0.07421813160181046,0.08792628347873688,0.0013002706038283522,0.0016051566055073838,0.18540403246879578,0.31145524978637695,0.013708153739571571,0.0066622402518987656,0.021522754803299904,sig,0.5876288659793815
23,DJI,2021,rv_rel_hi,359,9240,9431,0.08961134403944016,0.1031675711274147,0.001530047475065914,0.0018242594139999822,0.20869211852550507,0.3978523910045624,0.013556236401200294,0.006164185237139463,0.02181648090481758,sig,0.5793871866295265
23,DJI,2021,rv_rel_lo,100,9240,9431,0.06210014224052429,0.05210498720407486,0.0009028947397950415,0.0007775076257330389,0.10670486837625504,0.08986371755599976,-0.009995151311159134,-0.01274927519261837,-0.007199970073997974,sig,0.71
23,DJI,2021,structure_strong,277,9240,9431,0.06682450324296951,0.07032061368227005,0.0011488080941465446,0.0012571998824435552,0.12458594143390656,0.19336991012096405,0.0034961162600666285,-0.0008087577880360186,0.008590596728026867,ns,0.6101083032490975
23,DJI,2021,structure_weak,202,9240,9431,0.10968561470508575,0.13188773393630981,0.0018242010369723214,0.0022980692798656747,0.21624162793159485,0.4455649256706238,0.02220211923122406,0.009848713874816895,0.03580566495656967,sig,0.5445544554455446
23,DJI,2021,kmeans_1,27,9240,9431,0.06427603214979172,0.10400991141796112,0.00115623281299108,0.0019266691654108029,0.11859837174415588,0.365359902381897,0.03973388671875,0.011765868403017521,0.0746966302394867,sig,0.2222222222222222
23,DJI,2021,kmeans_2,447,9240,9431,0.08626744151115417,0.0941152349114418,0.001450683310544669,0.0016479565941288285,0.20644044876098633,0.3043462634086609,0.007847792468965054,0.0021022730506956577,0.01376617792993784,sig,0.610738255033557
64,DJI,2021,acf1_hi,405,9240,26200,0.08416733890771866,0.10352538526058197,0.0014671423780873176,0.001845370246954994,0.2021036446094513,0.30185553431510925,0.01935804821550846,0.014586404897272587,0.024415142834186554,sig,0.3234567901234568
64,DJI,2021,acf1_lo,74,9240,26200,0.08890687674283981,0.10391689091920853,0.0012502133570491646,0.0014583354950026737,0.19634568691253662,0.16179539263248444,0.015010016970336437,0.010369852185249329,0.019070938229560852,sig,0.14864864864864866
64,DJI,2021,sign_persistence_hi,219,9240,26200,0.06805143505334854,0.09049045294523239,0.0011981693288707327,0.0016221965139148792,0.12905380129814148,0.1888170838356018,0.022439019754529,0.018949640914797783,0.026010746136307716,sig,0.1598173515981735
64,DJI,2021,sign_persistence_lo,260,9240,26200,0.09909083694219589,0.11461624503135681,0.0016319591097088894,0.001923195154229277,0.21294566988945007,0.344821035861969,0.015525403432548046,0.008732992224395275,0.022683769464492798,sig,0.4115384615384615
64,DJI,2021,jump_ratio_hi,188,9240,26200,0.10143300145864487,0.10896909236907959,0.001640051626771018,0.0017857969503349347,0.2147759646177292,0.23700252175331116,0.007536088116466999,0.0010151657043024898,0.014313421212136745,sig,0.39893617021276595
64,DJI,2021,jump_ratio_lo,291,9240,26200,0.07421813160181046,0.10010804980993271,0.0013002706038283522,0.0017854362542405592,0.18540403246879578,0.26666322350502014,0.025889918208122253,0.020782168954610825,0.031550031155347824,sig,0.23024054982817868
64,DJI,2021,rv_rel_hi,359,9240,26200,0.08961134403944016,0.10585064440965652,0.001530047475065914,0.0018448424561688449,0.20869211852550507,0.31002989411354065,0.016239292919635773,0.011063065379858017,0.021892361342906952,sig,0.362116991643454
64,DJI,2021,rv_rel_lo,100,9240,26200,0.06210014224052429,0.07848553359508514,0.0009028947397950415,0.0011523884821092111,0.10670486837625504,0.1307872235774994,0.0163853969424963,0.01366278063505888,0.01903526671230793,sig,0.12
64,DJI,2021,structure_strong,277,9240,26200,0.06682450324296951,0.08551025390625,0.0011488080941465446,0.001493743782336671,0.12458594143390656,0.18827417492866516,0.018685750663280487,0.015227771364152431,0.022455619648098946,sig,0.24187725631768953
64,DJI,2021,structure_weak,202,9240,26200,0.10968561470508575,0.12837274372577667,0.0018242010369723214,0.0021857660838599637,0.21624162793159485,0.38622093200683594,0.018687117844820023,0.010196158662438393,0.027698872610926628,sig,0.3712871287128713
64,DJI,2021,kmeans_1,27,9240,26200,0.06427603214979172,0.10216857492923737,0.00115623281299108,0.0018719534613903402,0.11859837174415588,0.2600789964199066,0.037892550230026245,0.022444551810622215,0.05698450654745102,sig,0.0
64,DJI,2021,kmeans_2,447,9240,26200,0.08626744151115417,0.10296731442213058,0.001450683310544669,0.0017645215826983082,0.20644044876098633,0.2370033860206604,0.01669986918568611,0.012438115663826466,0.02097521908581257,sig,0.31767337807606266
128,DJI,2021,acf1_hi,405,9240,52376,0.08416733890771866,0.1298670619726181,0.0014671423780873176,0.0023400466922250075,0.2021036446094513,0.37232425808906555,0.04569971561431885,0.03734704479575157,0.05426512286067009,sig,0.3530864197530864
128,DJI,2021,acf1_lo,74,9240,52376,0.08890687674283981,0.13005506992340088,0.0012502133570491646,0.001822158822507949,0.19634568691253662,0.20954228937625885,0.04114818200469017,0.029653050005435944,0.05145232006907463,sig,0.12162162162162163
128,DJI,2021,sign_persistence_hi,219,9240,52376,0.06805143505334854,0.1272038221359253,0.0011981693288707327,0.0023029811510521824,0.12905380129814148,0.2829188406467438,0.059152401983737946,0.05102352052927017,0.06734200567007065,sig,0.2054794520547945
128,DJI,2021,sign_persistence_lo,260,9240,52376,0.09909083694219589,0.13216382265090942,0.0016319591097088894,0.0022238684274472624,0.21294566988945007,0.45692044496536255,0.033072974532842636,0.021768901497125626,0.04460756853222847,sig,0.4115384615384615
128,DJI,2021,jump_ratio_hi,188,9240,52376,0.10143300145864487,0.12480379641056061,0.001640051626771018,0.002053581624514833,0.2147759646177292,0.31962934136390686,0.023370793089270592,0.01160365715622902,0.03519163653254509,sig,0.40425531914893614
128,DJI,2021,jump_ratio_lo,291,9240,52376,0.07421813160181046,0.1331859678030014,0.0013002706038283522,0.0023934203361097167,0.18540403246879578,0.35846054553985596,0.05896783992648125,0.04963751137256622,0.06866266578435898,sig,0.2611683848797251
128,DJI,2021,rv_rel_hi,359,9240,52376,0.08961134403944016,0.12844368815422058,0.001530047475065914,0.0022615591139619542,0.20869211852550507,0.38378697633743286,0.038832344114780426,0.029788054525852203,0.0485379621386528,sig,0.3788300835654596
128,DJI,2021,rv_rel_lo,100,9240,52376,0.06210014224052429,0.10538499057292938,0.0009028947397950415,0.0015558396908417012,0.10670486837625504,0.20833614468574524,0.04328484460711479,0.03649270907044411,0.05028288811445236,sig,0.16
128,DJI,2021,structure_strong,277,9240,52376,0.06682450324296951,0.11517184227705002,0.0011488080941465446,0.0020333449279702287,0.12458594143390656,0.2829602062702179,0.04834733530879021,0.04099021852016449,0.0564105287194252,sig,0.2743682310469314
128,DJI,2021,structure_weak,202,9240,52376,0.10968561470508575,0.15008728206157684,0.0018242010369723214,0.0025709015750938753,0.21624162793159485,0.4835963845252991,0.04040166735649109,0.026385750621557236,0.05536888167262077,sig,0.37623762376237624
128,DJI,2021,kmeans_1,27,9240,52376,0.06427603214979172,0.14930292963981628,0.00115623281299108,0.0027341777192117166,0.11859837174415588,0.36910220980644226,0.08502689003944397,0.05894220247864723,0.11589589715003967,sig,0.0
128,DJI,2021,kmeans_2,447,9240,52376,0.08626744151115417,0.12711811065673828,0.001450683310544669,0.0021984505306491403,0.20644044876098633,0.2997097969055176,0.040850680321455,0.033359888941049576,0.04826724901795387,sig,0.3400447427293065
23,DJI,2022,acf1_hi,405,9240,9431,0.07927422970533371,0.120718814432621,0.0013808362372574481,0.002105553229566469,0.18830981850624084,0.2643173635005951,0.04144458472728729,0.037538234144449234,0.04515177384018898,sig,0.1037037037037037
23,DJI,2022,acf1_lo,74,9240,9431,0.08152975887060165,0.16483791172504425,0.0011448447234797712,0.002295978642506675,0.1999576985836029,0.23887287080287933,0.0833081603050232,0.07908853143453598,0.08722301572561264,sig,0.0
23,DJI,2022,sign_persistence_hi,219,9240,9431,0.06182314455509186,0.10805283486843109,0.0010819544361957768,0.001906686403083488,0.12652869522571564,0.2040320336818695,0.046229686588048935,0.04201614856719971,0.05044060945510864,sig,0.0365296803652968
23,DJI,2022,sign_persistence_lo,260,9240,9431,0.09461536258459091,0.14394442737102509,0.0015654198619226706,0.002327258289402424,0.21613062918186188,0.3030810058116913,0.049329083412885666,0.044001709669828415,0.054436635226011276,sig,0.13076923076923078
23,DJI,2022,jump_ratio_hi,188,9240,9431,0.09678424894809723,0.13790586590766907,0.001567564385631011,0.0022086684937690482,0.19561617076396942,0.2632383108139038,0.04112163931131363,0.03524336963891983,0.04702893644571304,sig,0.14361702127659576
23,DJI,2022,jump_ratio_lo,291,9240,9431,0.06853549182415009,0.12083443254232407,0.0012001892822272832,0.002087360139832759,0.17528599500656128,0.24117687344551086,0.05229894816875458,0.047883979976177216,0.05655719339847565,sig,0.05154639175257732
23,DJI,2022,rv_rel_hi,359,9240,9431,0.08519846946001053,0.12570451200008392,0.001455462570306038,0.002142409220965889,0.19873207807540894,0.2856907844543457,0.040506042540073395,0.03649083524942398,0.044402316212654114,sig,0.116991643454039
23,DJI,2022,rv_rel_lo,100,9240,9431,0.05602395534515381,0.1207253485918045,0.0008134176521237984,0.0017354975632671472,0.0944543406367302,0.18908077478408813,0.06470140069723129,0.057652510702610016,0.07155890017747879,sig,0.0
23,DJI,2022,structure_strong,277,9240,9431,0.06074997037649155,0.11076232045888901,0.0010408685964443428,0.001878478234713956,0.1121695265173912,0.1973748505115509,0.05001236870884895,0.04566936939954758,0.05421420559287071,sig,0.05415162454873646
23,DJI,2022,structure_weak,202,9240,9431,0.10550259053707123,0.1505344659090042,0.0017605771505529038,0.0024866980520007334,0.21825119853019714,0.3121892809867859,0.04503186419606209,0.03925308585166931,0.05095401033759117,sig,0.13366336633663367
23,DJI,2022,kmeans_1,27,9240,9431,0.05844293162226677,0.10870016366243362,0.0010517252818886907,0.0019423129660352965,0.12146556377410889,0.21411031484603882,0.050257228314876556,0.0375208742916584,0.0627092570066452,sig,0.0
23,DJI,2022,kmeans_2,447,9240,9431,0.08101359754800797,0.12865863740444183,0.001362396472514879,0.0021431185023145986,0.19157204031944275,0.2643081545829773,0.04764503985643387,0.04407576844096184,0.05116783455014229,sig,0.09395973154362416
64,DJI,2022,acf1_hi,405,9240,26200,0.07927422970533371,0.11550310254096985,0.0013808362372574481,0.002021360512272982,0.18830981850624084,0.2531713545322418,0.036228861659765244,0.03198402374982834,0.040419019758701324,sig,0.20493827160493827
64,DJI,2022,acf1_lo,74,9240,26200,0.08152975887060165,0.15318270027637482,0.0011448447234797712,0.002138464902499237,0.1999576985836029,0.2290044128894806,0.07165296375751495,0.0669616311788559,0.07613074779510498,sig,0.0
64,DJI,2022,sign_persistence_hi,219,9240,26200,0.06182314455509186,0.10978011041879654,0.0010819544361957768,0.0019428007326588788,0.12652869522571564,0.2076537013053894,0.047956954687833786,0.042894382029771805,0.05288548767566681,sig,0.091324200913242
64,DJI,2022,sign_persistence_lo,260,9240,26200,0.09461536258459091,0.1310478001832962,0.0015654198619226706,0.002120861730012335,0.21613062918186188,0.27487534284591675,0.03643244504928589,0.030800670385360718,0.04166262224316597,sig,0.2423076923076923
64,DJI,2022,jump_ratio_hi,188,9240,26200,0.09678424894809723,0.12657764554023743,0.001567564385631011,0.0020278041317837673,0.19561617076396942,0.24717894196510315,0.029793400317430496,0.02318236231803894,0.03628150373697281,sig,0.2765957446808511
64,DJI,2022,jump_ratio_lo,291,9240,26200,0.06853549182415009,0.11793017387390137,0.0012001892822272832,0.0020469767473544785,0.17528599500656128,0.2552632689476013,0.049394674599170685,0.04501369595527649,0.053716111928224564,sig,0.10652920962199312
64,DJI,2022,rv_rel_hi,359,9240,26200,0.08519846946001053,0.11937431246042252,0.001455462570306038,0.0020389034735882093,0.19873207807540894,0.2641943097114563,0.03417583182454109,0.02970203571021557,0.03863289952278137,sig,0.22284122562674094
64,DJI,2022,rv_rel_lo,100,9240,26200,0.05602395534515381,0.11212589591741562,0.0008134176521237984,0.0016158505825928779,0.0944543406367302,0.18497762084007263,0.05610194057226181,0.04946272075176239,0.0623944066464901,sig,0.03
64,DJI,2022,structure_strong,277,9240,26200,0.06074997037649155,0.10888040065765381,0.0010408685964443428,0.0018608574245186549,0.1121695265173912,0.2027685046195984,0.048130426555871964,0.04361608624458313,0.052533186972141266,sig,0.11191335740072202
64,DJI,2022,structure_weak,202,9240,26200,0.10550259053707123,0.13838814198970795,0.0017605771505529038,0.0022843559587318522,0.21825119853019714,0.28340110182762146,0.03288555145263672,0.02657134085893631,0.039104264229536057,sig,0.25742574257425743
64,DJI,2022,kmeans_1,27,9240,26200,0.05844293162226677,0.11292058229446411,0.0010517252818886907,0.0020289526151225233,0.12146556377410889,0.20818321406841278,0.05447766184806824,0.041477020829916,0.0671691820025444,sig,0.0
64,DJI,2022,kmeans_2,447,9240,26200,0.08101359754800797,0.1216631531715393,0.001362396472514879,0.0020332780255133734,0.19157204031944275,0.2511693835258484,0.04064955562353134,0.03680777549743652,0.04438281059265137,sig,0.18568232662192394
128,DJI,2022,acf1_hi,405,9240,52376,0.07927422970533371,0.08787301927804947,0.0013808362372574481,0.0015674730888594465,0.18830981850624084,0.3008548319339752,0.00859878957271576,0.004191409796476364,0.013187004253268242,sig,0.4740740740740741
128,DJI,2022,acf1_lo,74,9240,52376,0.08152975887060165,0.07401593774557114,0.0011448447234797712,0.0010441726285443317,0.1999576985836029,0.18039041757583618,-0.007513819728046656,-0.009903427213430405,-0.005170272197574377,sig,0.7567567567567568
128,DJI,2022,sign_persistence_hi,219,9240,52376,0.06182314455509186,0.06823430210351944,0.0010819544361957768,0.0012251824396644461,0.12652869522571564,0.15791696310043335,0.006411158479750156,0.0035473715979605913,0.00924342218786478,sig,0.4474885844748858
128,DJI,2022,sign_persistence_lo,260,9240,52376,0.09461536258459091,0.10047092288732529,0.0015654198619226706,0.001706847773899395,0.21613062918186188,0.3388526439666748,0.005855550989508629,-0.0005330894491635263,0.012577231973409653,ns,0.5769230769230769
128,DJI,2022,jump_ratio_hi,188,9240,52376,0.09678424894809723,0.09738313406705856,0.001567564385631011,0.0016068801837563085,0.19561617076396942,0.234144926071167,0.0005989052588120103,-0.005887562409043312,0.007139585446566343,ns,0.5212765957446809
128,DJI,2022,jump_ratio_lo,291,9240,52376,0.06853549182415009,0.07820522785186768,0.0012001892822272832,0.0014089412403923381,0.17528599500656128,0.24293427169322968,0.009669734165072441,0.005175309721380472,0.014556861482560635,sig,0.5154639175257731
128,DJI,2022,rv_rel_hi,359,9240,52376,0.08519846946001053,0.09088283777236938,0.001455462570306038,0.001584168406441627,0.19873207807540894,0.31280672550201416,0.005684357136487961,0.0008627789793536067,0.010523186065256596,sig,0.5348189415041783
128,DJI,2022,rv_rel_lo,100,9240,52376,0.05602395534515381,0.053479839116334915,0.0008134176521237984,0.0007973313412901255,0.0944543406367302,0.08465895056724548,-0.0025441220495849848,-0.0047460515052080154,-0.0003461562446318567,sig,0.56
128,DJI,2022,structure_strong,277,9240,52376,0.06074997037649155,0.06384371221065521,0.0010408685964443428,0.0011223716590212777,0.1121695265173912,0.15320603549480438,0.0030937332194298506,0.00024797258083708584,0.006092530209571123,sig,0.5342960288808665
128,DJI,2022,structure_weak,202,9240,52376,0.10550259053707123,0.11574775725603104,0.0017605771505529038,0.001986130821541893,0.21825119853019714,0.3578495979309082,0.01024516113102436,0.002620688173919916,0.018501248210668564,sig,0.49504950495049505
128,DJI,2022,kmeans_1,27,9240,52376,0.05844293162226677,0.08066627383232117,0.0010517252818886907,0.0014735475905140142,0.12146556377410889,0.22141602635383606,0.022223344072699547,0.010298408567905426,0.03702137991786003,sig,0.18518518518518517
128,DJI,2022,kmeans_2,447,9240,52376,0.08101359754800797,0.08556710928678513,0.001362396472514879,0.0014764232129054267,0.19157204031944275,0.24794943630695343,0.004553508013486862,0.0007112795719876885,0.008445903658866882,sig,0.5436241610738255
23,DJI,2023,acf1_hi,405,9240,9431,0.08542407304048538,0.11992382258176804,0.0014911094841526759,0.0020957843375725665,0.21130578219890594,0.25759753584861755,0.03449974209070206,0.03108588419854641,0.03778742626309395,sig,0.1111111111111111
23,DJI,2023,acf1_lo,74,9240,9431,0.09644751250743866,0.1702558547258377,0.0013500857336765655,0.0023731123939956184,0.17171306908130646,0.2256605476140976,0.07380834966897964,0.07058162242174149,0.07684077322483063,sig,0.0
23,DJI,2023,sign_persistence_hi,219,9240,9431,0.07125823944807053,0.1120789423584938,0.001251918718138452,0.0019804995058252113,0.14157737791538239,0.20949119329452515,0.040820684283971786,0.03677186742424965,0.04475267976522446,sig,0.045662100456621
23,DJI,2023,sign_persistence_lo,260,9240,9431,0.10049349069595337,0.14085689187049866,0.0016524441773137634,0.0022718214696032463,0.2196584939956665,0.27425098419189453,0.04036339744925499,0.03562238812446594,0.04519948735833168,sig,0.1346153846153846
23,DJI,2023,jump_ratio_hi,188,9240,9431,0.09995105117559433,0.13426019251346588,0.0016153756608216707,0.0021509810744847497,0.20939046144485474,0.25336790084838867,0.034309130162000656,0.028875919058918953,0.03970596194267273,sig,0.1702127659574468
23,DJI,2023,jump_ratio_lo,291,9240,9431,0.0788421481847763,0.123461052775383,0.0013749658458399496,0.0021306478758399737,0.19372136890888214,0.2574741244316101,0.044618889689445496,0.04096658155322075,0.04827967286109924,sig,0.044673539518900345
23,DJI,2023,rv_rel_hi,359,9240,9431,0.09036534279584885,0.12416383624076843,0.0015459557454702906,0.00211966127302673,0.21424630284309387,0.2620192766189575,0.033798497170209885,0.03035731241106987,0.037171028554439545,sig,0.11420612813370473
23,DJI,2023,rv_rel_lo,100,9240,9431,0.07014411687850952,0.12630532681941986,0.0010194708224324253,0.0018182728728560467,0.11802748590707779,0.20785003900527954,0.05616121366620064,0.04975927248597145,0.062291521579027176,sig,0.04
23,DJI,2023,structure_strong,277,9240,9431,0.07095814496278763,0.11429401487112045,0.0012128554368378672,0.0019409415712869798,0.13171237707138062,0.20327618718147278,0.043335869908332825,0.03969286382198334,0.04716542735695839,sig,0.04693140794223827
23,DJI,2023,structure_weak,202,9240,9431,0.10929929465055466,0.14608235657215118,0.0018210135117317338,0.002409713656564712,0.22399498522281647,0.2792315185070038,0.03678305447101593,0.031613994389772415,0.041809242218732834,sig,0.15841584158415842
23,DJI,2023,kmeans_1,27,9240,9431,0.07108856737613678,0.11453575640916824,0.0012692850887516518,0.002061226292940563,0.13389606773853302,0.20896191895008087,0.04344719275832176,0.033219750970602036,0.05340725556015968,sig,0.037037037037037035
23,DJI,2023,kmeans_2,447,9240,9431,0.08815811574459076,0.12831398844718933,0.0014804435953333767,0.0021360657733464844,0.2055504471063614,0.25685256719589233,0.04015587642788887,0.03697262331843376,0.04335879534482956,sig,0.09843400447427293
64,DJI,2023,acf1_hi,405,9240,26200,0.08542407304048538,0.11037091910839081,0.0014911094841526759,0.0019844505564729276,0.21130578219890594,0.3528479039669037,0.024946844205260277,0.01858627237379551,0.031589437276124954,sig,0.43703703703703706
64,DJI,2023,acf1_lo,74,9240,26200,0.09644751250743866,0.0971413254737854,0.0013500857336765655,0.0013649745162348413,0.17171306908130646,0.14730656147003174,0.0006938170990906656,-0.0023755033034831285,0.003638520836830139,ns,0.4189189189189189
64,DJI,2023,sign_persistence_hi,219,9240,26200,0.07125823944807053,0.09577522426843643,0.001251918718138452,0.0017289587055415113,0.14157737791538239,0.2282101809978485,0.024516969919204712,0.019561918452382088,0.029746348038315773,sig,0.3059360730593607
64,DJI,2023,sign_persistence_lo,260,9240,26200,0.10049349069595337,0.1188996359705925,0.0016524441773137634,0.002023340896382011,0.2196584939956665,0.40668293833732605,0.01840614154934883,0.009607378393411636,0.027948452159762383,sig,0.5423076923076923
64,DJI,2023,jump_ratio_hi,188,9240,26200,0.09995105117559433,0.11348947882652283,0.0016153756608216707,0.0018796021529353267,0.20939046144485474,0.2899872958660126,0.013538419269025326,0.005511795170605183,0.02199634537100792,sig,0.4308510638297872
64,DJI,2023,jump_ratio_lo,291,9240,26200,0.0788421481847763,0.10499195009469986,0.0013749658458399496,0.0018946576797974999,0.19372136890888214,0.30635708570480347,0.026149796321988106,0.019164253026247025,0.03376265615224838,sig,0.436426116838488
64,DJI,2023,rv_rel_hi,359,9240,26200,0.09036534279584885,0.11122909188270569,0.0015459557454702906,0.001953774503746294,0.21424630284309387,0.36769169569015503,0.02086375281214714,0.014150721952319145,0.027965066954493523,sig,0.4623955431754875
64,DJI,2023,rv_rel_lo,100,9240,26200,0.07014411687850952,0.07378582656383514,0.0010194708224324253,0.0010866726823804723,0.11802748590707779,0.12842366099357605,0.003641708754003048,0.0010202466510236263,0.00635754968971014,sig,0.42
64,DJI,2023,structure_strong,277,9240,26200,0.07095814496278763,0.08739811927080154,0.0012128554368378672,0.0015434355046953893,0.13171237707138062,0.22824819386005402,0.016439974308013916,0.0115579292178154,0.021834589540958405,sig,0.4548736462093863
64,DJI,2023,structure_weak,202,9240,26200,0.10929929465055466,0.13702672719955444,0.0018210135117317338,0.0023622720533281734,0.22399498522281647,0.4518827199935913,0.027727428823709488,0.017274605110287666,0.0395953506231308,sig,0.40594059405940597
64,DJI,2023,kmeans_1,27,9240,26200,0.07108856737613678,0.11531070619821548,0.0012692850887516518,0.0021127057307277004,0.13389606773853302,0.33352264761924744,0.044222142547369,0.02177981100976467,0.07114467024803162,sig,0.07407407407407407
64,DJI,2023,kmeans_2,447,9240,26200,0.08815811574459076,0.10655856132507324,0.0014804435953333767,0.0018473096153150408,0.2055504471063614,0.25833210349082947,0.018400443717837334,0.013075791299343109,0.024098394438624382,sig,0.4608501118568233
128,DJI,2023,acf1_hi,405,9240,52376,0.08542407304048538,0.11639568209648132,0.0014911094841526759,0.002044014273758539,0.21130578219890594,0.26349279284477234,0.030971607193350792,0.026909813284873962,0.03520318493247032,sig,0.30617283950617286
128,DJI,2023,acf1_lo,74,9240,52376,0.09644751250743866,0.14387552440166473,0.0013500857336765655,0.002018428752973396,0.17171306908130646,0.22235386073589325,0.04742801561951637,0.04418633505702019,0.05061915144324303,sig,0.0
128,DJI,2023,sign_persistence_hi,219,9240,52376,0.07125823944807053,0.11227475106716156,0.001251918718138452,0.00199577593374645,0.14157737791538239,0.23580455780029297,0.04101650416851044,0.03585638478398323,0.046205129474401474,sig,0.2009132420091324
128,DJI,2023,sign_persistence_lo,260,9240,52376,0.10049349069595337,0.1276879459619522,0.0016524441773137634,0.0020773637657760273,0.2196584939956665,0.2905084788799286,0.02719445712864399,0.022300662472844124,0.03202764317393303,sig,0.3076923076923077
128,DJI,2023,jump_ratio_hi,188,9240,52376,0.09995105117559433,0.12554046511650085,0.0016153756608216707,0.002012325023363989,0.20939046144485474,0.26034119725227356,0.02558939717710018,0.019340721890330315,0.031867265701293945,sig,0.3670212765957447
128,DJI,2023,jump_ratio_lo,291,9240,52376,0.0788421481847763,0.11747570335865021,0.0013749658458399496,0.0020579807704460816,0.19372136890888214,0.26092106103897095,0.0386335626244545,0.03451436385512352,0.04282310977578163,sig,0.18900343642611683
128,DJI,2023,rv_rel_hi,359,9240,52376,0.09036534279584885,0.1191849634051323,0.0015459557454702906,0.002039478608703384,0.21424630284309387,0.2821611762046814,0.028819631785154343,0.024855181574821472,0.032778698951005936,sig,0.298050139275766
128,DJI,2023,rv_rel_lo,100,9240,52376,0.07014411687850952,0.1035015657544136,0.0010194708224324253,0.0014903678215295638,0.11802748590707779,0.18113456666469574,0.03335745632648468,0.028480377048254013,0.03821859881281853,sig,0.17
128,DJI,2023,structure_strong,277,9240,52376,0.07095814496278763,0.10775891691446304,0.0012128554368378672,0.001859634515676477,0.13171237707138062,0.23204229772090912,0.036800775676965714,0.032718151807785034,0.041208766400814056,sig,0.19855595667870035
128,DJI,2023,structure_weak,202,9240,52376,0.10929929465055466,0.13830602169036865,0.0018210135117317338,0.002287478949256711,0.22399498522281647,0.2993322014808655,0.029006727039813995,0.023109108209609985,0.034904204308986664,sig,0.3415841584158416
128,DJI,2023,kmeans_1,27,9240,52376,0.07108856737613678,0.10943232476711273,0.0012692850887516518,0.001966735994681464,0.13389606773853302,0.19732356071472168,0.03834376856684685,0.029714426025748253,0.04661558195948601,sig,0.037037037037037035
128,DJI,2023,kmeans_2,447,9240,52376,0.08815811574459076,0.12141648679971695,0.0014804435953333767,0.0020431459814060837,0.2055504471063614,0.2634156048297882,0.03325837478041649,0.029630836099386215,0.037057675421237946,sig,0.2751677852348993
23,BABA,2021,acf1_hi,171,9240,9431,0.04231949895620346,0.03742707520723343,0.010963108599476875,0.011100916476181865,0.10794180631637573,0.10781347751617432,-0.004892419558018446,-0.00806885864585638,-0.0018721495289355516,sig,0.4678362573099415
23,BABA,2021,acf1_lo,308,9240,9431,0.1305374801158905,0.1250961422920227,0.025893641123944256,0.02697515079764035,0.518509566783905,0.5049788951873779,-0.005441324319690466,-0.01094183698296547,-0.00032394257141277194,sig,0.36688311688311687
23,BABA,2021,sign_persistence_hi,99,9240,9431,0.02551247924566269,0.028497833758592606,0.010066827559462813,0.013414425487037755,0.08257067948579788,0.05723501369357109,0.0029853545129299164,-0.0002822237729560584,0.006118053570389748,ns,0.2222222222222222
23,BABA,2021,sign_persistence_lo,380,9240,9431,0.11820116639137268,0.11081147193908691,0.023298202916575153,0.02336467115758839,0.49840646982192993,0.482974648475647,-0.0073896897956728935,-0.011959679424762726,-0.003052439307793975,sig,0.45
23,BABA,2021,jump_ratio_hi,160,9240,9431,0.05100216343998909,0.05684273689985275,0.01258424484118743,0.015487422212291857,0.197259321808815,0.21363574266433716,0.0058405762538313866,0.003430732060223818,0.008121302351355553,sig,0.2625
23,BABA,2021,jump_ratio_lo,319,9240,9431,0.12314054369926453,0.11233481019735336,0.024565686088073316,0.024227635138349933,0.5047870874404907,0.48687225580215454,-0.010805717669427395,-0.01586206816136837,-0.005825838074088097,sig,0.47335423197492166
23,BABA,2021,rv_rel_hi,316,9240,9431,0.08616042137145996,0.08423981070518494,0.021973526773032315,0.022895337905361794,0.34766441583633423,0.35702282190322876,-0.0019206189317628741,-0.0057226973585784435,0.0018291118321940303,ns,0.4208860759493671
23,BABA,2021,rv_rel_lo,143,9240,9431,0.13800492882728577,0.12454894185066223,0.018112654788775065,0.018554456741273255,0.5901457667350769,0.6016994118690491,-0.013455952517688274,-0.022048963233828545,-0.0054065026342868805,sig,0.36363636363636365
23,BABA,2021,structure_strong,200,9240,9431,0.060602039098739624,0.05787090212106705,0.018442246480406994,0.019141286327112768,0.15470391511917114,0.12842559814453125,-0.002731135580688715,-0.006625733338296413,0.0009829781483858824,ns,0.415
23,BABA,2021,structure_weak,279,9240,9431,0.12660132348537445,0.11955362558364868,0.022084171113275913,0.022861454830386284,0.5230446457862854,0.5066883563995361,-0.007047687191516161,-0.012801378034055233,-0.0018229831475764513,sig,0.3942652329749104
23,BABA,2021,kmeans_1,393,9240,9431,0.09951801598072052,0.09748725593090057,0.020715258215985844,0.02258780822837884,0.4886455535888672,0.47776851058006287,-0.0020307584200054407,-0.00611202884465456,0.001875761547125876,ns,0.3155216284987277
23,BABA,2021,kmeans_2,86,9240,9431,0.0968790128827095,0.07694363594055176,0.019870192532592337,0.015460401504040027,0.4439418911933899,0.34865453839302063,-0.01993539370596409,-0.0254018884152174,-0.014895129948854446,sig,0.8023255813953488
64,BABA,2021,acf1_hi,171,9240,26200,0.04231949895620346,0.029399514198303223,0.010963108599476875,0.00710248325787856,0.10794180631637573,0.10920356214046478,-0.012919983826577663,-0.015307895839214325,-0.010545036755502224,sig,0.8362573099415205
64,BABA,2021,acf1_lo,308,9240,26200,0.1305374801158905,0.12914884090423584,0.025893641123944256,0.0240887553042156,0.518509566783905,0.5483876466751099,-0.0013886158121749759,-0.004449178930372,0.0016116873594000936,ns,0.6331168831168831
64,BABA,2021,sign_persistence_hi,99,9240,26200,0.02551247924566269,0.014946093782782555,0.010066827559462813,0.00616776720734136,0.08257067948579788,0.04256703704595566,-0.010566381737589836,-0.013588989153504372,-0.007565019186586142,sig,0.8484848484848485
64,BABA,2021,sign_persistence_lo,380,9240,26200,0.11820116639137268,0.11401447653770447,0.023298202916575153,0.02111382188754959,0.49840646982192993,0.5388581156730652,-0.004186681471765041,-0.006886886432766914,-0.001514706527814269,sig,0.6684210526315789
64,BABA,2021,jump_ratio_hi,160,9240,26200,0.05100216343998909,0.047748662531375885,0.01258424484118743,0.010563196353131406,0.197259321808815,0.2099684476852417,-0.003253502771258354,-0.005807911045849323,-0.000680085620842874,sig,0.76875
64,BABA,2021,jump_ratio_lo,319,9240,26200,0.12314054369926453,0.11650589108467102,0.024565686088073316,0.021767240922553648,0.5047870874404907,0.5435924530029297,-0.006634640507400036,-0.009732218459248543,-0.003588279476389289,sig,0.6739811912225705
64,BABA,2021,rv_rel_hi,316,9240,26200,0.08616042137145996,0.07713491469621658,0.021973526773032315,0.01839974707846781,0.34766441583633423,0.39493969082832336,-0.00902551505714655,-0.011806998401880264,-0.006322897970676422,sig,0.7215189873417721
64,BABA,2021,rv_rel_lo,143,9240,26200,0.13800492882728577,0.1406572312116623,0.018112654788775065,0.018274560755100904,0.5901457667350769,0.6588223576545715,0.002652291674166918,-0.0009093391126953065,0.006418909411877394,ns,0.6293706293706294
64,BABA,2021,structure_strong,200,9240,26200,0.060602039098739624,0.04433729499578476,0.018442246480406994,0.012504927897123718,0.15470391511917114,0.1395113617181778,-0.016264744102954865,-0.018941398710012436,-0.0133938854560256,sig,0.875
64,BABA,2021,structure_weak,279,9240,26200,0.12660132348537445,0.12880899012088776,0.022084171113275913,0.021981633302404643,0.5230446457862854,0.5495885014533997,0.0022076626773923635,-0.0007351225940510631,0.005192936863750219,ns,0.5842293906810035
64,BABA,2021,kmeans_1,393,9240,26200,0.09951801598072052,0.09666680544614792,0.020715258215985844,0.01865223629017296,0.4886455535888672,0.5212386846542358,-0.002851211465895176,-0.00507392780855298,-0.00036696394090540707,sig,0.6819338422391857
64,BABA,2021,kmeans_2,86,9240,26200,0.0968790128827095,0.07924548536539078,0.019870192532592337,0.015157353590205397,0.4439418911933899,0.44751209020614624,-0.01763354241847992,-0.022233175113797188,-0.013032224029302597,sig,0.813953488372093
128,BABA,2021,acf1_hi,171,9240,52376,0.04231949895620346,0.026803528890013695,0.010963108599476875,0.006319969305049058,0.10794180631637573,0.09684201329946518,-0.015515969134867191,-0.018666386604309082,-0.012563303112983704,sig,0.8538011695906432
128,BABA,2021,acf1_lo,308,9240,52376,0.1305374801158905,0.13062922656536102,0.025893641123944256,0.023582334836824707,0.518509566783905,0.5904779434204102,9.175380546366796e-05,-0.00424989964812994,0.0048067024908959866,ns,0.551948051948052
128,BABA,2021,sign_persistence_hi,99,9240,52376,0.02551247924566269,0.012768848799169064,0.010066827559462813,0.005945387472658104,0.08257067948579788,0.03106660395860672,-0.012743628583848476,-0.016984248533844948,-0.008571739308536053,sig,0.6767676767676768
128,BABA,2021,sign_persistence_lo,380,9240,52376,0.11820116639137268,0.11461339145898819,0.023298202916575153,0.020409159266084855,0.49840646982192993,0.5357038378715515,-0.003587766783311963,-0.007256888784468174,0.00027599948225542903,ns,0.6552631578947369
128,BABA,2021,jump_ratio_hi,160,9240,52376,0.05100216343998909,0.04680117219686508,0.01258424484118743,0.0103567737136765,0.197259321808815,0.2099742889404297,-0.004200989846140146,-0.0076689645648002625,-0.000828573654871434,sig,0.6625
128,BABA,2021,jump_ratio_lo,319,9240,52376,0.12314054369926453,0.11701886355876923,0.024565686088073316,0.020962351369019302,0.5047870874404907,0.5756863355636597,-0.006121668498963118,-0.01047899667173624,-0.0016607907600700855,sig,0.658307210031348
128,BABA,2021,rv_rel_hi,316,9240,52376,0.08616042137145996,0.06931326538324356,0.021973526773032315,0.01642780865288151,0.34766441583633423,0.36296552419662476,-0.016847161576151848,-0.019813787192106247,-0.013899877667427063,sig,0.7531645569620253
128,BABA,2021,rv_rel_lo,143,9240,52376,0.13800492882728577,0.1564338207244873,0.018112654788775065,0.01958393576718919,0.5901457667350769,0.6816129684448242,0.018428893759846687,0.012265961617231369,0.025332478806376457,sig,0.5384615384615384
128,BABA,2021,structure_strong,200,9240,52376,0.060602039098739624,0.03978414833545685,0.018442246480406994,0.01131506450863825,0.15470391511917114,0.14261403679847717,-0.020817887037992477,-0.024045059457421303,-0.017426004633307457,sig,0.8
128,BABA,2021,structure_weak,279,9240,52376,0.12660132348537445,0.13211603462696075,0.022084171113275913,0.021795917488092283,0.5230446457862854,0.6045247316360474,0.005514720920473337,0.0011841088999062777,0.010081520304083824,sig,0.5591397849462365
128,BABA,2021,kmeans_1,393,9240,52376,0.09951801598072052,0.09785076230764389,0.020715258215985844,0.018175493274913232,0.4886455535888672,0.5288815498352051,-0.001667250064201653,-0.005049173254519701,0.001919858972541988,ns,0.6208651399491094
128,BABA,2021,kmeans_2,86,9240,52376,0.0968790128827095,0.07397504895925522,0.019870192532592337,0.013966337486796475,0.4439418911933899,0.44951891899108887,-0.022903965786099434,-0.028464285656809807,-0.01754213124513626,sig,0.8372093023255814
23,BABA,2022,acf1_hi,171,9240,9431,0.034677259624004364,0.038105666637420654,0.008865133134721754,0.010019485888020358,0.12847113609313965,0.11666741967201233,0.003428408643230796,0.0016917954199016094,0.005132568068802357,sig,0.3391812865497076
23,BABA,2022,acf1_lo,308,9240,9431,0.12784060835838318,0.12507307529449463,0.025746364043044152,0.025674005270308924,0.5289003849029541,0.5161709189414978,-0.0027675360906869173,-0.00472426600754261,-0.0008064385619945824,sig,0.44155844155844154
23,BABA,2022,sign_persistence_hi,99,9240,9431,0.017109030857682228,0.02316846325993538,0.007011227047303852,0.009266706750417521,0.0514635294675827,0.06832753866910934,0.00605942914262414,0.004510052036494017,0.00769174937158823,sig,0.15151515151515152
23,BABA,2022,sign_persistence_lo,380,9240,9431,0.11476559191942215,0.1124865710735321,0.023030806351610367,0.022904004583724463,0.5006481409072876,0.49563291668891907,-0.002279017586261034,-0.003987413365393877,-0.0005416967906057835,sig,0.4710526315789474
23,BABA,2022,jump_ratio_hi,160,9240,9431,0.05319494009017944,0.05185409635305405,0.012601408602967457,0.012847176313532457,0.2150106281042099,0.19873636960983276,-0.0013408421073108912,-0.0030620747711509466,0.0002512432401999831,ns,0.40625
23,BABA,2022,jump_ratio_lo,319,9240,9431,0.1153402179479599,0.1151784360408783,0.023290258667148046,0.023715916927716105,0.5090950727462769,0.510854184627533,-0.0001617819507373497,-0.002081767888739705,0.0017372602596879005,ns,0.4043887147335423
23,BABA,2022,rv_rel_hi,316,9240,9431,0.088497593998909,0.0895007774233818,0.022299731091719364,0.022675901231263406,0.380127489566803,0.36627596616744995,0.0010031874990090728,-0.0008656149148009717,0.0028036863077431917,ns,0.4050632911392405
23,BABA,2022,rv_rel_lo,143,9240,9431,0.12015460431575775,0.11536149680614471,0.01605293868473716,0.015995878899529185,0.5836299061775208,0.5690262913703918,-0.004793091211467981,-0.007238392252475023,-0.002523285336792469,sig,0.46153846153846156
23,BABA,2022,structure_strong,200,9240,9431,0.05639142543077469,0.05888645723462105,0.01643225601489508,0.01742814217866528,0.16952571272850037,0.17513616383075714,0.0024950336664915085,0.00035021742223761976,0.0045087337493896484,sig,0.325
23,BABA,2022,structure_weak,279,9240,9431,0.12195855379104614,0.11921606957912445,0.022076583112243742,0.021990312811374816,0.5276259779930115,0.5185769200325012,-0.00274247326888144,-0.004580935463309288,-0.0008008675649762154,sig,0.46236559139784944
23,BABA,2022,kmeans_1,393,9240,9431,0.09804397821426392,0.09575379639863968,0.02066804765064044,0.02066035297206577,0.4828570783138275,0.4625057876110077,-0.0022901776246726513,-0.0038387884851545095,-0.0007888439577072859,sig,0.41475826972010177
23,BABA,2022,kmeans_2,86,9240,9431,0.07876091450452805,0.08613180369138718,0.015386920518527056,0.01745822083819514,0.36169737577438354,0.3700067102909088,0.007370890583842993,0.003841331461444497,0.0108824847266078,sig,0.36046511627906974
64,BABA,2022,acf1_hi,171,9240,26200,0.034677259624004364,0.02826419658958912,0.008865133134721754,0.006672528147804025,0.12847113609313965,0.10786943137645721,-0.006413060240447521,-0.009499152190983295,-0.0035245465114712715,sig,0.6374269005847953
64,BABA,2022,acf1_lo,308,9240,26200,0.12784060835838318,0.12433828413486481,0.025746364043044152,0.023051780490738437,0.5289003849029541,0.5486937761306763,-0.0035023263189941645,-0.008550447411835194,0.001614691223949194,ns,0.5811688311688312
64,BABA,2022,sign_persistence_hi,99,9240,26200,0.017109030857682228,0.01250659953802824,0.007011227047303852,0.004774435398042101,0.0514635294675827,0.04774949327111244,-0.004602430853992701,-0.006148690823465586,-0.003030873369425535,sig,0.6464646464646465
64,BABA,2022,sign_persistence_lo,380,9240,26200,0.11476559191942215,0.11024004966020584,0.023030806351610367,0.020442846315830945,0.5006481409072876,0.5220215916633606,-0.00452555064111948,-0.008961446583271027,-0.0003267460851930082,sig,0.5894736842105263
64,BABA,2022,jump_ratio_hi,160,9240,26200,0.05319494009017944,0.044993456453084946,0.012601408602967457,0.009448613349277175,0.2150106281042099,0.20273135602474213,-0.008201482705771923,-0.012218451127409935,-0.004320323467254639,sig,0.7125
64,BABA,2022,jump_ratio_lo,319,9240,26200,0.1153402179479599,0.11263453215360641,0.023290258667148046,0.021094584854349778,0.5090950727462769,0.5317502617835999,-0.0027056813705712557,-0.00735869724303484,0.0020857402123510838,ns,0.5454545454545454
64,BABA,2022,rv_rel_hi,316,9240,26200,0.088497593998909,0.07549252361059189,0.022299731091719364,0.017774006417235814,0.380127489566803,0.3819740116596222,-0.013005057349801064,-0.01731122098863125,-0.008799919858574867,sig,0.6835443037974683
64,BABA,2022,rv_rel_lo,143,9240,26200,0.12015460431575775,0.13338516652584076,0.01605293868473716,0.017423941240688103,0.5836299061775208,0.618536114692688,0.013230576179921627,0.007646837737411261,0.019151274114847183,sig,0.4825174825174825
64,BABA,2022,structure_strong,200,9240,26200,0.05639142543077469,0.04315563291311264,0.01643225601489508,0.011764655500743718,0.16952571272850037,0.14268435537815094,-0.013235796242952347,-0.016790788620710373,-0.009918341413140297,sig,0.7
64,BABA,2022,structure_weak,279,9240,26200,0.12195855379104614,0.12364964187145233,0.022076583112243742,0.021104012918541876,0.5276259779930115,0.5508233308792114,0.001691073877736926,-0.00368196121416986,0.006704664323478937,ns,0.5304659498207885
64,BABA,2022,kmeans_1,393,9240,26200,0.09804397821426392,0.09259208291769028,0.02066804765064044,0.017680175233105753,0.4828570783138275,0.500857949256897,-0.005451893899589777,-0.009513653814792633,-0.0014712540432810783,sig,0.6055979643765903
64,BABA,2022,kmeans_2,86,9240,26200,0.07876091450452805,0.0783800333738327,0.015386920518527056,0.015030719044318209,0.36169737577438354,0.4472479820251465,-0.0003808800829574466,-0.005370189435780048,0.0050897495821118355,ns,0.5813953488372093
128,BABA,2022,acf1_hi,171,9240,52376,0.034677259624004364,0.03422117605805397,0.008865133134721754,0.008115324680111715,0.12847113609313965,0.12936843931674957,-0.0004560844972729683,-0.0018144827336072922,0.000940194062422961,ns,0.5087719298245614
128,BABA,2022,acf1_lo,308,9240,52376,0.12784060835838318,0.1337861567735672,0.025746364043044152,0.02623963430523033,0.5289003849029541,0.5687828660011292,0.005945537239313126,0.0032707033678889275,0.008775340393185616,sig,0.4707792207792208
128,BABA,2022,sign_persistence_hi,99,9240,52376,0.017109030857682228,0.014348468743264675,0.007011227047303852,0.005305866127474993,0.0514635294675827,0.04742736741900444,-0.0027605623472481966,-0.004294025246053934,-0.0011770715937018394,sig,0.6565656565656566
128,BABA,2022,sign_persistence_lo,380,9240,52376,0.11476559191942215,0.12009856849908829,0.023030806351610367,0.02353749247286847,0.5006481409072876,0.5433685183525085,0.005332975648343563,0.003169923322275281,0.007609920110553503,sig,0.4394736842105263
128,BABA,2022,jump_ratio_hi,160,9240,52376,0.05319494009017944,0.05434047058224678,0.012601408602967457,0.012390182067152238,0.2150106281042099,0.2244369089603424,0.0011455377098172903,-0.0005163172609172761,0.0028102933429181576,ns,0.425
128,BABA,2022,jump_ratio_lo,319,9240,52376,0.1153402179479599,0.12026169151067734,0.023290258667148046,0.023470529014312496,0.5090950727462769,0.564667284488678,0.004921470768749714,0.0023844840470701456,0.00751194404438138,sig,0.5141065830721003
128,BABA,2022,rv_rel_hi,316,9240,52376,0.088497593998909,0.09289727360010147,0.022299731091719364,0.022113300200283945,0.380127489566803,0.42800775170326233,0.004399681463837624,0.0019425710197538137,0.007116916589438915,sig,0.5316455696202531
128,BABA,2022,rv_rel_lo,143,9240,52376,0.12015460431575775,0.1232869103550911,0.01605293868473716,0.017035876147116328,0.5836299061775208,0.596820592880249,0.0031323027797043324,0.0008943588472902775,0.005265012849122286,sig,0.34265734265734266
128,BABA,2022,structure_strong,200,9240,52376,0.05639142543077469,0.05399014800786972,0.01643225601489508,0.01431503600772234,0.16952571272850037,0.19178953766822815,-0.0024012739304453135,-0.004485883750021458,-0.00022156070917844772,sig,0.6
128,BABA,2022,structure_weak,279,9240,52376,0.12195855379104614,0.12996388971805573,0.022076583112243742,0.023679285608478772,0.5276259779930115,0.5650879144668579,0.008005339652299881,0.005441045854240656,0.01071085873991251,sig,0.4014336917562724
128,BABA,2022,kmeans_1,393,9240,52376,0.09804397821426392,0.10118301957845688,0.02066804765064044,0.020532678810037935,0.4828570783138275,0.5183199048042297,0.0031390420626848936,0.0011884861160069704,0.005173815414309502,sig,0.49363867684478374
128,BABA,2022,kmeans_2,86,9240,52376,0.07876091450452805,0.08480267971754074,0.015386920518527056,0.016281222255408557,0.36169737577438354,0.42869359254837036,0.006041761953383684,0.001637853099964559,0.011198466643691063,sig,0.4418604651162791
23,BABA,2023,acf1_hi,171,9240,9431,0.029824763536453247,0.03151201456785202,0.008001720521464984,0.007914901124416835,0.11825784295797348,0.09108589589595795,0.0016872528940439224,-0.001139913103543222,0.005344551522284746,ns,0.40350877192982454
23,BABA,2023,acf1_lo,308,9240,9431,0.10532590746879578,0.12436898052692413,0.02258024692118235,0.02390140369634658,0.412067174911499,0.5315248966217041,0.019043076783418655,0.010052450932562351,0.028242357075214386,sig,0.33116883116883117
23,BABA,2023,sign_persistence_hi,99,9240,9431,0.016313863918185234,0.017565332353115082,0.007184479161325435,0.00708193108151175,0.042594168335199356,0.054648324847221375,0.0012514673871919513,-0.0007021703640930355,0.003187086433172226,ns,0.3434343434343434
23,BABA,2023,sign_persistence_lo,380,9240,9431,0.09454036504030228,0.11040849983692169,0.020030912694535417,0.02108939277284306,0.3926292955875397,0.5056166052818298,0.015868138521909714,0.008554242551326752,0.023245491087436676,sig,0.3605263157894737
23,BABA,2023,jump_ratio_hi,160,9240,9431,0.05022670701146126,0.04655647650361061,0.012752771368615632,0.01061273062499689,0.2061002254486084,0.19708728790283203,-0.003670233767479658,-0.008351819589734077,0.0011978605762124062,ns,0.45
23,BABA,2023,jump_ratio_lo,319,9240,9431,0.09248946607112885,0.11362121254205704,0.019694566902558545,0.02199700166379474,0.39334815740585327,0.5101235508918762,0.021131739020347595,0.012733574025332928,0.029884612187743187,sig,0.3103448275862069
23,BABA,2023,rv_rel_hi,316,9240,9431,0.07717014849185944,0.07762826979160309,0.02048440827208916,0.01904156515502461,0.31488603353500366,0.3793872594833374,0.00045812074677087367,-0.0060543641448020935,0.007086658384650946,ns,0.4208860759493671
23,BABA,2023,rv_rel_lo,143,9240,9431,0.09109251201152802,0.13169440627098083,0.012339618155441124,0.017361141607715132,0.4786245822906494,0.6124588251113892,0.04060192406177521,0.028448959812521935,0.05344138666987419,sig,0.26573426573426573
23,BABA,2023,structure_strong,200,9240,9431,0.05363675579428673,0.04758476838469505,0.015794800716065913,0.013886588544259778,0.2232990860939026,0.12527109682559967,-0.006051991134881973,-0.0120891984552145,-0.0002579309220891446,sig,0.38
23,BABA,2023,structure_weak,279,9240,9431,0.09610417485237122,0.12249909341335297,0.01850914020674371,0.0212823036627171,0.4042643904685974,0.5319185256958008,0.026394935324788094,0.017890887334942818,0.0355219766497612,sig,0.34050179211469533
23,BABA,2023,kmeans_1,393,9240,9431,0.08188646286725998,0.0936875268816948,0.018494884709192833,0.01873021920738812,0.39174944162368774,0.4833488464355469,0.011801062151789665,0.004927933681756258,0.0187836866825819,sig,0.366412213740458
23,BABA,2023,kmeans_2,86,9240,9431,0.06231435388326645,0.07994191348552704,0.012261867095138294,0.015745398630773188,0.27041560411453247,0.42495784163475037,0.01762755773961544,0.00831790454685688,0.028314262628555298,sig,0.313953488372093
64,BABA,2023,acf1_hi,171,9240,26200,0.029824763536453247,0.03046906553208828,0.008001720521464984,0.007416286723242548,0.11825784295797348,0.11595462262630463,0.0006443027523346245,-0.0013592562172561884,0.0030925192404538393,ns,0.45614035087719296
64,BABA,2023,acf1_lo,308,9240,26200,0.10532590746879578,0.12601961195468903,0.02258024692118235,0.024539492009917223,0.412067174911499,0.5361390709877014,0.0206937026232481,0.0148207051679492,0.02661951817572117,sig,0.3961038961038961
64,BABA,2023,sign_persistence_hi,99,9240,26200,0.016313863918185234,0.014111986383795738,0.007184479161325435,0.005579349674608582,0.042594168335199356,0.04440775513648987,-0.0022018796298652887,-0.0038309176452457905,-0.0005839724326506257,sig,0.5656565656565656
64,BABA,2023,sign_persistence_lo,380,9240,26200,0.09454036504030228,0.11217675358057022,0.020030912694535417,0.021773665660375602,0.3926292955875397,0.5073338150978088,0.01763637363910675,0.01291427668184042,0.022691767662763596,sig,0.37894736842105264
64,BABA,2023,jump_ratio_hi,160,9240,26200,0.05022670701146126,0.0523533932864666,0.012752771368615632,0.011839665276054782,0.2061002254486084,0.22890768945217133,0.002126681851223111,-0.0017206836491823196,0.006321910303086042,ns,0.41875
64,BABA,2023,jump_ratio_lo,319,9240,26200,0.09248946607112885,0.11174830049276352,0.019694566902558545,0.02173041418357434,0.39334815740585327,0.5249819755554199,0.019258836284279823,0.013830951415002346,0.024850841611623764,sig,0.4169278996865204
64,BABA,2023,rv_rel_hi,316,9240,26200,0.07717014849185944,0.08425844460725784,0.02048440827208916,0.020327899996739722,0.31488603353500366,0.39397361874580383,0.007088298909366131,0.0027008543256670237,0.011658725328743458,sig,0.48417721518987344
64,BABA,2023,rv_rel_lo,143,9240,26200,0.09109251201152802,0.1208895817399025,0.012339618155441124,0.016297145770974977,0.4786245822906494,0.6016111373901367,0.029797080904245377,0.022022193297743797,0.03813864663243294,sig,0.23076923076923078
64,BABA,2023,structure_strong,200,9240,26200,0.05363675579428673,0.05014912039041519,0.015794800716065913,0.013573383023993694,0.2232990860939026,0.16520877182483673,-0.0034876340068876743,-0.007042664103209972,0.00010256891982862726,ns,0.585
64,BABA,2023,structure_weak,279,9240,26200,0.09610417485237122,0.12184382230043411,0.01850914020674371,0.02190563427931986,0.4042643904685974,0.5282747745513916,0.025739653035998344,0.019995134323835373,0.031765833497047424,sig,0.2974910394265233
64,BABA,2023,kmeans_1,393,9240,26200,0.08188646286725998,0.09571642428636551,0.018494884709192833,0.01936638440382848,0.39174944162368774,0.49387413263320923,0.013829957693815231,0.009347171522676945,0.018382374197244644,sig,0.43256997455470736
64,BABA,2023,kmeans_2,86,9240,26200,0.06231435388326645,0.07450811564922333,0.012261867095138294,0.01413208718633008,0.27041560411453247,0.364094078540802,0.01219375990331173,0.00454856688156724,0.020644990727305412,sig,0.3488372093023256
128,BABA,2023,acf1_hi,171,9240,52376,0.029824763536453247,0.026829903945326805,0.008001720521464984,0.006215382042138608,0.11825784295797348,0.10536569356918335,-0.002994862152263522,-0.006820328533649445,0.001731187803670764,ns,0.6023391812865497
128,BABA,2023,acf1_lo,308,9240,52376,0.10532590746879578,0.1298225373029709,0.02258024692118235,0.02323306283151021,0.412067174911499,0.5904557704925537,0.024496616795659065,0.011926899664103985,0.037575654685497284,sig,0.45454545454545453
128,BABA,2023,sign_persistence_hi,99,9240,52376,0.016313863918185234,0.011101542972028255,0.007184479161325435,0.0049444009391462936,0.042594168335199356,0.027262326329946518,-0.005212321411818266,-0.0076859379187226295,-0.0027492193039506674,sig,0.6363636363636364
128,BABA,2023,sign_persistence_lo,380,9240,52376,0.09454036504030228,0.11440578103065491,0.020030912694535417,0.020339784179829904,0.3926292955875397,0.5333166718482971,0.019865410402417183,0.009376073256134987,0.030784960836172104,sig,0.47368421052631576
128,BABA,2023,jump_ratio_hi,160,9240,52376,0.05022670701146126,0.04678458720445633,0.012752771368615632,0.009884966987211318,0.2061002254486084,0.2094167023897171,-0.00344211608171463,-0.010226547718048096,0.003479361068457365,ns,0.525
128,BABA,2023,jump_ratio_lo,319,9240,52376,0.09248946607112885,0.11626245081424713,0.019694566902558545,0.02080570207948914,0.39334815740585327,0.5748835802078247,0.023772962391376495,0.011898268945515156,0.03629531338810921,sig,0.49843260188087773
128,BABA,2023,rv_rel_hi,316,9240,52376,0.07717014849185944,0.07014870643615723,0.02048440827208916,0.01628688342257321,0.31488603353500366,0.375443696975708,-0.007021443918347359,-0.015594332478940487,0.0017781131900846958,ns,0.6075949367088608
128,BABA,2023,rv_rel_lo,143,9240,52376,0.09109251201152802,0.15364883840084076,0.012339618155441124,0.019496776782761863,0.4786245822906494,0.6679195165634155,0.06255633383989334,0.04402725398540497,0.08211880922317505,sig,0.35664335664335667
128,BABA,2023,structure_strong,200,9240,52376,0.05363675579428673,0.038273610174655914,0.015794800716065913,0.010570266832524829,0.2232990860939026,0.1499546766281128,-0.015363147482275963,-0.022461093962192535,-0.0083079244941473,sig,0.645
128,BABA,2023,structure_weak,279,9240,52376,0.09610417485237122,0.1323244869709015,0.01850914020674371,0.021880144497512116,0.4042643904685974,0.5983409285545349,0.03622031211853027,0.023781489580869675,0.049863941967487335,sig,0.40860215053763443
128,BABA,2023,kmeans_1,393,9240,52376,0.08188646286725998,0.09701508283615112,0.018494884709192833,0.017840037758051288,0.39174944162368774,0.5241690874099731,0.015128611586987972,0.005160499829798937,0.025216126814484596,sig,0.49872773536895676
128,BABA,2023,kmeans_2,86,9240,52376,0.06231435388326645,0.07495728135108948,0.012261867095138294,0.014040451655775457,0.27041560411453247,0.473871111869812,0.012642929330468178,0.0015866656322032213,0.025431619957089424,sig,0.5465116279069767
23,NVO,2021,acf1_hi,98,9240,9431,0.42879509925842285,0.8715673685073853,0.01894089732873581,0.03956328906206563,1.5179970264434814,3.3451781272888184,0.4427722990512848,0.33350008726119995,0.5733659267425537,sig,0.04081632653061224
23,NVO,2021,acf1_lo,381,9240,9431,0.9385440349578857,1.9944950342178345,0.019734259060185902,0.04132728545984358,2.6028947830200195,5.370822429656982,1.0559507608413696,0.9354285597801208,1.1741173267364502,sig,0.1889763779527559
23,NVO,2021,sign_persistence_hi,273,9240,9431,0.9981945157051086,2.3354897499084473,0.02091625800657596,0.050253729676315674,2.9035983085632324,6.184037685394287,1.3372951745986938,1.194399118423462,1.4791921377182007,sig,0.06227106227106227
23,NVO,2021,sign_persistence_lo,206,9240,9431,0.6169906258583069,1.0083856582641602,0.017790399050250982,0.028658397508003187,1.6580500602722168,4.521539211273193,0.39139512181282043,0.28401434421539307,0.5049756169319153,sig,0.28640776699029125
23,NVO,2021,jump_ratio_hi,116,9240,9431,1.7307320833206177,3.963470220565796,0.03281005949798985,0.07370493486517495,3.761411666870117,7.042677402496338,2.2327380180358887,2.070324420928955,2.3929245471954346,sig,0.0
23,NVO,2021,jump_ratio_lo,363,9240,9431,0.5477748513221741,1.0621310472488403,0.0153415805465017,0.030504478357913332,1.5966938734054565,3.599477529525757,0.5143561959266663,0.42645543813705444,0.6054423451423645,sig,0.209366391184573
23,NVO,2021,rv_rel_hi,311,9240,9431,0.9142319560050964,2.182220697402954,0.019692121018662873,0.047222259206405784,2.659266471862793,5.423091888427734,1.267988681793213,1.1327111721038818,1.4028252363204956,sig,0.15434083601286175
23,NVO,2021,rv_rel_lo,148,9240,9431,0.6958719491958618,1.0587739944458008,0.02108679772835482,0.03264686394377713,1.7393836975097656,2.406740427017212,0.3629019856452942,0.2802201211452484,0.4627435505390167,sig,0.05405405405405406
23,NVO,2021,structure_strong,251,9240,9431,0.633736252784729,1.4446531534194946,0.013496678802270675,0.0327839597714262,2.37402081489563,4.757794380187988,0.8109169602394104,0.6930328607559204,0.9364417195320129,sig,0.06374501992031872
23,NVO,2021,structure_weak,228,9240,9431,1.0549973249435425,2.117141008377075,0.02626006254726754,0.04997422888445112,2.6005704402923584,5.395423889160156,1.0621439218521118,0.8948593139648438,1.2308300733566284,sig,0.2631578947368421
23,NVO,2021,kmeans_0,204,9240,9431,0.7268043160438538,1.3276876211166382,0.01579554513877002,0.02579472874816263,1.7169076204299927,4.709043025970459,0.6008832454681396,0.4653114080429077,0.7521517276763916,sig,0.31862745098039214
23,NVO,2021,kmeans_1,179,9240,9431,0.6621950268745422,1.800793170928955,0.023415543403601007,0.05884243179182308,1.9729284048080444,5.08272647857666,1.138598084449768,0.9777935743331909,1.304076910018921,sig,0.0111731843575419
23,NVO,2021,kmeans_2,96,9240,9431,1.3833979368209839,2.6263115406036377,0.020430074610346613,0.03987477221793051,3.947141647338867,7.2717604637146,1.2429136037826538,1.0014082193374634,1.483190894126892,sig,0.09375
64,NVO,2021,acf1_hi,98,9240,26200,0.42879509925842285,0.9663271307945251,0.01894089732873581,0.044147540206094196,1.5179970264434814,3.733179807662964,0.5375320315361023,0.4056563675403595,0.6906267404556274,sig,0.02040816326530612
64,NVO,2021,acf1_lo,381,9240,26200,0.9385440349578857,2.040628671646118,0.019734259060185902,0.04323982144686973,2.6028947830200195,5.473407745361328,1.102084755897522,0.9775390028953552,1.2274826765060425,sig,0.13910761154855644
64,NVO,2021,sign_persistence_hi,273,9240,26200,0.9981945157051086,2.363966941833496,0.02091625800657596,0.05260199420100179,2.9035983085632324,6.529232025146484,1.3657722473144531,1.2097827196121216,1.5206198692321777,sig,0.08058608058608059
64,NVO,2021,sign_persistence_lo,206,9240,26200,0.6169906258583069,1.1010518074035645,0.017790399050250982,0.03126449754651025,1.6580500602722168,4.516173362731934,0.48406100273132324,0.37447094917297363,0.59879469871521,sig,0.16019417475728157
64,NVO,2021,jump_ratio_hi,116,9240,26200,1.7307320833206177,3.9474050998687744,0.03281005949798985,0.07586374525101153,3.761411666870117,7.346339225769043,2.2166731357574463,2.0144424438476562,2.411949634552002,sig,0.0
64,NVO,2021,jump_ratio_lo,363,9240,26200,0.5477748513221741,1.1412689685821533,0.0153415805465017,0.03305960457944149,1.5966938734054565,3.8045430183410645,0.5934941172599792,0.4983990788459778,0.6930378079414368,sig,0.15151515151515152
64,NVO,2021,rv_rel_hi,311,9240,26200,0.9142319560050964,2.238558769226074,0.019692121018662873,0.04932417894028091,2.659266471862793,5.581609725952148,1.3243268728256226,1.182641625404358,1.4697343111038208,sig,0.0932475884244373
64,NVO,2021,rv_rel_lo,148,9240,26200,0.6958719491958618,1.1084957122802734,0.02108679772835482,0.036046014238548536,1.7393836975097656,2.526022434234619,0.41262373328208923,0.31793248653411865,0.5267838835716248,sig,0.0945945945945946
64,NVO,2021,structure_strong,251,9240,26200,0.633736252784729,1.4448792934417725,0.013496678802270675,0.034369213321041266,2.37402081489563,4.807918548583984,0.8111431002616882,0.682014524936676,0.9477369785308838,sig,0.07569721115537849
64,NVO,2021,structure_weak,228,9240,26200,1.0549973249435425,2.2347145080566406,0.02626006254726754,0.05339543143804053,2.6005704402923584,5.334938049316406,1.1797171831130981,1.0140715837478638,1.3527835607528687,sig,0.15789473684210525
64,NVO,2021,kmeans_0,204,9240,26200,0.7268043160438538,1.3478175401687622,0.01579554513877002,0.026990522222892808,1.7169076204299927,4.632394790649414,0.6210131645202637,0.485410213470459,0.7705168128013611,sig,0.22058823529411764
64,NVO,2021,kmeans_1,179,9240,26200,0.6621950268745422,1.9707993268966675,0.023415543403601007,0.06453645671401498,1.9729284048080444,5.4950480461120605,1.3086044788360596,1.1283137798309326,1.4947384595870972,sig,0.00558659217877095
64,NVO,2021,kmeans_2,96,9240,26200,1.3833979368209839,2.546372413635254,0.020430074610346613,0.03898686068933108,3.947141647338867,7.716388702392578,1.16297447681427,0.918268084526062,1.4165465831756592,sig,0.09375
128,NVO,2021,acf1_hi,98,9240,52376,0.42879509925842285,0.8423537611961365,0.01894089732873581,0.03840274771434252,1.5179970264434814,3.2727699279785156,0.41355860233306885,0.3124895393848419,0.5333179235458374,sig,0.04081632653061224
128,NVO,2021,acf1_lo,381,9240,52376,0.9385440349578857,1.8252888917922974,0.019734259060185902,0.038636852455005165,2.6028947830200195,5.061481952667236,0.8867449164390564,0.7807157039642334,0.991998016834259,sig,0.1994750656167979
128,NVO,2021,sign_persistence_hi,273,9240,52376,0.9981945157051086,2.1272947788238525,0.02091625800657596,0.04667963787586728,2.9035983085632324,5.932547092437744,1.1291003227233887,1.0018471479415894,1.2553147077560425,sig,0.05860805860805861
128,NVO,2021,sign_persistence_lo,206,9240,52376,0.6169906258583069,0.9574480056762695,0.017790399050250982,0.027866839423547403,1.6580500602722168,3.8881635665893555,0.34045711159706116,0.24984213709831238,0.4367743730545044,sig,0.3106796116504854
128,NVO,2021,jump_ratio_hi,116,9240,52376,1.7307320833206177,3.6246938705444336,0.03281005949798985,0.06943285370747387,3.761411666870117,6.775557041168213,1.8939619064331055,1.739546775817871,2.0473713874816895,sig,0.0
128,NVO,2021,jump_ratio_lo,363,9240,52376,0.5477748513221741,0.9849070906639099,0.0153415805465017,0.028732504218445077,1.5966938734054565,3.311082363128662,0.43713217973709106,0.36040136218070984,0.5154011845588684,sig,0.22038567493112948
128,NVO,2021,rv_rel_hi,311,9240,52376,0.9142319560050964,1.9932403564453125,0.019692121018662873,0.04377329578492656,2.659266471862793,5.092422962188721,1.0790085792541504,0.9608849883079529,1.198639154434204,sig,0.1639871382636656
128,NVO,2021,rv_rel_lo,148,9240,52376,0.6958719491958618,0.9950916171073914,0.02108679772835482,0.032133205860143454,1.7393836975097656,2.2899298667907715,0.29921966791152954,0.22596974670886993,0.38982224464416504,sig,0.060810810810810814
128,NVO,2021,structure_strong,251,9240,52376,0.633736252784729,1.2949566841125488,0.013496678802270675,0.030013136277093656,2.37402081489563,4.194197654724121,0.6612205505371094,0.5575830936431885,0.7710726261138916,sig,0.08366533864541832
128,NVO,2021,structure_weak,228,9240,52376,1.0549973249435425,1.986629843711853,0.02626006254726754,0.048029880946543965,2.6005704402923584,5.2730207443237305,0.9316325783729553,0.7864306569099426,1.077691674232483,sig,0.25877192982456143
128,NVO,2021,kmeans_0,204,9240,52376,0.7268043160438538,1.1993404626846313,0.01579554513877002,0.024360229163354032,1.7169076204299927,4.167776107788086,0.4725363254547119,0.3626561760902405,0.5968723893165588,sig,0.31862745098039214
128,NVO,2021,kmeans_1,179,9240,52376,0.6621950268745422,1.6841782331466675,0.023415543403601007,0.05558612725405962,1.9729284048080444,4.721242904663086,1.02198326587677,0.876406729221344,1.172026515007019,sig,0.0111731843575419
128,NVO,2021,kmeans_2,96,9240,52376,1.3833979368209839,2.415128707885742,0.020430074610346613,0.0371323597246004,3.947141647338867,6.912065505981445,1.0317307710647583,0.8179710507392883,1.2518314123153687,sig,0.13541666666666666
23,NVO,2022,acf1_hi,98,9240,9431,0.5684735774993896,0.9362024068832397,0.026035033396056617,0.04213963703748855,2.1399192810058594,3.6914031505584717,0.3677288889884949,0.2741967439651489,0.4729253947734833,sig,0.02040816326530612
23,NVO,2022,acf1_lo,381,9240,9431,1.1624637842178345,1.9432686567306519,0.024477682016879658,0.040269376899020874,3.006014585494995,5.227843761444092,0.7808048725128174,0.7008350491523743,0.8659080862998962,sig,0.1732283464566929
23,NVO,2022,sign_persistence_hi,273,9240,9431,1.2658014297485352,2.1369118690490723,0.026706351127920917,0.04833957977818882,3.235703229904175,5.911595344543457,0.8711106181144714,0.763461172580719,0.9830973148345947,sig,0.17216117216117216
23,NVO,2022,sign_persistence_lo,206,9240,9431,0.7429385781288147,1.207554578781128,0.02226503040447712,0.030464134702695565,2.3476719856262207,3.997708320617676,0.46461597084999084,0.4045492112636566,0.5262044668197632,sig,0.10194174757281553
23,NVO,2022,jump_ratio_hi,116,9240,9431,2.17201566696167,3.4641144275665283,0.040837616136161284,0.06775143015608279,4.033458709716797,6.494550704956055,1.292099118232727,1.1407936811447144,1.4354510307312012,sig,0.07758620689655173
23,NVO,2022,jump_ratio_lo,363,9240,9431,0.6794912219047546,1.185388207435608,0.019670156059090876,0.03199215187354058,1.9427523612976074,3.5258164405822754,0.5058969259262085,0.4385465681552887,0.5775650143623352,sig,0.162534435261708
23,NVO,2022,rv_rel_hi,311,9240,9431,1.181674599647522,2.0846917629241943,0.02571470454815692,0.045862221689104546,3.010711908340454,5.284069061279297,0.9030171036720276,0.8116978406906128,0.9968945384025574,sig,0.11254019292604502
23,NVO,2022,rv_rel_lo,148,9240,9431,0.8171554207801819,1.115430235862732,0.02549096079891997,0.03385711021100241,2.0410594940185547,2.3173439502716064,0.29827484488487244,0.22194387018680573,0.3805471658706665,sig,0.22297297297297297
23,NVO,2022,structure_strong,251,9240,9431,0.8076406121253967,1.3580710887908936,0.017499254461936415,0.032440410167301384,2.7894763946533203,4.5322771072387695,0.5504304766654968,0.45734912157058716,0.6533045768737793,sig,0.16733067729083664
23,NVO,2022,structure_weak,228,9240,9431,1.2977690696716309,2.154637575149536,0.03282946162850288,0.049691991562316594,2.9461545944213867,5.096250534057617,0.85686856508255,0.7624784708023071,0.9538187384605408,sig,0.11403508771929824
23,NVO,2022,kmeans_0,204,9240,9431,0.9032169580459595,1.3307186365127563,0.01928017763413997,0.025350116306679854,2.510033369064331,4.003343105316162,0.4275015592575073,0.35277074575424194,0.5051080584526062,sig,0.2647058823529412
23,NVO,2022,kmeans_1,179,9240,9431,0.9181123971939087,1.8452647924423218,0.03214801475783213,0.06072681230976903,2.8250010013580322,5.242444038391113,0.9271525740623474,0.7988966107368469,1.0524451732635498,sig,0.0111731843575419
23,NVO,2022,kmeans_2,96,9240,9431,1.5626119375228882,2.3996269702911377,0.022810200439876988,0.035737436439473844,4.168060302734375,6.79348087310791,0.8370152115821838,0.6688757538795471,1.0118941068649292,sig,0.125
64,NVO,2022,acf1_hi,98,9240,26200,0.5684735774993896,0.8185346126556396,0.026035033396056617,0.03698068436767303,2.1399192810058594,3.0188441276550293,0.25006094574928284,0.18304620683193207,0.3258529603481293,sig,0.02040816326530612
64,NVO,2022,acf1_lo,381,9240,26200,1.1624637842178345,1.6314287185668945,0.024477682016879658,0.034678852318484506,3.006014585494995,4.140783309936523,0.4689648151397705,0.4095657765865326,0.5324668288230896,sig,0.27296587926509186
64,NVO,2022,sign_persistence_hi,273,9240,26200,1.2658014297485352,1.809814691543579,0.026706351127920917,0.041033639625126704,3.235703229904175,5.107187747955322,0.5440133810043335,0.46242788434028625,0.6296140551567078,sig,0.27106227106227104
64,NVO,2022,sign_persistence_lo,206,9240,26200,0.7429385781288147,1.0083070993423462,0.02226503040447712,0.027352263027742556,2.3476719856262207,3.2827835083007812,0.2653685212135315,0.22543762624263763,0.305819034576416,sig,0.1553398058252427
64,NVO,2022,jump_ratio_hi,116,9240,26200,2.17201566696167,2.992802858352661,0.040837616136161284,0.05881599536125633,4.033458709716797,5.812230587005615,0.8207870125770569,0.7004496455192566,0.9349794983863831,sig,0.21551724137931033
64,NVO,2022,jump_ratio_lo,363,9240,26200,0.6794912219047546,0.9769299626350403,0.019670156059090876,0.027587036747847994,1.9427523612976074,3.004490375518799,0.2974388301372528,0.24753065407276154,0.35040733218193054,sig,0.2231404958677686
64,NVO,2022,rv_rel_hi,311,9240,26200,1.181674599647522,1.7509198188781738,0.02571470454815692,0.039056076384494244,3.010711908340454,4.259195327758789,0.5692453384399414,0.5034130811691284,0.6375232338905334,sig,0.19614147909967847
64,NVO,2022,rv_rel_lo,148,9240,26200,0.8171554207801819,0.9587064385414124,0.02549096079891997,0.030589533197113827,2.0410594940185547,2.2558460235595703,0.14155106246471405,0.07900147140026093,0.20946994423866272,sig,0.30405405405405406
64,NVO,2022,structure_strong,251,9240,26200,0.8076406121253967,1.1190690994262695,0.017499254461936415,0.027161669565446054,2.7894763946533203,3.6267237663269043,0.31142860651016235,0.24075600504875183,0.3874499201774597,sig,0.30278884462151395
64,NVO,2022,structure_weak,228,9240,26200,1.2977690696716309,1.8460716009140015,0.03282946162850288,0.04394373131775262,2.9461545944213867,4.118363380432129,0.5483026504516602,0.4793079197406769,0.6179648637771606,sig,0.13157894736842105
64,NVO,2022,kmeans_0,204,9240,26200,0.9032169580459595,1.1117314100265503,0.01928017763413997,0.022451927705919646,2.510033369064331,3.409738779067993,0.20851445198059082,0.15471287071704865,0.26251736283302307,sig,0.3382352941176471
64,NVO,2022,kmeans_1,179,9240,26200,0.9181123971939087,1.5496069192886353,0.03214801475783213,0.05169761788169375,2.8250010013580322,4.16819953918457,0.631494402885437,0.5400370955467224,0.7203490138053894,sig,0.027932960893854747
64,NVO,2022,kmeans_2,96,9240,26200,1.5626119375228882,2.0585193634033203,0.022810200439876988,0.031277947380664264,4.168060302734375,6.0988688468933105,0.49590757489204407,0.36096125841140747,0.6339638233184814,sig,0.3333333333333333
128,NVO,2022,acf1_hi,98,9240,52376,0.5684735774993896,0.4980972707271576,0.026035033396056617,0.021763991508102255,2.1399192810058594,1.8006725311279297,-0.07037633657455444,-0.10987847298383713,-0.03287468105554581,sig,0.6632653061224489
128,NVO,2022,acf1_lo,381,9240,52376,1.1624637842178345,1.1295274496078491,0.024477682016879658,0.02392710992330695,3.006014585494995,3.077326774597168,-0.032936304807662964,-0.05869200825691223,-0.005431083496659994,sig,0.6246719160104987
128,NVO,2022,sign_persistence_hi,273,9240,52376,1.2658014297485352,1.2193399667739868,0.026706351127920917,0.026222346267473023,3.235703229904175,3.645521402359009,-0.046461332589387894,-0.0793420672416687,-0.011722723953425884,sig,0.7142857142857143
128,NVO,2022,sign_persistence_lo,206,9240,52376,0.7429385781288147,0.7101149559020996,0.02226503040447712,0.019856308337639964,2.3476719856262207,2.1308069229125977,-0.03282363712787628,-0.05874641239643097,-0.008868273347616196,sig,0.5242718446601942
128,NVO,2022,jump_ratio_hi,116,9240,52376,2.17201566696167,2.2072010040283203,0.040837616136161284,0.042883154607420204,4.033458709716797,4.792663097381592,0.03518524020910263,-0.023297229781746864,0.0975002571940422,ns,0.603448275862069
128,NVO,2022,jump_ratio_lo,363,9240,52376,0.6794912219047546,0.6146782636642456,0.019670156059090876,0.017285548523727892,1.9427523612976074,1.8523609638214111,-0.06481294333934784,-0.0864531472325325,-0.04306698217988014,sig,0.6418732782369146
128,NVO,2022,rv_rel_hi,311,9240,52376,1.181674599647522,1.1535331010818481,0.02571470454815692,0.024995037285473354,3.010711908340454,3.090087413787842,-0.02814151905477047,-0.05573900043964386,0.0003657862835098058,ns,0.6366559485530546
128,NVO,2022,rv_rel_lo,148,9240,52376,0.8171554207801819,0.7176205515861511,0.02549096079891997,0.022465198912490613,2.0410594940185547,1.8345056772232056,-0.09953482449054718,-0.13585759699344635,-0.06221779063344002,sig,0.7094594594594594
128,NVO,2022,structure_strong,251,9240,52376,0.8076406121253967,0.710545003414154,0.017499254461936415,0.01583645937541627,2.7894763946533203,2.7858505249023438,-0.09709557145833969,-0.12287881970405579,-0.07084095478057861,sig,0.7410358565737052
128,NVO,2022,structure_weak,228,9240,52376,1.2977690696716309,1.3193714618682861,0.03282946162850288,0.03190416116379159,2.9461545944213867,3.3204057216644287,0.02160252258181572,-0.013348091393709183,0.05763285234570503,ns,0.5131578947368421
128,NVO,2022,kmeans_0,204,9240,52376,0.9032169580459595,0.8063498735427856,0.01928017763413997,0.017062363787927345,2.510033369064331,2.298185348510742,-0.09686707705259323,-0.12608326971530914,-0.0689728707075119,sig,0.6911764705882353
128,NVO,2022,kmeans_1,179,9240,52376,0.9181123971939087,0.8703759908676147,0.03214801475783213,0.02984551723704402,2.8250010013580322,2.8769710063934326,-0.04773643612861633,-0.08130324631929398,-0.013483108021318913,sig,0.6703910614525139
128,NVO,2022,kmeans_2,96,9240,52376,1.5626119375228882,1.6549043655395508,0.022810200439876988,0.025271148441728224,4.168060302734375,5.010415077209473,0.09229258447885513,0.030827023088932037,0.15462487936019897,sig,0.4375
23,NVO,2023,acf1_hi,98,9240,9431,0.671575129032135,0.9779825806617737,0.030735765403101314,0.04445852365339812,2.369236469268799,3.7404251098632812,0.3064075708389282,0.2335161566734314,0.39412447810173035,sig,0.02040816326530612
23,NVO,2023,acf1_lo,381,9240,9431,1.3649835586547852,1.963789939880371,0.029060548495860927,0.04138012186016726,3.4342777729034424,5.148823261260986,0.5988064408302307,0.5334693193435669,0.6673182249069214,sig,0.15223097112860892
23,NVO,2023,sign_persistence_hi,273,9240,9431,1.512774109840393,2.166147470474243,0.033114037254730194,0.0498579443134397,3.8721539974212646,6.024837493896484,0.6533734202384949,0.5679286122322083,0.7452966570854187,sig,0.1684981684981685
23,NVO,2023,sign_persistence_lo,206,9240,9431,0.8392512202262878,1.2266408205032349,0.024485639882939805,0.031609431792173334,2.7491936683654785,4.0714216232299805,0.38738954067230225,0.33860155940055847,0.4371248781681061,sig,0.06796116504854369
23,NVO,2023,jump_ratio_hi,116,9240,9431,2.5027358531951904,3.477760076522827,0.0475682105190332,0.06847897793593478,4.672104835510254,6.6579461097717285,0.9750245213508606,0.8522524237632751,1.0999096632003784,sig,0.05172413793103448
23,NVO,2023,jump_ratio_lo,363,9240,9431,0.8142030835151672,1.21384596824646,0.023598516711347363,0.033551515995009114,2.4436607360839844,3.7048113346099854,0.39964282512664795,0.3440333306789398,0.4573562443256378,sig,0.1487603305785124
23,NVO,2023,rv_rel_hi,311,9240,9431,1.4254629611968994,2.1194024085998535,0.0313747295845983,0.04722925584439654,3.435568332672119,5.280325889587402,0.6939395666122437,0.6219115853309631,0.7670623660087585,sig,0.10289389067524116
23,NVO,2023,rv_rel_lo,148,9240,9431,0.8778296709060669,1.126747965812683,0.028342422629917183,0.03542238324531295,2.232391834259033,2.304684638977051,0.24891828000545502,0.17827729880809784,0.32788386940956116,sig,0.1891891891891892
23,NVO,2023,structure_strong,251,9240,9431,0.9555895328521729,1.372172474861145,0.022149779757250153,0.03389270015140978,3.1769838333129883,4.699981689453125,0.416582852602005,0.3432846963405609,0.4962131381034851,sig,0.14741035856573706
23,NVO,2023,structure_weak,228,9240,9431,1.517632246017456,2.191364288330078,0.037388505558584015,0.05094602635417934,3.3539814949035645,4.8880767822265625,0.6737320423126221,0.5981703400611877,0.7498313188552856,sig,0.10087719298245613
23,NVO,2023,kmeans_0,204,9240,9431,1.0016186237335205,1.32275390625,0.021314513890083413,0.025811235662027792,2.9386661052703857,4.077381134033203,0.3211352825164795,0.258041113615036,0.3872622549533844,sig,0.23039215686274508
23,NVO,2023,kmeans_1,179,9240,9431,1.1933196783065796,1.9336689710617065,0.040428983368733976,0.06381434222330372,3.1038265228271484,5.429933071136475,0.7403491735458374,0.640418529510498,0.8445854187011719,sig,0.0223463687150838
23,NVO,2023,kmeans_2,96,9240,9431,1.7493610382080078,2.375809907913208,0.02603359510256819,0.03577606680970531,4.817206382751465,7.001452922821045,0.6264488101005554,0.49216872453689575,0.7701314091682434,sig,0.09375
64,NVO,2023,acf1_hi,98,9240,26200,0.671575129032135,0.8164008259773254,0.030735765403101314,0.037094860844501996,2.369236469268799,3.261850595474243,0.1448258012533188,0.09319402277469635,0.2068960815668106,sig,0.17346938775510204
64,NVO,2023,acf1_lo,381,9240,26200,1.3649835586547852,1.8141638040542603,0.029060548495860927,0.03743982090693042,3.4342777729034424,4.878970623016357,0.44918033480644226,0.3936471939086914,0.5072618722915649,sig,0.2230971128608924
64,NVO,2023,sign_persistence_hi,273,9240,26200,1.512774109840393,2.0949387550354004,0.033114037254730194,0.04521809186352805,3.8721539974212646,5.715834617614746,0.5821646451950073,0.5125683546066284,0.6520363688468933,sig,0.1282051282051282
64,NVO,2023,sign_persistence_lo,206,9240,26200,0.8392512202262878,0.9674050807952881,0.024485639882939805,0.026967616745429752,2.7491936683654785,4.053705215454102,0.12815380096435547,0.08114370703697205,0.18158407509326935,sig,0.32524271844660196
64,NVO,2023,jump_ratio_hi,116,9240,26200,2.5027358531951904,3.592621326446533,0.0475682105190332,0.06717042931600702,4.672104835510254,6.779860019683838,1.0898855924606323,1.0104804039001465,1.1754289865493774,sig,0.0
64,NVO,2023,jump_ratio_lo,363,9240,26200,0.8142030835151672,0.9764728546142578,0.023598516711347363,0.027846000902602953,2.4436607360839844,3.212197780609131,0.1622697114944458,0.12736740708351135,0.20013007521629333,sig,0.2809917355371901
64,NVO,2023,rv_rel_hi,311,9240,26200,1.4254629611968994,1.9708375930786133,0.0313747295845983,0.04261724517882176,3.435568332672119,4.900189399719238,0.5453747510910034,0.480919748544693,0.6075710654258728,sig,0.17363344051446947
64,NVO,2023,rv_rel_lo,148,9240,26200,0.8778296709060669,0.9932544827461243,0.028342422629917183,0.030583907331180497,2.232391834259033,2.264187812805176,0.11542478948831558,0.06882157176733017,0.17075219750404358,sig,0.22297297297297297
64,NVO,2023,structure_strong,251,9240,26200,0.9555895328521729,1.2951312065124512,0.022149779757250153,0.0292880332052351,3.1769838333129883,4.345552444458008,0.3395417332649231,0.28924936056137085,0.39266982674598694,sig,0.11155378486055777
64,NVO,2023,structure_weak,228,9240,26200,1.517632246017456,1.956692099571228,0.037388505558584015,0.046265665762226654,3.3539814949035645,4.99428129196167,0.43905988335609436,0.35947659611701965,0.5243725776672363,sig,0.32456140350877194
64,NVO,2023,kmeans_0,204,9240,26200,1.0016186237335205,1.2215187549591064,0.021314513890083413,0.02387143580005921,2.9386661052703857,4.208850860595703,0.2199002206325531,0.15965162217617035,0.28376635909080505,sig,0.3235294117647059
64,NVO,2023,kmeans_1,179,9240,26200,1.1933196783065796,1.6080845594406128,0.040428983368733976,0.053099607576599046,3.1038265228271484,4.476619720458984,0.4147648811340332,0.34588271379470825,0.4867423176765442,sig,0.11731843575418995
64,NVO,2023,kmeans_2,96,9240,26200,1.7493610382080078,2.439236879348755,0.02603359510256819,0.03672151530081644,4.817206382751465,6.999898910522461,0.6898759007453918,0.5494472980499268,0.8316762447357178,sig,0.15625
128,NVO,2023,acf1_hi,98,9240,52376,0.671575129032135,0.5794878005981445,0.030735765403101314,0.025443058973696392,2.369236469268799,1.9998104572296143,-0.09208723902702332,-0.12699845433235168,-0.05777435749769211,sig,0.7448979591836735
128,NVO,2023,acf1_lo,381,9240,52376,1.3649835586547852,1.2496087551116943,0.029060548495860927,0.02662300638115472,3.4342777729034424,3.342054605484009,-0.1153748482465744,-0.1430250108242035,-0.08713510632514954,sig,0.6482939632545932
128,NVO,2023,sign_persistence_hi,273,9240,52376,1.512774109840393,1.3527123928070068,0.033114037254730194,0.03010929614707679,3.8721539974212646,4.067538261413574,-0.1600617617368698,-0.19084739685058594,-0.1276656836271286,sig,0.7802197802197802
128,NVO,2023,sign_persistence_lo,206,9240,52376,0.8392512202262878,0.794175922870636,0.024485639882939805,0.02144149205092345,2.7491936683654785,2.2934749126434326,-0.04507528617978096,-0.07545448839664459,-0.01480347104370594,sig,0.5194174757281553
128,NVO,2023,jump_ratio_hi,116,9240,52376,2.5027358531951904,2.363807439804077,0.0475682105190332,0.04659787309052303,4.672104835510254,5.100468635559082,-0.13892795145511627,-0.19350245594978333,-0.08204209059476852,sig,0.7241379310344828
128,NVO,2023,jump_ratio_lo,363,9240,52376,0.8142030835151672,0.7126419544219971,0.023598516711347363,0.01992130008854414,2.4436607360839844,2.1519291400909424,-0.10156124085187912,-0.12614920735359192,-0.07739955186843872,sig,0.650137741046832
128,NVO,2023,rv_rel_hi,311,9240,52376,1.4254629611968994,1.3003731966018677,0.0313747295845983,0.02865703958837317,3.435568332672119,3.3538825511932373,-0.12508971989154816,-0.15339559316635132,-0.09546753019094467,sig,0.7041800643086816
128,NVO,2023,rv_rel_lo,148,9240,52376,0.8778296709060669,0.759022057056427,0.028342422629917183,0.024004179257396653,2.232391834259033,1.8117583990097046,-0.11880761384963989,-0.15957678854465485,-0.07774729281663895,sig,0.6824324324324325
128,NVO,2023,structure_strong,251,9240,52376,0.9555895328521729,0.8002071380615234,0.022149779757250153,0.018890564888391772,3.1769838333129883,2.896658420562744,-0.15538239479064941,-0.18082815408706665,-0.12842489778995514,sig,0.7928286852589641
128,NVO,2023,structure_weak,228,9240,52376,1.517632246017456,1.4563101530075073,0.037388505558584015,0.03462830448971869,3.3539814949035645,3.7045183181762695,-0.06132187694311142,-0.0994889959692955,-0.024039439857006073,sig,0.5307017543859649
128,NVO,2023,kmeans_0,204,9240,52376,1.0016186237335205,0.8534798622131348,0.021314513890083413,0.017864507310233344,2.9386661052703857,2.442497968673706,-0.14813871681690216,-0.18480250239372253,-0.11084071546792984,sig,0.6372549019607843
128,NVO,2023,kmeans_1,179,9240,52376,1.1933196783065796,1.0561246871948242,0.040428983368733976,0.03564952135491667,3.1038265228271484,3.113889217376709,-0.13719512522220612,-0.17107301950454712,-0.10423006862401962,sig,0.7374301675977654
128,NVO,2023,kmeans_2,96,9240,52376,1.7493610382080078,1.7680679559707642,0.02603359510256819,0.027199597883588632,4.817206382751465,5.286221027374268,0.01870681345462799,-0.030182285234332085,0.06670485436916351,ns,0.6041666666666666
23,TM,2021,acf1_hi,249,9240,9431,0.5002385973930359,0.6275086998939514,0.005973780654191787,0.007364882714242766,1.7515090703964233,2.2080066204071045,0.12727007269859314,0.10454294830560684,0.151146799325943,sig,0.20883534136546184
23,TM,2021,acf1_lo,230,9240,9431,0.264672189950943,0.2819210886955261,0.003762845209990108,0.0039535759984464115,0.6772927641868591,0.6856711506843567,0.01724889501929283,0.007805011235177517,0.027365950867533684,sig,0.508695652173913
23,TM,2021,sign_persistence_hi,149,9240,9431,0.758728563785553,0.9622114300727844,0.0080844846759649,0.010259244349815707,2.408315896987915,2.792963981628418,0.2034829705953598,0.1713537871837616,0.23680560290813446,sig,0.10067114093959731
23,TM,2021,sign_persistence_lo,330,9240,9431,0.2193438708782196,0.23552121222019196,0.003479810801432454,0.003680457173838131,0.647341251373291,0.6221264600753784,0.01617736555635929,0.00897651445120573,0.023411765694618225,sig,0.4666666666666667
23,TM,2021,jump_ratio_hi,123,9240,9431,0.5288583636283875,0.6481106877326965,0.006423435629376041,0.007554654958444805,1.6442184448242188,2.253359079360962,0.11925234645605087,0.08212479203939438,0.15799874067306519,sig,0.34959349593495936
23,TM,2021,jump_ratio_lo,356,9240,9431,0.338158518075943,0.3971177041530609,0.004390008985332099,0.005095381223596665,1.1931065320968628,1.35664963722229,0.05895913764834404,0.0467248372733593,0.07174953818321228,sig,0.3539325842696629
23,TM,2021,rv_rel_hi,362,9240,9431,0.3712369501590729,0.46128085255622864,0.004630037122375078,0.005613536027481145,1.3575801849365234,1.9372341632843018,0.09004397690296173,0.07309924811124802,0.10763809829950333,sig,0.3397790055248619
23,TM,2021,rv_rel_lo,97,9240,9431,0.25166425108909607,0.26364564895629883,0.004001970171389745,0.004130944248150563,0.6769111752510071,0.622037410736084,0.011981425806879997,-0.0006417222321033478,0.02453959546983242,ns,0.44329896907216493
23,TM,2021,structure_strong,227,9240,9431,0.4904443025588989,0.5916458368301392,0.005991473127978466,0.007171327456183186,2.0091843605041504,2.3537235260009766,0.10120154917240143,0.08164628595113754,0.12190919369459152,sig,0.2422907488986784
23,TM,2021,structure_weak,252,9240,9431,0.2940601706504822,0.3443964421749115,0.003939926115636382,0.004425741837045794,0.7709871530532837,1.1277227401733398,0.05033627897500992,0.03359616547822952,0.06910764425992966,sig,0.4523809523809524
23,TM,2021,kmeans_0,328,9240,9431,0.35889434814453125,0.4088638126850128,0.004852921677774455,0.005423804750113768,1.674594521522522,1.8655788898468018,0.04996945708990097,0.03707900270819664,0.06345868110656738,sig,0.4054878048780488
23,TM,2021,kmeans_1,64,9240,9431,0.7410602569580078,0.9959878921508789,0.0076262433404268,0.010175357879300248,1.5831809043884277,2.1985156536102295,0.2549276351928711,0.20001289248466492,0.3100435137748718,sig,0.109375
23,TM,2021,kmeans_2,87,9240,9431,0.2332046926021576,0.2671373188495636,0.0031389413459096947,0.003597096703179218,0.704272449016571,0.7481159567832947,0.03393267095088959,0.02044738084077835,0.047917600721120834,sig,0.3333333333333333
64,TM,2021,acf1_hi,249,9240,26200,0.5002385973930359,0.4939943253993988,0.005973780654191787,0.0058282759184592305,1.7515090703964233,1.7590388059616089,-0.00624432135373354,-0.013764841482043266,0.001334700733423233,ns,0.5060240963855421
64,TM,2021,acf1_lo,230,9240,26200,0.264672189950943,0.2599611282348633,0.003762845209990108,0.003687928301424301,0.6772927641868591,0.6431883573532104,-0.0047110640443861485,-0.010286579839885235,0.0005193004617467523,ns,0.6521739130434783
64,TM,2021,sign_persistence_hi,149,9240,26200,0.758728563785553,0.7603845596313477,0.0080844846759649,0.008089404062899458,2.408315896987915,2.4006106853485107,0.0016560554504394531,-0.007077743299305439,0.01010782178491354,ns,0.5234899328859061
64,TM,2021,sign_persistence_lo,330,9240,26200,0.2193438708782196,0.21060101687908173,0.003479810801432454,0.0033155848716724806,0.647341251373291,0.5399596095085144,-0.008742826990783215,-0.014301811344921589,-0.003179237013682723,sig,0.6
64,TM,2021,jump_ratio_hi,123,9240,26200,0.5288583636283875,0.5294422507286072,0.006423435629376041,0.006443960563693449,1.6442184448242188,1.7078944444656372,0.0005838918150402606,-0.008908115327358246,0.010050170123577118,ns,0.5203252032520326
64,TM,2021,jump_ratio_lo,356,9240,26200,0.338158518075943,0.3305456042289734,0.004390008985332099,0.0042327445609259655,1.1931065320968628,1.2218865156173706,-0.007612920366227627,-0.013130714185535908,-0.0021187092643231153,sig,0.5955056179775281
64,TM,2021,rv_rel_hi,362,9240,26200,0.3712369501590729,0.3720678985118866,0.004630037122375078,0.004621671961474039,1.3575801849365234,1.3529914617538452,0.0008309664553962648,-0.0038091016467660666,0.005697358399629593,ns,0.5497237569060773
64,TM,2021,rv_rel_lo,97,9240,26200,0.25166425108909607,0.22176435589790344,0.004001970171389745,0.0034755126007527167,0.6769111752510071,0.5296299457550049,-0.029899906367063522,-0.0444040410220623,-0.016403116285800934,sig,0.6907216494845361
64,TM,2021,structure_strong,227,9240,26200,0.4904443025588989,0.4828721880912781,0.005991473127978466,0.005825131889244061,2.0091843605041504,1.9808003902435303,-0.007572136353701353,-0.015831422060728073,0.0003580711199901998,ns,0.5506607929515418
64,TM,2021,structure_weak,252,9240,26200,0.2940601706504822,0.2904113829135895,0.003939926115636382,0.003877616167323555,0.7709871530532837,0.826257586479187,-0.003648832207545638,-0.008802486583590508,0.0014153148513287306,ns,0.5992063492063492
64,TM,2021,kmeans_0,328,9240,26200,0.35889434814453125,0.3524973392486572,0.004852921677774455,0.0047167004025403594,1.674594521522522,1.694965124130249,-0.006397019140422344,-0.012348528951406479,-0.0005255131400190294,sig,0.5792682926829268
64,TM,2021,kmeans_1,64,9240,26200,0.7410602569580078,0.7501779794692993,0.0076262433404268,0.007734016789249683,1.5831809043884277,1.6128253936767578,0.009117653593420982,-0.003373043844476342,0.021130766719579697,ns,0.453125
64,TM,2021,kmeans_2,87,9240,26200,0.2332046926021576,0.22028876841068268,0.0031389413459096947,0.0029587288101002285,0.704272449016571,0.6368026733398438,-0.01291595958173275,-0.022414669394493103,-0.004236101638525724,sig,0.6551724137931034
128,TM,2021,acf1_hi,249,9240,52376,0.5002385973930359,0.4609692692756653,0.005973780654191787,0.005505844363337527,1.7515090703964233,1.5664809942245483,-0.039269328117370605,-0.05141013488173485,-0.027001522481441498,sig,0.5622489959839357
128,TM,2021,acf1_lo,230,9240,52376,0.264672189950943,0.24769900739192963,0.003762845209990108,0.0035566143606326523,0.6772927641868591,0.5876296162605286,-0.016973160207271576,-0.02353508211672306,-0.010903207585215569,sig,0.6826086956521739
128,TM,2021,sign_persistence_hi,149,9240,52376,0.758728563785553,0.7004482746124268,0.0080844846759649,0.007510248392733724,2.408315896987915,2.237349271774292,-0.058280277997255325,-0.07694041728973389,-0.03912347927689552,sig,0.6308724832214765
128,TM,2021,sign_persistence_lo,330,9240,52376,0.2193438708782196,0.20419801771640778,0.003479810801432454,0.0032422713299976656,0.647341251373291,0.5303604006767273,-0.015145841985940933,-0.020327303558588028,-0.010013782419264317,sig,0.6151515151515151
128,TM,2021,jump_ratio_hi,123,9240,52376,0.5288583636283875,0.4659374952316284,0.006423435629376041,0.005827251200904238,1.6442184448242188,1.3822799921035767,-0.06292089819908142,-0.08315527439117432,-0.044320087879896164,sig,0.6585365853658537
128,TM,2021,jump_ratio_lo,356,9240,52376,0.338158518075943,0.3214658200740814,0.004390008985332099,0.004135462504790262,1.1931065320968628,1.1551625728607178,-0.0166927482932806,-0.02301432006061077,-0.010152298957109451,sig,0.6067415730337079
128,TM,2021,rv_rel_hi,362,9240,52376,0.3712369501590729,0.35039904713630676,0.004630037122375078,0.004422516231460057,1.3575801849365234,1.0899351835250854,-0.020837876945734024,-0.029227280989289284,-0.012782355770468712,sig,0.5580110497237569
128,TM,2021,rv_rel_lo,97,9240,52376,0.25166425108909607,0.20866097509860992,0.004001970171389745,0.003303008665579261,0.6769111752510071,0.5375477075576782,-0.04300328344106674,-0.055204231292009354,-0.03159534931182861,sig,0.7835051546391752
128,TM,2021,structure_strong,227,9240,52376,0.4904443025588989,0.4627413749694824,0.005991473127978466,0.005610721206223559,2.0091843605041504,1.754347801208496,-0.027702903375029564,-0.03942456096410751,-0.0163858812302351,sig,0.5859030837004405
128,TM,2021,structure_weak,252,9240,52376,0.2940601706504822,0.2647215723991394,0.003939926115636382,0.003632312839697645,0.7709871530532837,0.7628173828125,-0.029338611289858818,-0.038268040865659714,-0.020915530622005463,sig,0.6507936507936508
128,TM,2021,kmeans_0,328,9240,52376,0.35889434814453125,0.34136220812797546,0.004852921677774455,0.004611826106402806,1.674594521522522,1.4692604541778564,-0.017532192170619965,-0.025245022028684616,-0.010040228255093098,sig,0.5640243902439024
128,TM,2021,kmeans_1,64,9240,52376,0.7410602569580078,0.67014479637146,0.0076262433404268,0.007016043764058369,1.5831809043884277,1.3975335359573364,-0.07091549038887024,-0.10296481102705002,-0.04017098620533943,sig,0.640625
128,TM,2021,kmeans_2,87,9240,52376,0.2332046926021576,0.19420768320560455,0.0031389413459096947,0.002612307880651703,0.704272449016571,0.5826773047447205,-0.03899699077010155,-0.049965959042310715,-0.029591668397188187,sig,0.8160919540229885
23,TM,2022,acf1_hi,249,9240,9431,0.5349130630493164,0.598761796951294,0.006251356129394603,0.006873242576694301,2.0436275005340576,2.4532697200775146,0.06384874135255814,0.044984735548496246,0.08364515006542206,sig,0.3373493975903614
23,TM,2022,acf1_lo,230,9240,9431,0.28134122490882874,0.28498730063438416,0.003976038103489108,0.003977532841866131,0.7064657211303711,0.6934815049171448,0.003646089229732752,-0.0030516793485730886,0.010771532543003559,ns,0.4608695652173913
23,TM,2022,sign_persistence_hi,149,9240,9431,0.8341009020805359,0.9398103356361389,0.008838408347926038,0.009801391571582382,2.595460891723633,2.899892568588257,0.10570941120386124,0.07547909766435623,0.1372978389263153,sig,0.26174496644295303
23,TM,2022,sign_persistence_lo,330,9240,9431,0.22309334576129913,0.2260819375514984,0.003497435139941732,0.0035329170032130787,0.6002757549285889,0.6282854080200195,0.002988590160384774,-0.0015810244949534535,0.007507908158004284,ns,0.4575757575757576
23,TM,2022,jump_ratio_hi,123,9240,9431,0.6015928983688354,0.7001810669898987,0.007160348666398685,0.007999284078882306,2.0549676418304443,2.5017385482788086,0.09858812391757965,0.06438696384429932,0.1376042366027832,sig,0.3902439024390244
23,TM,2022,jump_ratio_lo,356,9240,9431,0.3480502665042877,0.3610014319419861,0.004467285264198631,0.004613365206526874,1.3065288066864014,1.2615584135055542,0.012951117940247059,0.00656943628564477,0.01957269385457039,sig,0.398876404494382
23,TM,2022,rv_rel_hi,362,9240,9431,0.4008595049381256,0.43728625774383545,0.004921636016717112,0.005223920187722115,1.6593098640441895,2.254694700241089,0.03642678260803223,0.022254791110754013,0.0511791817843914,sig,0.46685082872928174
23,TM,2022,rv_rel_lo,97,9240,9431,0.24912616610527039,0.27558767795562744,0.00389402031370895,0.004265815364823633,0.6089353561401367,0.6553203463554382,0.026461537927389145,0.019659368321299553,0.032845884561538696,sig,0.17525773195876287
23,TM,2022,structure_strong,227,9240,9431,0.5100795030593872,0.5416464805603027,0.0061477949406477765,0.006500995918942528,2.205641269683838,2.5136611461639404,0.03156692907214165,0.01935514435172081,0.0448172502219677,sig,0.30837004405286345
23,TM,2022,structure_weak,252,9240,9431,0.3258483409881592,0.36382946372032166,0.004267964240058356,0.004565650323913242,0.8542553186416626,1.4063138961791992,0.037981126457452774,0.02114655077457428,0.056564122438430786,sig,0.47619047619047616
23,TM,2022,kmeans_0,328,9240,9431,0.371456503868103,0.3820461332798004,0.004947831550309859,0.005046860095818616,1.8854176998138428,1.9780943393707275,0.010589664801955223,0.0026326351799070835,0.019595058634877205,sig,0.4725609756097561
23,TM,2022,kmeans_1,64,9240,9431,0.8422883152961731,1.0157794952392578,0.00858623561627816,0.01007801286729649,1.9864341020584106,2.4657680988311768,0.17349115014076233,0.11486421525478363,0.23375141620635986,sig,0.28125
23,TM,2022,kmeans_2,87,9240,9431,0.2546856999397278,0.2795143127441406,0.0034329725526243125,0.003746057704489762,0.7072796821594238,0.725752055644989,0.024828653782606125,0.018048223108053207,0.03124568983912468,sig,0.19540229885057472
64,TM,2022,acf1_hi,249,9240,26200,0.5349130630493164,0.5228988528251648,0.006251356129394603,0.00614954691877367,2.0436275005340576,1.7706782817840576,-0.012014216743409634,-0.025287769734859467,0.0011944951256737113,ns,0.5742971887550201
64,TM,2022,acf1_lo,230,9240,26200,0.28134122490882874,0.25355926156044006,0.003976038103489108,0.0036626265635735576,0.7064657211303711,0.5885043144226074,-0.027781980112195015,-0.036605656147003174,-0.01900910958647728,sig,0.6869565217391305
64,TM,2022,sign_persistence_hi,149,9240,26200,0.8341009020805359,0.8003795146942139,0.008838408347926038,0.008507774549624286,2.595460891723633,2.377270221710205,-0.03372146189212799,-0.05610689893364906,-0.012253804132342339,sig,0.5973154362416108
64,TM,2022,sign_persistence_lo,330,9240,26200,0.22309334576129913,0.20989063382148743,0.003497435139941732,0.0033514632863713436,0.6002757549285889,0.5936524868011475,-0.013202719390392303,-0.01959577389061451,-0.006861894391477108,sig,0.6424242424242425
64,TM,2022,jump_ratio_hi,123,9240,26200,0.6015928983688354,0.5450241565704346,0.007160348666398685,0.0065827752292574844,2.0549676418304443,1.7843022346496582,-0.05656876787543297,-0.07281257957220078,-0.0402582585811615,sig,0.7154471544715447
64,TM,2022,jump_ratio_lo,356,9240,26200,0.3480502665042877,0.3412429094314575,0.004467285264198631,0.00439314589662329,1.3065288066864014,1.1623656749725342,-0.006807406898587942,-0.01593833789229393,0.0024108788929879665,ns,0.598314606741573
64,TM,2022,rv_rel_hi,362,9240,26200,0.4008595049381256,0.3925565481185913,0.004921636016717112,0.00486672607329185,1.6593098640441895,1.4825897216796875,-0.008302949368953705,-0.017894737422466278,0.0009844969026744366,ns,0.574585635359116
64,TM,2022,rv_rel_lo,97,9240,26200,0.24912616610527039,0.22017624974250793,0.00389402031370895,0.0035145070951953126,0.6089353561401367,0.6350873708724976,-0.02894991636276245,-0.03884999826550484,-0.018814584240317345,sig,0.7525773195876289
64,TM,2022,structure_strong,227,9240,26200,0.5100795030593872,0.5046527981758118,0.0061477949406477765,0.006106925441573128,2.205641269683838,1.9904217720031738,-0.0054267109371721745,-0.019373048096895218,0.00809650868177414,ns,0.5506607929515418
64,TM,2022,structure_weak,252,9240,26200,0.3258483409881592,0.29350897669792175,0.004267964240058356,0.00391813181412485,0.8542553186416626,0.8515751361846924,-0.03233941271901131,-0.041364070028066635,-0.023413028568029404,sig,0.6984126984126984
64,TM,2022,kmeans_0,328,9240,26200,0.371456503868103,0.3621205985546112,0.004947831550309859,0.004878558283198933,1.8854176998138428,1.6332594156265259,-0.009335903450846672,-0.018341388553380966,-0.000789984012953937,sig,0.5853658536585366
64,TM,2022,kmeans_1,64,9240,26200,0.8422883152961731,0.8124048709869385,0.00858623561627816,0.008348822156763634,1.9864341020584106,1.6643657684326172,-0.02988342195749283,-0.06686539947986603,0.00525073055177927,ns,0.578125
64,TM,2022,kmeans_2,87,9240,26200,0.2546856999397278,0.2040342092514038,0.0034329725526243125,0.0027488454882119515,0.7072796821594238,0.5893991589546204,-0.05065149441361427,-0.06134975701570511,-0.040272969752550125,sig,0.8275862068965517
128,TM,2022,acf1_hi,249,9240,52376,0.5349130630493164,0.45656245946884155,0.006251356129394603,0.005431084021600838,2.0436275005340576,1.5860023498535156,-0.07835066318511963,-0.09798793494701385,-0.06064826250076294,sig,0.6987951807228916
128,TM,2022,acf1_lo,230,9240,52376,0.28134122490882874,0.25339263677597046,0.003976038103489108,0.0036268204790087066,0.7064657211303711,0.5997835397720337,-0.027948591858148575,-0.037447746843099594,-0.018918348476290703,sig,0.6478260869565218
128,TM,2022,sign_persistence_hi,149,9240,52376,0.8341009020805359,0.6994443535804749,0.008838408347926038,0.007471755755979803,2.595460891723633,2.23415207862854,-0.13465653359889984,-0.16379821300506592,-0.1072857677936554,sig,0.7986577181208053
128,TM,2022,sign_persistence_lo,330,9240,52376,0.22309334576129913,0.20529434084892273,0.003497435139941732,0.003252172799726122,0.6002757549285889,0.5455670356750488,-0.01779899001121521,-0.023516815155744553,-0.011959557421505451,sig,0.6181818181818182
128,TM,2022,jump_ratio_hi,123,9240,52376,0.6015928983688354,0.4880770742893219,0.007160348666398685,0.006069427201554995,2.0549676418304443,1.4147168397903442,-0.11351589113473892,-0.15010716021060944,-0.08081851154565811,sig,0.6097560975609756
128,TM,2022,jump_ratio_lo,356,9240,52376,0.3480502665042877,0.31441256403923035,0.004467285264198631,0.004044856982470074,1.3065288066864014,1.2282159328460693,-0.03363773599267006,-0.04117335379123688,-0.026669064536690712,sig,0.6966292134831461
128,TM,2022,rv_rel_hi,362,9240,52376,0.4008595049381256,0.3471493422985077,0.004921636016717112,0.004365954457241624,1.6593098640441895,1.1495517492294312,-0.053710151463747025,-0.0679033175110817,-0.04043389856815338,sig,0.6353591160220995
128,TM,2022,rv_rel_lo,97,9240,52376,0.24912616610527039,0.21497106552124023,0.00389402031370895,0.0033937547274610538,0.6089353561401367,0.554144024848938,-0.034155093133449554,-0.04346662014722824,-0.02554207667708397,sig,0.7731958762886598
128,TM,2022,structure_strong,227,9240,52376,0.5100795030593872,0.45639875531196594,0.0061477949406477765,0.005522699328004282,2.205641269683838,1.8205662965774536,-0.05368080362677574,-0.06799070537090302,-0.04039858654141426,sig,0.7136563876651982
128,TM,2022,structure_weak,252,9240,52376,0.3258483409881592,0.27127715945243835,0.004267964240058356,0.0037018090638636474,0.8542553186416626,0.7774782776832581,-0.05457121878862381,-0.07166016101837158,-0.03873105347156525,sig,0.6388888888888888
128,TM,2022,kmeans_0,328,9240,52376,0.371456503868103,0.3393389880657196,0.004947831550309859,0.004573785486136464,1.8854176998138428,1.4999849796295166,-0.03211750462651253,-0.042544834315776825,-0.022863095626235008,sig,0.6189024390243902
128,TM,2022,kmeans_1,64,9240,52376,0.8422883152961731,0.6738991737365723,0.00858623561627816,0.007041450362541922,1.9864341020584106,1.4800939559936523,-0.16838912665843964,-0.2233269065618515,-0.11910735815763474,sig,0.765625
128,TM,2022,kmeans_2,87,9240,52376,0.2546856999397278,0.20151276886463165,0.0034329725526243125,0.0027086686079904397,0.7072796821594238,0.5959600210189819,-0.053172916173934937,-0.06641201674938202,-0.041000500321388245,sig,0.8160919540229885
23,TM,2023,acf1_hi,249,9240,9431,0.4918706715106964,0.6308534741401672,0.005807969054819331,0.0071744062589274675,1.854722499847412,2.681178569793701,0.13898280262947083,0.10518850386142731,0.17538012564182281,sig,0.3413654618473896
23,TM,2023,acf1_lo,230,9240,9431,0.2778647541999817,0.29611092805862427,0.00391305576351894,0.004095250864568681,0.7095052599906921,0.7152832746505737,0.018246158957481384,0.006076160818338394,0.03064402937889099,sig,0.41304347826086957
23,TM,2023,sign_persistence_hi,149,9240,9431,0.7628996968269348,1.0047085285186768,0.008078508261786103,0.010446376945384209,2.5597333908081055,3.0460641384124756,0.24180884659290314,0.19003412127494812,0.29523995518684387,sig,0.0738255033557047
23,TM,2023,sign_persistence_lo,330,9240,9431,0.22034132480621338,0.22874681651592255,0.0034620890583431526,0.003550983916549966,0.5787556171417236,0.6342865824699402,0.008405490778386593,0.0004889669944532216,0.0164177268743515,sig,0.5121212121212121
23,TM,2023,jump_ratio_hi,123,9240,9431,0.5598801970481873,0.758275032043457,0.006783152821904966,0.008525813393152054,1.7443041801452637,2.7391083240509033,0.19839482009410858,0.13214324414730072,0.26923617720603943,sig,0.43089430894308944
23,TM,2023,jump_ratio_lo,356,9240,9431,0.33011072874069214,0.370562344789505,0.0042467958515872446,0.004718145533612453,1.3207699060440063,1.321521520614624,0.04045160114765167,0.031238332390785217,0.04956607520580292,sig,0.35674157303370785
23,TM,2023,rv_rel_hi,362,9240,9431,0.3700568377971649,0.4585922956466675,0.00459597883794128,0.005401887612316113,1.3969063758850098,2.578578472137451,0.08853548020124435,0.06389617174863815,0.11495498567819595,sig,0.4696132596685083
23,TM,2023,rv_rel_lo,97,9240,9431,0.2446921467781067,0.29237449169158936,0.003823394176239025,0.004508922037800768,0.5922555923461914,0.6500879526138306,0.04768234118819237,0.03565800189971924,0.059671565890312195,sig,0.09278350515463918
23,TM,2023,structure_strong,227,9240,9431,0.47641822695732117,0.557847261428833,0.005751181885535381,0.006666334867958187,2.149582862854004,2.724663734436035,0.08142901211977005,0.06227739155292511,0.10359010845422745,sig,0.27312775330396477
23,TM,2023,structure_weak,252,9240,9431,0.31046730279922485,0.3910980224609375,0.004129638223185866,0.004821733501179473,0.8340639472007751,1.601949691772461,0.08063072711229324,0.04873541370034218,0.11443039029836655,sig,0.46825396825396826
23,TM,2023,kmeans_0,328,9240,9431,0.3565295338630676,0.38700583577156067,0.004775310339232594,0.005074108462573395,1.8083372116088867,2.0173115730285645,0.030476301908493042,0.016740497201681137,0.045073628425598145,sig,0.4817073170731707
23,TM,2023,kmeans_1,64,9240,9431,0.7458593845367432,1.1129608154296875,0.007641614477834519,0.010978034550151646,1.6743961572647095,2.7288620471954346,0.36710137128829956,0.2665160000324249,0.4732075035572052,sig,0.140625
23,TM,2023,kmeans_2,87,9240,9431,0.2495173066854477,0.31058186292648315,0.003342781636892756,0.004154403107930536,0.7097012400627136,0.7662277817726135,0.06106453388929367,0.044701747596263885,0.07754777371883392,sig,0.14942528735632185
64,TM,2023,acf1_hi,249,9240,26200,0.4918706715106964,0.49113720655441284,0.005807969054819331,0.00579771484486564,1.854722499847412,1.588083028793335,-0.000733459834009409,-0.01870700716972351,0.017213718965649605,ns,0.6024096385542169
64,TM,2023,acf1_lo,230,9240,26200,0.2778647541999817,0.2513304650783539,0.00391305576351894,0.0036197447846627205,0.7095052599906921,0.5801337361335754,-0.0265343077480793,-0.03449682518839836,-0.018889928236603737,sig,0.6521739130434783
64,TM,2023,sign_persistence_hi,149,9240,26200,0.7628996968269348,0.7517487406730652,0.008078508261786103,0.008022565020728206,2.5597333908081055,2.2462081909179688,-0.01115093007683754,-0.04145781323313713,0.019201941788196564,ns,0.6442953020134228
64,TM,2023,sign_persistence_lo,330,9240,26200,0.22034132480621338,0.2063291072845459,0.0034620890583431526,0.0032751821477438408,0.5787556171417236,0.5520358681678772,-0.014012226834893227,-0.01928979530930519,-0.008694610558450222,sig,0.6181818181818182
64,TM,2023,jump_ratio_hi,123,9240,26200,0.5598801970481873,0.4978443384170532,0.006783152821904966,0.0061607429774309524,1.7443041801452637,1.484217643737793,-0.06203586608171463,-0.07881433516740799,-0.046458899974823,sig,0.7723577235772358
64,TM,2023,jump_ratio_lo,356,9240,26200,0.33011072874069214,0.33388856053352356,0.0042467958515872446,0.004265171097247088,1.3207699060440063,1.168882131576538,0.003777775214985013,-0.008702884428203106,0.015594908967614174,ns,0.5758426966292135
64,TM,2023,rv_rel_hi,362,9240,26200,0.3700568377971649,0.3713129758834839,0.00459597883794128,0.004640629151740219,1.3969063758850098,1.2142388820648193,0.0012561813928186893,-0.011033725924789906,0.013311496935784817,ns,0.56353591160221
64,TM,2023,rv_rel_lo,97,9240,26200,0.2446921467781067,0.21110327541828156,0.003823394176239025,0.0033346392022585085,0.5922555923461914,0.5657156109809875,-0.03358888998627663,-0.04106627777218819,-0.026462502777576447,sig,0.7835051546391752
64,TM,2023,structure_strong,227,9240,26200,0.47641822695732117,0.4864555299282074,0.005751181885535381,0.005858706041026277,2.149582862854004,1.8197022676467896,0.010037299245595932,-0.009389614686369896,0.029156943783164024,ns,0.5550660792951542
64,TM,2023,structure_weak,252,9240,26200,0.31046730279922485,0.2764832079410553,0.004129638223185866,0.0037549445457579584,0.8340639472007751,0.7757095098495483,-0.03398408740758896,-0.04184180125594139,-0.02665569819509983,sig,0.6904761904761905
64,TM,2023,kmeans_0,328,9240,26200,0.3565295338630676,0.3494270443916321,0.004775310339232594,0.004702546642121162,1.8083372116088867,1.5474512577056885,-0.007102514151483774,-0.018782757222652435,0.004442201927304268,ns,0.5701219512195121
64,TM,2023,kmeans_1,64,9240,26200,0.7458593845367432,0.7514833211898804,0.007641614477834519,0.007806788320706875,1.6743961572647095,1.4606505632400513,0.005623967386782169,-0.03861824423074722,0.05309312045574188,ns,0.609375
64,TM,2023,kmeans_2,87,9240,26200,0.2495173066854477,0.19991005957126617,0.003342781636892756,0.002690833858655044,0.7097012400627136,0.5773960947990417,-0.04960727319121361,-0.05982983484864235,-0.03966168314218521,sig,0.8505747126436781
128,TM,2023,acf1_hi,249,9240,52376,0.4918706715106964,0.47283077239990234,0.005807969054819331,0.005730493592350043,1.854722499847412,1.4985926151275635,-0.019039884209632874,-0.045076657086610794,0.006464007310569286,ns,0.6345381526104418
128,TM,2023,acf1_lo,230,9240,52376,0.2778647541999817,0.23766621947288513,0.00391305576351894,0.003451713536894909,0.7095052599906921,0.5277817845344543,-0.04019855707883835,-0.05152442306280136,-0.029379380866885185,sig,0.7086956521739131
128,TM,2023,sign_persistence_hi,149,9240,52376,0.7628996968269348,0.7017373442649841,0.008078508261786103,0.007575030659348758,2.5597333908081055,2.0934929847717285,-0.06116229668259621,-0.10285484045743942,-0.018860967829823494,sig,0.6711409395973155
128,TM,2023,sign_persistence_lo,330,9240,52376,0.22034132480621338,0.20557339489459991,0.0034620890583431526,0.0033094165143576514,0.5787556171417236,0.6388230919837952,-0.014767932705581188,-0.022372327744960785,-0.006960395723581314,sig,0.6696969696969697
128,TM,2023,jump_ratio_hi,123,9240,52376,0.5598801970481873,0.4288751780986786,0.006783152821904966,0.005460183628988624,1.7443041801452637,1.2136439085006714,-0.13100501894950867,-0.16315704584121704,-0.10132268071174622,sig,0.8211382113821138
128,TM,2023,jump_ratio_lo,356,9240,52376,0.33011072874069214,0.33608555793762207,0.0042467958515872446,0.00435164166184098,1.3207699060440063,1.1454648971557617,0.00597477238625288,-0.009362423792481422,0.020493432879447937,ns,0.6179775280898876
128,TM,2023,rv_rel_hi,362,9240,52376,0.3700568377971649,0.3486720621585846,0.00459597883794128,0.004420545924311475,1.3969063758850098,1.0628235340118408,-0.021384745836257935,-0.03961878642439842,-0.004374934826046228,sig,0.6546961325966851
128,TM,2023,rv_rel_lo,97,9240,52376,0.2446921467781067,0.23011375963687897,0.003823394176239025,0.003739014275611847,0.5922555923461914,0.732293426990509,-0.014578381553292274,-0.028411220759153366,-0.00018526347412262112,sig,0.6597938144329897
128,TM,2023,structure_strong,227,9240,52376,0.47641822695732117,0.4870446026325226,0.005751181885535381,0.005974436999955155,2.149582862854004,1.6765148639678955,0.010626404546201229,-0.014901531860232353,0.03512648865580559,ns,0.5859030837004405
128,TM,2023,structure_weak,252,9240,52376,0.31046730279922485,0.24539273977279663,0.004129638223185866,0.00343091198012369,0.8340639472007751,0.6736083030700684,-0.06507457047700882,-0.08030644059181213,-0.0507180355489254,sig,0.746031746031746
128,TM,2023,kmeans_0,328,9240,52376,0.3565295338630676,0.34746578335762024,0.004775310339232594,0.004746823321815792,1.8083372116088867,1.394018292427063,-0.009063775651156902,-0.024737011641263962,0.005976472981274128,ns,0.6219512195121951
128,TM,2023,kmeans_1,64,9240,52376,0.7458593845367432,0.6724575161933899,0.007641614477834519,0.007130629745232524,1.6743961572647095,1.3455255031585693,-0.07340188324451447,-0.142762690782547,-0.0006647623958997428,sig,0.65625
128,TM,2023,kmeans_2,87,9240,52376,0.2495173066854477,0.176920086145401,0.003342781636892756,0.002384697295753202,0.7097012400627136,0.5211409330368042,-0.07259722799062729,-0.08705729991197586,-0.058194223791360855,sig,0.8620689655172413
