date,Open,High,Low,Close
2016-01-04,121.5199966430664,122.26000213623047,120.16999816894531,121.45999908447266
2016-01-05,121.54000091552734,121.54000091552734,120.16000366210938,121.13999938964844
2016-01-06,118.56999969482422,118.80000305175781,117.76000213623047,118.37999725341797
2016-01-07,116.08000183105469,116.63999938964844,115.45999908447266,115.56999969482422
2016-01-08,116.31999969482422,116.68000030517578,112.91999816894531,113.05999755859375
2016-01-11,114.26000213623047,114.87999725341797,113.45999908447266,114.80999755859375
2016-01-12,116.6500015258789,116.72000122070312,114.47000122070312,115.83000183105469
2016-01-13,117.19999694824219,117.36000061035156,114.54000091552734,114.98999786376953
2016-01-14,115.37000274658203,116.62999725341797,114.20999908447266,116.29000091552734
2016-01-15,114.05999755859375,114.16999816894531,111.88999938964844,112.5999984741211
2016-01-19,116.01000213623047,116.0999984741211,113.87000274658203,115.0199966430664
2016-01-20,112.30000305175781,112.43000030517578,108.94000244140625,111.51000213623047
2016-01-21,110.36000061035156,112.05000305175781,109.47000122070312,111.0999984741211
2016-01-22,115.11000061035156,116.04000091552734,114.81999969482422,115.94999694824219
2016-01-25,114.37000274658203,114.58999633789062,113.20999908447266,113.41000366210938
2016-01-26,113.30000305175781,114.37999725341797,113.18000030517578,114.3499984741211
2016-01-27,116.0,117.08999633789062,114.80000305175781,115.31999969482422
2016-01-28,116.68000030517578,116.68000030517578,114.93000030517578,116.12000274658203
2016-01-29,118.75,120.02999877929688,118.01000213623047,120.02999877929688
2016-02-01,120.0,120.7699966430664,119.16000366210938,120.4000015258789
2016-02-02,120.1500015258789,120.1500015258789,118.5,119.0
2016-02-03,116.4800033569336,116.75,113.38999938964844,114.98999786376953
2016-02-04,114.98999786376953,114.98999786376953,112.7300033569336,114.29000091552734
2016-02-05,112.23999786376953,112.5199966430664,109.0,110.38999938964844
2016-02-08,109.73999786376953,109.80999755859375,107.97000122070312,109.12999725341797
2016-02-09,105.98999786376953,107.56999969482422,105.58000183105469,106.83999633789062
2016-02-10,108.62000274658203,109.47000122070312,106.63999938964844,106.7699966430664
2016-02-11,105.29000091552734,105.77999877929688,104.16999816894531,105.08000183105469
2016-02-12,103.16999816894531,105.37000274658203,102.54000091552734,105.26000213623047
2016-02-16,108.05000305175781,108.58999633789062,107.44999694824219,108.20999908447266
2016-02-17,107.69000244140625,108.44999694824219,107.5999984741211,108.12999725341797
2016-02-18,108.58000183105469,108.94999694824219,107.22000122070312,107.44999694824219
2016-02-19,105.68000030517578,105.8499984741211,104.80000305175781,105.30999755859375
2016-02-22,106.06999969482422,106.9000015258789,106.05999755859375,106.69000244140625
2016-02-23,106.55000305175781,106.66999816894531,105.52999877929688,105.62000274658203
2016-02-24,105.06999969482422,105.22000122070312,102.8499984741211,104.58999633789062
2016-02-25,104.58999633789062,105.58999633789062,104.45999908447266,105.56999969482422
2016-02-26,105.0,106.08000183105469,104.62999725341797,105.13999938964844
2016-02-29,105.0999984741211,105.27999877929688,104.0999984741211,104.0999984741211
2016-03-01,105.30000305175781,106.6500015258789,104.88999938964844,106.41000366210938
2016-03-02,106.8499984741211,107.30000305175781,106.5199966430664,106.98999786376953
2016-03-03,107.69000244140625,108.56999969482422,107.63999938964844,108.56999969482422
2016-03-04,109.55999755859375,110.29000091552734,109.0,109.55000305175781
2016-03-07,107.2300033569336,108.55000305175781,107.06999969482422,107.91000366210938
2016-03-08,106.5199966430664,106.69999694824219,105.62000274658203,105.81999969482422
2016-03-09,106.86000061035156,106.91000366210938,105.80000305175781,106.25
2016-03-10,108.76000213623047,108.9800033569336,106.16000366210938,107.08000183105469
2016-03-11,108.66000366210938,109.27999877929688,108.54000091552734,109.26000213623047
2016-03-14,109.25,109.48999786376953,108.80999755859375,108.94999694824219
2016-03-15,107.41000366210938,107.41999816894531,106.44999694824219,107.22000122070312
2016-03-16,106.47000122070312,107.7699966430664,106.0999984741211,107.54000091552734
2016-03-17,106.88999938964844,108.4800033569336,106.44000244140625,107.93000030517578
2016-03-18,106.27999877929688,106.93000030517578,105.80000305175781,106.5999984741211
2016-03-21,106.41000366210938,107.43000030517578,106.41000366210938,107.13999938964844
2016-03-22,108.11000061035156,109.31999969482422,107.76000213623047,108.5999984741211
2016-03-23,108.4800033569336,108.98999786376953,108.0999984741211,108.0999984741211
2016-03-24,106.38999938964844,106.38999938964844,105.75,106.31999969482422
2016-03-28,108.5,109.08999633789062,108.08999633789062,108.69000244140625
2016-03-29,108.0,108.41999816894531,107.33999633789062,108.3499984741211
2016-03-30,108.0,108.0999984741211,107.44999694824219,107.5999984741211
2016-03-31,106.41000366210938,106.76000213623047,106.12000274658203,106.31999969482422
2016-04-01,103.47000122070312,104.02999877929688,103.01000213623047,103.54000091552734
2016-04-04,101.66000366210938,101.87000274658203,100.91000366210938,101.37999725341797
2016-04-05,98.2300033569336,99.55999755859375,98.11000061035156,98.73999786376953
2016-04-06,98.9000015258789,99.62000274658203,98.37999725341797,99.51000213623047
2016-04-07,99.20999908447266,99.25,97.80000305175781,98.2699966430664
2016-04-08,100.69999694824219,101.0999984741211,100.4000015258789,100.66000366210938
2016-04-11,98.52999877929688,99.08999633789062,98.30000305175781,98.43000030517578
2016-04-12,101.2300033569336,101.97000122070312,101.0199966430664,101.58000183105469
2016-04-13,103.76000213623047,104.30999755859375,103.48999786376953,104.26000213623047
2016-04-14,105.0,105.38999938964844,104.79000091552734,104.95999908447266
2016-04-15,104.51000213623047,104.51000213623047,103.48999786376953,103.68000030517578
2016-04-18,102.0,103.54000091552734,102.0,103.36000061035156
2016-04-19,105.0999984741211,105.37999725341797,104.44999694824219,104.69999694824219
2016-04-20,104.72000122070312,105.33000183105469,104.16000366210938,104.8499984741211
2016-04-21,105.54000091552734,105.86000061035156,105.25,105.44000244140625
2016-04-22,106.95999908447266,107.56999969482422,106.66999816894531,107.44999694824219
2016-04-25,107.5199966430664,107.91000366210938,106.69999694824219,107.33999633789062
2016-04-26,107.3499984741211,107.43000030517578,106.76000213623047,107.31999969482422
2016-04-27,105.75,106.63999938964844,105.51000213623047,106.37000274658203
2016-04-28,103.62000274658203,104.66000366210938,102.80999755859375,102.95999908447266
2016-04-29,102.69000244140625,102.76000213623047,101.41999816894531,101.69999694824219
2016-05-02,102.5199966430664,102.7300033569336,101.95999908447266,102.47000122070312
2016-05-03,101.66999816894531,101.91999816894531,100.5999984741211,101.44999694824219
2016-05-04,101.68000030517578,101.68000030517578,100.58999633789062,100.62000274658203
2016-05-05,101.26000213623047,101.44999694824219,100.66999816894531,101.2699966430664
2016-05-06,101.58000183105469,102.08000183105469,101.19999694824219,101.95999908447266
2016-05-09,103.45999908447266,103.63999938964844,102.33000183105469,102.61000061035156
2016-05-10,104.1500015258789,104.81999969482422,103.94999694824219,104.81999969482422
2016-05-11,101.31999969482422,101.7300033569336,98.0199966430664,98.44000244140625
2016-05-12,98.44000244140625,101.98999786376953,98.44000244140625,101.37999725341797
2016-05-13,100.23999786376953,100.83999633789062,99.69000244140625,99.79000091552734
2016-05-16,100.16999816894531,101.12000274658203,100.12000274658203,100.81999969482422
2016-05-17,101.01000213623047,101.36000061035156,100.5,100.61000061035156
2016-05-18,100.5999984741211,102.08999633789062,100.52999877929688,101.52999877929688
2016-05-19,99.56999969482422,99.87000274658203,99.2300033569336,99.61000061035156
2016-05-20,100.62999725341797,101.08000183105469,100.4000015258789,100.61000061035156
2016-05-23,100.31999969482422,100.31999969482422,99.45999908447266,99.55000305175781
2016-05-24,99.93000030517578,101.11000061035156,99.4000015258789,100.63999938964844
2016-05-25,101.6500015258789,102.76000213623047,101.44000244140625,102.62000274658203
2016-05-26,102.62000274658203,102.75,102.06999969482422,102.2699966430664
2016-05-27,101.80000305175781,101.87000274658203,100.2300033569336,100.58999633789062
2016-05-31,103.3499984741211,103.9800033569336,102.62999725341797,103.41000366210938
2016-06-01,104.23999786376953,104.27999877929688,102.81999969482422,103.33000183105469
2016-06-02,103.4000015258789,103.98999786376953,103.20999908447266,103.81999969482422
2016-06-03,103.69000244140625,104.06999969482422,102.7699966430664,103.5
2016-06-06,105.62000274658203,105.83999633789062,105.0999984741211,105.54000091552734
2016-06-07,105.62000274658203,105.80000305175781,105.41000366210938,105.48999786376953
2016-06-08,105.55999755859375,105.80000305175781,105.29000091552734,105.6500015258789
2016-06-09,104.5,104.70999908447266,104.1500015258789,104.5
2016-06-10,103.6500015258789,103.76000213623047,102.75,103.19999694824219
2016-06-13,102.26000213623047,102.69999694824219,101.48999786376953,101.69000244140625
2016-06-14,101.16999816894531,101.55000305175781,100.2300033569336,101.08000183105469
2016-06-15,102.63999938964844,103.23999786376953,102.2699966430664,102.4800033569336
2016-06-16,101.01000213623047,102.12000274658203,100.58000183105469,101.98999786376953
2016-06-17,103.26000213623047,103.55999755859375,102.4800033569336,103.23999786376953
2016-06-20,106.70999908447266,107.05000305175781,105.62999725341797,105.80000305175781
2016-06-21,107.30000305175781,107.66000366210938,107.0,107.12000274658203
2016-06-22,107.01000213623047,107.55000305175781,106.41999816894531,106.5
2016-06-23,109.68000030517578,110.0,109.12999725341797,109.94999694824219
2016-06-24,104.12999725341797,105.18000030517578,103.05000305175781,103.95999908447266
2016-06-27,101.18000030517578,101.18000030517578,99.30000305175781,100.26000213623047
2016-06-28,98.95999908447266,99.94000244140625,98.38999938964844,99.8499984741211
2016-06-29,100.61000061035156,101.80999755859375,100.45999908447266,101.5199966430664
2016-06-30,99.86000061035156,99.98999786376953,98.80999755859375,99.98999786376953
2016-07-01,99.58000183105469,100.20999908447266,99.37000274658203,99.63999938964844
2016-07-05,99.62999725341797,99.68000030517578,98.9000015258789,99.18000030517578
2016-07-06,99.36000061035156,99.8499984741211,98.4800033569336,99.77999877929688
2016-07-07,100.47000122070312,100.83999633789062,100.05000305175781,100.58999633789062
2016-07-08,101.20999908447266,102.16000366210938,101.08000183105469,102.06999969482422
2016-07-11,104.91999816894531,105.87999725341797,104.83999633789062,105.66000366210938
2016-07-12,106.75,107.27999877929688,106.51000213623047,106.54000091552734
2016-07-13,108.0999984741211,108.48999786376953,107.26000213623047,107.86000061035156
2016-07-14,108.38999938964844,108.41000366210938,107.81999969482422,107.9800033569336
2016-07-15,108.94000244140625,109.13999938964844,108.54000091552734,108.81999969482422
2016-07-18,108.68000030517578,109.18000030517578,108.55000305175781,109.01000213623047
2016-07-19,108.68000030517578,108.69999694824219,108.12999725341797,108.55999755859375
2016-07-20,108.9000015258789,109.4000015258789,108.72000122070312,109.30000305175781
2016-07-21,109.16000366210938,109.4800033569336,108.66999816894531,108.86000061035156
2016-07-22,109.62000274658203,109.87999725341797,109.5,109.68000030517578
2016-07-25,109.9000015258789,110.13999938964844,109.62000274658203,109.68000030517578
2016-07-26,109.23999786376953,109.7699966430664,109.18000030517578,109.5999984741211
2016-07-27,111.41000366210938,111.45999908447266,110.06999969482422,110.56999969482422
2016-07-28,111.22000122070312,111.31999969482422,109.9000015258789,110.76000213623047
2016-07-29,112.41999816894531,112.79000091552734,110.87999725341797,111.5999984741211
2016-08-01,112.12000274658203,112.19999694824219,110.9800033569336,111.2300033569336
2016-08-02,110.33999633789062,110.80000305175781,109.08000183105469,109.97000122070312
2016-08-03,109.80000305175781,110.08000183105469,109.37000274658203,110.06999969482422
2016-08-04,112.2699966430664,112.4800033569336,111.30999755859375,112.30999755859375
2016-08-05,115.83999633789062,116.2300033569336,115.41000366210938,115.95999908447266
2016-08-08,118.12999725341797,118.5199966430664,117.29000091552734,117.41000366210938
2016-08-09,117.43000030517578,117.5,116.69000244140625,117.41999816894531
2016-08-10,117.01000213623047,117.3499984741211,116.9000015258789,116.94999694824219
2016-08-11,117.2300033569336,117.94000244140625,117.12999725341797,117.7699966430664
2016-08-12,117.56999969482422,118.18000030517578,117.47000122070312,117.79000091552734
2016-08-15,117.5,117.88999938964844,117.5,117.58000183105469
2016-08-16,117.0,117.70999908447266,116.80000305175781,117.27999877929688
2016-08-17,118.52999877929688,119.22000122070312,118.5199966430664,119.19999694824219
2016-08-18,118.25,119.16000366210938,118.25,118.94000244140625
2016-08-19,119.47000122070312,119.8499984741211,119.4000015258789,119.62000274658203
2016-08-22,120.30999755859375,120.76000213623047,120.19999694824219,120.58000183105469
2016-08-23,120.2699966430664,120.4000015258789,119.80000305175781,119.80000305175781
2016-08-24,121.58000183105469,121.7699966430664,120.7300033569336,120.9000015258789
2016-08-25,120.76000213623047,120.95999908447266,120.20999908447266,120.29000091552734
2016-08-26,118.2699966430664,119.30999755859375,117.97000122070312,118.62000274658203
2016-08-29,120.0199966430664,120.44000244140625,120.01000213623047,120.33999633789062
2016-08-30,121.2300033569336,121.41000366210938,120.94000244140625,121.23999786376953
2016-08-31,121.19000244140625,121.37000274658203,120.04000091552734,120.62999725341797
2016-09-01,121.58999633789062,122.0,120.56999969482422,121.0199966430664
2016-09-02,121.5199966430664,122.08999633789062,121.5199966430664,122.08000183105469
2016-09-06,120.51000213623047,120.75,120.08000183105469,120.66999816894531
2016-09-07,121.37000274658203,121.80000305175781,120.58999633789062,120.73999786376953
2016-09-08,120.77999877929688,121.2699966430664,120.6500015258789,121.01000213623047
2016-09-09,120.0,120.1500015258789,118.63999938964844,118.66000366210938
2016-09-12,118.66000366210938,120.48999786376953,118.66000366210938,120.3499984741211
2016-09-13,119.33999633789062,119.81999969482422,118.36000061035156,118.80999755859375
2016-09-14,117.8499984741211,117.8499984741211,117.30999755859375,117.44999694824219
2016-09-15,117.0199966430664,118.37000274658203,116.81999969482422,118.16999816894531
2016-09-16,114.87000274658203,115.19999694824219,114.37999725341797,114.62999725341797
2016-09-19,115.25,116.02999877929688,114.97000122070312,115.06999969482422
2016-09-20,116.8499984741211,117.01000213623047,116.31999969482422,116.45999908447266
2016-09-21,119.62999725341797,120.19999694824219,118.01000213623047,119.44999694824219
2016-09-22,120.83000183105469,121.16999816894531,120.33000183105469,120.80000305175781
2016-09-23,117.62000274658203,117.88999938964844,117.26000213623047,117.66000366210938
2016-09-26,116.86000061035156,117.31999969482422,116.5,117.0999984741211
2016-09-27,118.5999984741211,118.5999984741211,117.79000091552734,118.31999969482422
2016-09-28,117.3499984741211,117.75,116.4800033569336,117.62999725341797
2016-09-29,116.52999877929688,116.8499984741211,115.76000213623047,115.98999786376953
2016-09-30,115.26000213623047,116.58000183105469,115.0,116.05999755859375
2016-10-03,114.48999786376953,115.66999816894531,114.33999633789062,115.26000213623047
2016-10-04,115.55999755859375,116.23999786376953,115.11000061035156,115.33000183105469
2016-10-05,116.43000030517578,117.18000030517578,116.43000030517578,117.06999969482422
2016-10-06,116.22000122070312,116.6500015258789,116.18000030517578,116.44000244140625
2016-10-07,115.95999908447266,116.08999633789062,115.22000122070312,115.88999938964844
2016-10-10,116.12999725341797,116.83000183105469,116.05999755859375,116.41999816894531
2016-10-11,115.80000305175781,115.80000305175781,115.0199966430664,115.31999969482422
2016-10-12,115.0,115.3499984741211,114.63999938964844,115.1500015258789
2016-10-13,114.52999877929688,115.19999694824219,114.08999633789062,114.69000244140625
2016-10-14,115.31999969482422,115.83000183105469,115.05000305175781,115.08999633789062
2016-10-17,115.18000030517578,115.83999633789062,115.08000183105469,115.43000030517578
2016-10-18,115.5199966430664,115.5199966430664,114.83000183105469,115.05000305175781
2016-10-19,115.12999725341797,115.37999725341797,114.88999938964844,114.88999938964844
2016-10-20,115.87999725341797,116.31999969482422,115.62999725341797,116.13999938964844
2016-10-21,114.86000061035156,115.36000061035156,114.61000061035156,115.2699966430664
2016-10-24,115.12999725341797,115.5199966430664,115.02999877929688,115.44999694824219
2016-10-25,115.43000030517578,115.75,115.23999786376953,115.25
2016-10-26,114.93000030517578,115.69999694824219,114.75,115.5
2016-10-27,115.38999938964844,115.5,114.80999755859375,114.8499984741211
2016-10-28,114.83999633789062,115.13999938964844,114.41000366210938,114.80999755859375
2016-10-31,115.51000213623047,115.79000091552734,115.4000015258789,115.66000366210938
2016-11-01,115.76000213623047,115.76000213623047,114.18000030517578,114.7300033569336
2016-11-02,114.13999938964844,114.66999816894531,113.12999725341797,113.37999725341797
2016-11-03,113.79000091552734,114.18000030517578,112.94000244140625,113.16999816894531
2016-11-04,110.52999877929688,111.19999694824219,110.23999786376953,110.55999755859375
2016-11-07,111.62000274658203,112.55000305175781,111.48999786376953,112.4800033569336
2016-11-08,113.0,115.4000015258789,112.62000274658203,113.80999755859375
2016-11-09,110.3499984741211,112.77999877929688,110.3499984741211,111.80999755859375
2016-11-10,110.93000030517578,111.4000015258789,109.94000244140625,110.86000061035156
2016-11-11,111.44999694824219,112.05000305175781,111.37000274658203,111.94999694824219
2016-11-14,111.83000183105469,112.43000030517578,111.51000213623047,111.77999877929688
2016-11-15,111.9800033569336,112.48999786376953,111.80999755859375,112.48999786376953
2016-11-16,112.63999938964844,112.87999725341797,112.37000274658203,112.56999969482422
2016-11-17,113.0,113.23999786376953,112.36000061035156,113.23999786376953
2016-11-18,114.05999755859375,114.43000030517578,113.91999816894531,114.04000091552734
2016-11-21,114.22000122070312,114.66999816894531,114.12999725341797,114.51000213623047
2016-11-22,113.70999908447266,113.87000274658203,113.25,113.77999877929688
2016-11-23,113.45999908447266,114.86000061035156,113.37000274658203,114.51000213623047
2016-11-25,117.69999694824219,118.1500015258789,117.41000366210938,117.80000305175781
2016-11-28,117.97000122070312,117.97000122070312,117.41000366210938,117.6500015258789
2016-11-29,118.1500015258789,118.56999969482422,117.94000244140625,118.30000305175781
2016-11-30,118.62999725341797,118.80999755859375,118.25,118.52999877929688
2016-12-01,117.69000244140625,118.70999908447266,117.5,117.7699966430664
2016-12-02,116.97000122070312,117.29000091552734,116.69999694824219,116.83000183105469
2016-12-05,117.33999633789062,118.08000183105469,117.30000305175781,117.55999755859375
2016-12-06,117.44000244140625,117.91999816894531,117.19999694824219,117.87999725341797
2016-12-07,119.62999725341797,121.7699966430664,119.62999725341797,121.45999908447266
2016-12-08,123.05000305175781,123.18000030517578,122.54000091552734,122.80999755859375
2016-12-09,122.80999755859375,123.1500015258789,122.61000061035156,122.9800033569336
2016-12-12,121.80000305175781,122.44999694824219,121.38999938964844,121.86000061035156
2016-12-13,122.22000122070312,123.18000030517578,122.16999816894531,123.06999969482422
2016-12-14,121.94999694824219,122.44999694824219,120.9800033569336,121.05999755859375
2016-12-15,121.91999816894531,122.20999908447266,121.69999694824219,121.9800033569336
2016-12-16,120.87000274658203,121.44999694824219,120.70999908447266,121.0
2016-12-19,121.31999969482422,122.2300033569336,121.23999786376953,121.83999633789062
2016-12-20,121.36000061035156,122.05999755859375,121.25,121.66999816894531
2016-12-21,121.3499984741211,121.44000244140625,121.0,121.11000061035156
2016-12-22,120.69999694824219,120.9000015258789,120.47000122070312,120.66000366210938
2016-12-23,120.77999877929688,121.11000061035156,120.77999877929688,120.9000015258789
2016-12-27,119.45999908447266,119.95999908447266,119.04000091552734,119.38999938964844
2016-12-28,118.95999908447266,119.22000122070312,118.4000015258789,118.41999816894531
2016-12-29,117.29000091552734,117.62999725341797,116.77999877929688,117.04000091552734
2016-12-30,117.7699966430664,117.91000366210938,116.81999969482422,117.19999694824219
2017-01-03,118.16999816894531,118.66999816894531,117.83000183105469,118.55000305175781
2017-01-04,120.2699966430664,121.29000091552734,120.13999938964844,121.19000244140625
2017-01-05,121.19000244140625,121.38999938964844,120.31999969482422,120.44000244140625
2017-01-06,119.83999633789062,120.2300033569336,119.41000366210938,120.12999725341797
2017-01-09,119.4800033569336,119.95999908447266,119.47000122070312,119.73999786376953
2017-01-10,119.08999633789062,120.05999755859375,118.79000091552734,119.76000213623047
2017-01-11,119.08999633789062,119.91000366210938,119.08999633789062,119.91000366210938
2017-01-12,119.63999938964844,119.94000244140625,118.36000061035156,119.63999938964844
2017-01-13,119.81999969482422,119.9000015258789,119.5199966430664,119.80999755859375
2017-01-17,118.8499984741211,118.95999908447266,118.16999816894531,118.41000366210938
2017-01-18,118.70999908447266,118.98999786376953,118.5199966430664,118.79000091552734
2017-01-19,119.55999755859375,119.94999694824219,118.9000015258789,119.30999755859375
2017-01-20,119.12000274658203,119.38999938964844,118.66000366210938,118.91999816894531
2017-01-23,118.44999694824219,118.44999694824219,117.75,118.29000091552734
2017-01-24,116.91000366210938,117.91999816894531,116.69000244140625,117.63999938964844
2017-01-25,118.62000274658203,119.29000091552734,118.5199966430664,119.05999755859375
2017-01-26,119.43000030517578,119.98999786376953,118.95999908447266,118.9800033569336
2017-01-27,117.08999633789062,117.08999633789062,116.5,116.69000244140625
2017-01-30,116.36000061035156,116.58000183105469,115.55000305175781,116.06999969482422
2017-01-31,116.20999908447266,116.37000274658203,115.06999969482422,115.75
2017-02-01,115.83999633789062,116.1500015258789,115.04000091552734,115.26000213623047
2017-02-02,114.69999694824219,114.76000213623047,113.97000122070312,114.52999877929688
2017-02-03,114.69999694824219,115.45999908447266,114.69000244140625,115.12000274658203
2017-02-06,114.19999694824219,114.4800033569336,112.75,113.30999755859375
2017-02-07,113.5,113.5199966430664,112.7300033569336,113.04000091552734
2017-02-08,113.33999633789062,113.41000366210938,112.87000274658203,113.2699966430664
2017-02-09,111.80999755859375,111.98999786376953,111.12000274658203,111.91999816894531
2017-02-10,112.55000305175781,113.1500015258789,112.5,112.88999938964844
2017-02-13,114.06999969482422,114.5,113.88999938964844,114.12999725341797
2017-02-14,114.33999633789062,114.48999786376953,113.76000213623047,114.47000122070312
2017-02-15,113.72000122070312,113.72000122070312,113.31999969482422,113.61000061035156
2017-02-16,113.19999694824219,113.61000061035156,113.08999633789062,113.3499984741211
2017-02-17,112.48999786376953,113.69999694824219,112.33999633789062,113.69999694824219
2017-02-21,114.08000183105469,114.58999633789062,113.81999969482422,114.30000305175781
2017-02-22,114.20999908447266,114.44999694824219,114.06999969482422,114.4000015258789
2017-02-23,114.68000030517578,114.88999938964844,114.37999725341797,114.58999633789062
2017-02-24,113.9000015258789,114.02999877929688,113.48999786376953,113.7699966430664
2017-02-27,113.70999908447266,114.2699966430664,113.66999816894531,114.23999786376953
2017-02-28,113.5999984741211,113.6500015258789,112.98999786376953,113.1500015258789
2017-03-01,114.81999969482422,114.9800033569336,114.51000213623047,114.73999786376953
2017-03-02,113.58999633789062,113.88999938964844,113.16000366210938,113.38999938964844
2017-03-03,113.2699966430664,113.54000091552734,113.06999969482422,113.33999633789062
2017-03-06,113.13999938964844,113.13999938964844,112.75,112.91000366210938
2017-03-07,112.69000244140625,113.05000305175781,112.5,112.6500015258789
2017-03-08,112.55000305175781,112.58999633789062,111.76000213623047,111.80000305175781
2017-03-09,112.11000061035156,112.41000366210938,111.87999725341797,112.19000244140625
2017-03-10,112.83999633789062,112.9800033569336,112.4000015258789,112.66000366210938
2017-03-13,113.37000274658203,113.81999969482422,113.33000183105469,113.4000015258789
2017-03-14,112.4800033569336,112.5999984741211,112.01000213623047,112.08999633789062
2017-03-15,112.62999725341797,113.5,112.54000091552734,113.23999786376953
2017-03-16,113.70999908447266,113.95999908447266,113.16999816894531,113.23999786376953
2017-03-17,112.63999938964844,112.73999786376953,112.06999969482422,112.20999908447266
2017-03-20,112.26000213623047,112.5999984741211,111.94000244140625,112.0
2017-03-21,112.69000244140625,112.86000061035156,111.12000274658203,111.38999938964844
2017-03-22,110.88999938964844,111.0,110.12000274658203,110.83000183105469
2017-03-23,110.55000305175781,111.08999633789062,110.31999969482422,110.51000213623047
2017-03-24,111.11000061035156,111.62000274658203,110.91999816894531,111.36000061035156
2017-03-27,111.02999877929688,111.95999908447266,110.76000213623047,111.7300033569336
2017-03-28,111.9000015258789,112.58999633789062,111.79000091552734,112.41000366210938
2017-03-29,110.26000213623047,110.33999633789062,110.11000061035156,110.25
2017-03-30,110.0,110.30000305175781,109.88999938964844,110.05999755859375
2017-03-31,108.93000030517578,108.93000030517578,108.41000366210938,108.62000274658203
2017-04-03,108.62000274658203,108.80000305175781,107.91000366210938,108.5199966430664
2017-04-04,108.05999755859375,108.3499984741211,107.87000274658203,108.01000213623047
2017-04-05,107.02999877929688,107.02999877929688,106.05999755859375,106.13999938964844
2017-04-06,105.68000030517578,105.88999938964844,105.33999633789062,105.5
2017-04-07,105.76000213623047,106.0999984741211,105.62000274658203,105.91000366210938
2017-04-10,106.11000061035156,106.4800033569336,105.81999969482422,105.9800033569336
2017-04-11,106.7699966430664,106.79000091552734,106.05999755859375,106.4000015258789
2017-04-12,105.98999786376953,105.98999786376953,105.4000015258789,105.44000244140625
2017-04-13,105.12999725341797,105.1500015258789,104.16999816894531,104.18000030517578
2017-04-17,105.93000030517578,106.20999908447266,105.69999694824219,106.12000274658203
2017-04-18,105.62000274658203,105.66000366210938,105.08000183105469,105.31999969482422
2017-04-19,105.0,105.11000061035156,104.5,104.62000274658203
2017-04-20,105.66000366210938,106.16000366210938,105.63999938964844,106.0
2017-04-21,106.8499984741211,107.23999786376953,106.45999908447266,106.58000183105469
2017-04-24,107.19000244140625,107.26000213623047,106.69999694824219,106.98999786376953
2017-04-25,108.61000061035156,108.94000244140625,108.55000305175781,108.72000122070312
2017-04-26,109.91999816894531,110.33000183105469,109.80000305175781,109.91000366210938
2017-04-27,109.80000305175781,109.9000015258789,109.19999694824219,109.41000366210938
2017-04-28,108.3499984741211,108.58999633789062,108.06999969482422,108.13999938964844
2017-05-01,108.29000091552734,108.41999816894531,108.08999633789062,108.30000305175781
2017-05-02,109.5199966430664,109.68000030517578,109.06999969482422,109.23999786376953
2017-05-03,108.47000122070312,109.04000091552734,108.31999969482422,108.87000274658203
2017-05-04,109.2699966430664,109.2699966430664,108.44000244140625,109.16000366210938
2017-05-05,109.23999786376953,109.94000244140625,109.12999725341797,109.91000366210938
2017-05-08,110.0,110.3499984741211,109.98999786376953,110.19000244140625
2017-05-09,109.04000091552734,109.12999725341797,108.36000061035156,108.45999908447266
2017-05-10,106.29000091552734,106.3499984741211,105.69000244140625,105.80999755859375
2017-05-11,106.73999786376953,106.91999816894531,106.30999755859375,106.83999633789062
2017-05-12,106.16999816894531,106.62999725341797,106.16999816894531,106.45999908447266
2017-05-15,106.5199966430664,106.55999755859375,106.0999984741211,106.41000366210938
2017-05-16,107.0999984741211,107.36000061035156,106.6500015258789,106.91999816894531
2017-05-17,106.83000183105469,107.3499984741211,105.72000122070312,105.79000091552734
2017-05-18,105.88999938964844,107.0,105.83999633789062,106.7699966430664
2017-05-19,107.0999984741211,107.80000305175781,107.0999984741211,107.55999755859375
2017-05-22,107.3499984741211,107.95999908447266,107.19999694824219,107.5
2017-05-23,108.0,108.43000030517578,108.0,108.08000183105469
2017-05-24,107.5,107.6500015258789,106.94999694824219,107.31999969482422
2017-05-25,107.26000213623047,107.54000091552734,107.11000061035156,107.30000305175781
2017-05-26,106.77999877929688,107.0999984741211,106.5999984741211,107.0999984741211
2017-05-30,107.19999694824219,108.11000061035156,107.1500015258789,107.87999725341797
2017-05-31,107.37000274658203,107.70999908447266,106.75,107.54000091552734
2017-06-01,107.83999633789062,108.41999816894531,107.73999786376953,108.4000015258789
2017-06-02,109.04000091552734,109.62000274658203,108.87000274658203,109.37000274658203
2017-06-05,107.93000030517578,108.2300033569336,107.5,107.76000213623047
2017-06-06,107.54000091552734,108.02999877929688,107.52999877929688,107.80000305175781
2017-06-07,107.87999725341797,107.9800033569336,107.4000015258789,107.52999877929688
2017-06-08,106.5,106.6500015258789,105.51000213623047,105.77999877929688
2017-06-09,105.70999908447266,106.2699966430664,105.3499984741211,105.73999786376953
2017-06-12,106.2300033569336,106.63999938964844,106.11000061035156,106.44999694824219
2017-06-13,106.93000030517578,107.41000366210938,106.69999694824219,107.41000366210938
2017-06-14,107.12999725341797,107.16999816894531,106.36000061035156,106.69999694824219
2017-06-15,105.48999786376953,106.05000305175781,105.30000305175781,105.77999877929688
2017-06-16,104.98999786376953,104.98999786376953,104.58999633789062,104.9000015258789
2017-06-19,104.5999984741211,104.70999908447266,104.37000274658203,104.69999694824219
2017-06-20,104.5,104.55000305175781,103.62000274658203,103.81999969482422
2017-06-21,104.87999725341797,104.87999725341797,104.44999694824219,104.55999755859375
2017-06-22,105.37999725341797,105.63999938964844,105.31999969482422,105.48999786376953
2017-06-23,105.16000366210938,105.27999877929688,105.0199966430664,105.23999786376953
2017-06-26,105.25,105.55000305175781,104.97000122070312,104.9800033569336
2017-06-27,104.9800033569336,105.02999877929688,104.4800033569336,104.54000091552734
2017-06-28,104.98999786376953,105.3499984741211,104.7699966430664,105.30999755859375
2017-06-29,105.12000274658203,105.12000274658203,103.83999633789062,104.33999633789062
2017-06-30,105.02999877929688,105.29000091552734,104.66000366210938,105.0199966430664
2017-07-03,105.80000305175781,106.33999633789062,105.6500015258789,106.02999877929688
2017-07-05,108.1500015258789,108.77999877929688,108.0999984741211,108.52999877929688
2017-07-06,108.06999969482422,108.0999984741211,107.29000091552734,107.44999694824219
2017-07-07,108.1500015258789,108.61000061035156,108.05000305175781,108.47000122070312
2017-07-10,108.20999908447266,108.4800033569336,108.13999938964844,108.22000122070312
2017-07-11,108.0999984741211,108.45999908447266,107.56999969482422,108.20999908447266
2017-07-12,109.62000274658203,109.87999725341797,109.26000213623047,109.87000274658203
2017-07-13,109.5,109.9000015258789,109.44999694824219,109.83999633789062
2017-07-14,110.05000305175781,110.68000030517578,110.05000305175781,110.19999694824219
2017-07-17,110.01000213623047,110.44000244140625,110.01000213623047,110.33000183105469
2017-07-18,110.19999694824219,110.19999694824219,109.66000366210938,110.0
2017-07-19,109.58999633789062,109.8499984741211,109.55999755859375,109.69999694824219
2017-07-20,109.93000030517578,110.05999755859375,109.51000213623047,109.83999633789062
2017-07-21,109.47000122070312,109.5,109.05000305175781,109.30999755859375
2017-07-24,109.30000305175781,109.44999694824219,109.0999984741211,109.41000366210938
2017-07-25,109.83999633789062,110.55000305175781,109.75,110.12999725341797
2017-07-26,110.36000061035156,110.88999938964844,110.33000183105469,110.7699966430664
2017-07-27,111.2699966430664,111.9800033569336,111.22000122070312,111.66999816894531
2017-07-28,111.83000183105469,112.26000213623047,111.80999755859375,112.26000213623047
2017-07-31,113.0,113.0,112.45999908447266,112.83999633789062
2017-08-01,114.12000274658203,114.37999725341797,113.58999633789062,114.16999816894531
2017-08-02,113.77999877929688,114.19000244140625,113.48999786376953,114.19000244140625
2017-08-03,112.75,112.87999725341797,112.27999877929688,112.7300033569336
2017-08-04,113.76000213623047,113.80000305175781,112.98999786376953,113.63999938964844
2017-08-07,113.9800033569336,114.16000366210938,113.91999816894531,114.12999725341797
2017-08-08,114.26000213623047,114.48999786376953,114.02999877929688,114.22000122070312
2017-08-09,113.11000061035156,113.29000091552734,112.8499984741211,113.0999984741211
2017-08-10,113.5999984741211,113.77999877929688,112.20999908447266,112.37999725341797
2017-08-11,112.45999908447266,112.66999816894531,111.88999938964844,112.12000274658203
2017-08-14,112.86000061035156,113.37999725341797,112.7699966430664,113.02999877929688
2017-08-15,113.4000015258789,113.6500015258789,113.27999877929688,113.27999877929688
2017-08-16,112.36000061035156,112.5999984741211,112.19000244140625,112.38999938964844
2017-08-17,112.23999786376953,112.23999786376953,111.29000091552734,111.44999694824219
2017-08-18,112.0,112.16999816894531,111.5199966430664,111.7300033569336
2017-08-21,112.4000015258789,112.88999938964844,112.36000061035156,112.72000122070312
2017-08-22,112.63999938964844,113.0,112.55999755859375,112.87000274658203
2017-08-23,112.93000030517578,113.08000183105469,112.68000030517578,112.8499984741211
2017-08-24,112.2300033569336,112.68000030517578,112.0999984741211,112.22000122070312
2017-08-25,112.55000305175781,112.98999786376953,112.43000030517578,112.83999633789062
2017-08-28,112.4800033569336,112.4800033569336,112.05000305175781,112.2699966430664
2017-08-29,111.52999877929688,112.0999984741211,111.4800033569336,112.08000183105469
2017-08-30,112.0999984741211,112.30999755859375,111.5,112.29000091552734
2017-08-31,112.26000213623047,113.08999633789062,112.22000122070312,112.9800033569336
2017-09-01,112.73999786376953,113.86000061035156,112.62999725341797,113.02999877929688
2017-09-05,113.36000061035156,114.0,113.19000244140625,113.62000274658203
2017-09-06,113.95999908447266,114.02999877929688,113.47000122070312,113.7300033569336
2017-09-07,114.5199966430664,114.75,113.97000122070312,114.27999877929688
2017-09-08,115.0,115.16999816894531,114.69000244140625,114.97000122070312
2017-09-11,115.94000244140625,116.43000030517578,115.80999755859375,116.2300033569336
2017-09-12,116.37000274658203,116.7699966430664,116.31999969482422,116.54000091552734
2017-09-13,116.3499984741211,116.69999694824219,116.25,116.61000061035156
2017-09-14,116.51000213623047,117.36000061035156,116.47000122070312,117.0999984741211
2017-09-15,117.12000274658203,117.79000091552734,117.12000274658203,117.69000244140625
2017-09-18,117.81999969482422,117.91999816894531,117.37999725341797,117.58999633789062
2017-09-19,119.80999755859375,120.2300033569336,119.80000305175781,120.05999755859375
2017-09-20,120.0,120.4000015258789,119.83000183105469,120.37000274658203
2017-09-21,120.26000213623047,120.26000213623047,119.80000305175781,120.05000305175781
2017-09-22,120.26000213623047,120.73999786376953,120.26000213623047,120.62999725341797
2017-09-25,120.80999755859375,121.22000122070312,120.56999969482422,120.97000122070312
2017-09-26,121.63999938964844,121.80000305175781,121.12000274658203,121.33000183105469
2017-09-27,121.63999938964844,121.80000305175781,120.66999816894531,121.48999786376953
2017-09-28,119.77999877929688,120.0,119.44000244140625,119.5999984741211
2017-09-29,119.37000274658203,119.62000274658203,119.1500015258789,119.16999816894531
2017-10-02,118.83000183105469,119.44999694824219,118.81999969482422,119.30999755859375
2017-10-03,119.5199966430664,120.36000061035156,119.51000213623047,120.33999633789062
2017-10-04,120.81999969482422,121.30999755859375,120.2300033569336,120.97000122070312
2017-10-05,120.7300033569336,120.9000015258789,120.5,120.83999633789062
2017-10-06,121.58999633789062,121.88999938964844,121.30000305175781,121.87000274658203
2017-10-09,121.7699966430664,122.12000274658203,121.5999984741211,121.66999816894531
2017-10-10,123.86000061035156,124.18000030517578,123.81999969482422,124.08000183105469
2017-10-11,123.5,123.83999633789062,123.29000091552734,123.55999755859375
2017-10-12,123.4800033569336,123.68000030517578,123.06999969482422,123.19000244140625
2017-10-13,123.41999816894531,123.55999755859375,123.02999877929688,123.37999725341797
2017-10-16,123.30000305175781,123.5,123.01000213623047,123.41999816894531
2017-10-17,123.31999969482422,123.66999816894531,123.18000030517578,123.30999755859375
2017-10-18,123.9000015258789,124.31999969482422,123.83999633789062,124.26000213623047
2017-10-19,123.16000366210938,123.31999969482422,122.7699966430664,123.06999969482422
2017-10-20,123.41000366210938,123.72000122070312,123.36000061035156,123.70999908447266
2017-10-23,123.18000030517578,123.29000091552734,122.61000061035156,122.7699966430664
2017-10-24,123.88999938964844,124.01000213623047,123.5999984741211,123.87999725341797
2017-10-25,123.23999786376953,123.23999786376953,122.0199966430664,122.33999633789062
2017-10-26,123.58000183105469,124.08999633789062,123.54000091552734,123.8499984741211
2017-10-27,123.87999725341797,124.23999786376953,123.66999816894531,124.2300033569336
2017-10-30,124.25,124.44000244140625,124.06999969482422,124.38999938964844
2017-10-31,123.9800033569336,124.13999938964844,123.66999816894531,124.0
2017-11-01,124.29000091552734,124.91999816894531,124.18000030517578,124.43000030517578
2017-11-02,125.05000305175781,125.48999786376953,124.94000244140625,125.30999755859375
2017-11-03,125.51000213623047,125.62999725341797,125.0199966430664,125.62000274658203
2017-11-06,125.51000213623047,125.75,125.33999633789062,125.62999725341797
2017-11-07,126.75,127.5,125.58999633789062,127.45999908447266
2017-11-08,127.12000274658203,128.11000061035156,127.05000305175781,127.9800033569336
2017-11-09,125.41999816894531,125.69999694824219,124.62999725341797,125.45999908447266
2017-11-10,124.80000305175781,124.9000015258789,124.41000366210938,124.48999786376953
2017-11-13,124.8499984741211,125.76000213623047,124.80000305175781,125.66999816894531
2017-11-14,125.3499984741211,125.44000244140625,124.72000122070312,124.87000274658203
2017-11-15,122.94999694824219,123.80999755859375,122.48999786376953,123.66000366210938
2017-11-16,123.9800033569336,124.68000030517578,123.83999633789062,124.37000274658203
2017-11-17,123.31999969482422,123.6500015258789,123.08000183105469,123.29000091552734
2017-11-20,123.8499984741211,124.54000091552734,123.8499984741211,124.29000091552734
2017-11-21,125.19999694824219,125.91999816894531,125.05999755859375,125.77999877929688
2017-11-22,126.30000305175781,126.62000274658203,125.80000305175781,126.08000183105469
2017-11-24,126.29000091552734,126.4000015258789,125.86000061035156,126.05000305175781
2017-11-27,126.20999908447266,126.4000015258789,125.87000274658203,125.9800033569336
2017-11-28,126.51000213623047,126.95999908447266,126.31999969482422,126.95999908447266
2017-11-29,126.5999984741211,127.0999984741211,126.06999969482422,126.55000305175781
2017-11-30,126.4000015258789,126.88999938964844,126.19999694824219,126.33999633789062
2017-12-01,125.4000015258789,125.58999633789062,123.68000030517578,124.36000061035156
2017-12-04,124.69999694824219,124.95999908447266,123.70999908447266,123.91999816894531
2017-12-05,124.04000091552734,124.83999633789062,123.12999725341797,123.68000030517578
2017-12-06,123.0,123.27999877929688,122.62999725341797,122.97000122070312
2017-12-07,123.38999938964844,123.58000183105469,122.8499984741211,123.38999938964844
2017-12-08,124.16999816894531,124.5,124.0199966430664,124.44999694824219
2017-12-11,124.19000244140625,124.19000244140625,123.72000122070312,123.93000030517578
2017-12-12,123.91999816894531,124.5199966430664,123.80000305175781,124.25
2017-12-13,124.7300033569336,125.26000213623047,124.69000244140625,124.91999816894531
2017-12-14,125.61000061035156,125.75,124.91000366210938,125.0
2017-12-15,124.2300033569336,124.66000366210938,124.16999816894531,124.33999633789062
2017-12-18,126.87000274658203,127.44000244140625,126.73999786376953,127.31999969482422
2017-12-19,127.51000213623047,127.69999694824219,126.80000305175781,127.01000213623047
2017-12-20,128.0,128.00999450683594,127.33000183105469,127.62999725341797
2017-12-21,128.24000549316406,128.44000244140625,128.05999755859375,128.27999877929688
2017-12-22,128.1199951171875,128.33999633789062,127.73999786376953,128.32000732421875
2017-12-26,128.0,128.16000366210938,127.81999969482422,127.9800033569336
2017-12-27,127.97000122070312,128.3000030517578,127.87000274658203,128.22999572753906
2017-12-28,128.11000061035156,128.42999267578125,127.5199966430664,128.27000427246094
2017-12-29,128.44000244140625,128.44000244140625,127.11000061035156,127.16999816894531
2018-01-02,127.43000030517578,128.42999267578125,127.16999816894531,128.3699951171875
2018-01-03,128.67999267578125,130.24000549316406,128.55999755859375,130.1300048828125
2018-01-04,131.30999755859375,132.16000366210938,131.3000030517578,132.16000366210938
2018-01-05,133.11000061035156,133.8699951171875,133.0800018310547,133.86000061035156
2018-01-08,133.97999572753906,134.7899932861328,133.6199951171875,134.77000427246094
2018-01-09,133.82000732421875,133.8300018310547,133.08999633789062,133.72000122070312
2018-01-10,136.72999572753906,137.2899932861328,136.08999633789062,136.39999389648438
2018-01-11,136.69000244140625,136.91000366210938,135.6300048828125,136.91000366210938
2018-01-12,136.69000244140625,137.1999969482422,136.44000244140625,137.1999969482422
2018-01-16,139.1999969482422,139.5,137.58999633789062,137.97000122070312
2018-01-17,140.6199951171875,140.99000549316406,139.64999389648438,140.72000122070312
2018-01-18,139.27000427246094,139.30999755859375,138.41000366210938,138.6300048828125
2018-01-19,139.88999938964844,140.30999755859375,139.36000061035156,139.85000610351562
2018-01-22,138.97000122070312,139.39999389648438,138.67999267578125,139.39999389648438
2018-01-23,139.6300048828125,139.6300048828125,138.9499969482422,139.27999877929688
2018-01-24,139.50999450683594,139.64999389648438,138.5,139.02999877929688
2018-01-25,139.44000244140625,139.44000244140625,137.7100067138672,138.17999267578125
2018-01-26,139.35000610351562,139.74000549316406,138.89999389648438,139.55999755859375
2018-01-29,139.9499969482422,140.4600067138672,139.4600067138672,139.52999877929688
2018-01-30,139.97999572753906,140.27000427246094,139.25,139.6199951171875
2018-01-31,138.4499969482422,138.52000427246094,137.14999389648438,137.9199981689453
2018-02-01,138.24000549316406,139.25,138.22000122070312,138.8000030517578
2018-02-02,138.89999389648438,138.99000549316406,136.58999633789062,136.6199951171875
2018-02-05,135.5,136.11000061035156,131.30999755859375,131.92999267578125
2018-02-06,134.35000610351562,139.47999572753906,133.25,138.75999450683594
2018-02-07,137.33999633789062,138.77999877929688,136.85000610351562,136.8800048828125
2018-02-08,138.1999969482422,138.2899932861328,134.41000366210938,134.42999267578125
2018-02-09,137.16000366210938,137.63999938964844,133.02999877929688,136.57000732421875
2018-02-12,137.75999450683594,139.13999938964844,136.7899932861328,138.75999450683594
2018-02-13,134.10000610351562,135.2899932861328,133.8000030517578,135.0399932861328
2018-02-14,132.74000549316406,135.5800018310547,132.16000366210938,135.47000122070312
2018-02-15,135.0,135.3300018310547,134.1300048828125,135.27999877929688
2018-02-16,135.92999267578125,136.75999450683594,135.89999389648438,136.1999969482422
2018-02-20,135.6999969482422,136.58999633789062,135.39999389648438,135.85000610351562
2018-02-21,135.82000732421875,136.50999450683594,134.8000030517578,134.8000030517578
2018-02-22,135.6199951171875,136.19000244140625,134.9499969482422,135.22999572753906
2018-02-23,136.07000732421875,137.0800018310547,135.72999572753906,137.02999877929688
2018-02-26,137.3699951171875,138.55999755859375,137.05999755859375,138.42999267578125
2018-02-27,137.72999572753906,137.9499969482422,136.02000427246094,136.02999877929688
2018-02-28,136.1699981689453,136.22000122070312,134.57000732421875,134.60000610351562
2018-03-01,133.47999572753906,133.55999755859375,129.5,130.38999938964844
2018-03-02,129.1699981689453,130.72999572753906,128.60000610351562,130.58999633789062
2018-03-05,129.3000030517578,131.4199981689453,128.9600067138672,130.97999572753906
2018-03-06,131.67999267578125,131.83999633789062,130.74000549316406,131.33999633789062
2018-03-07,129.47999572753906,130.0,128.41000366210938,129.82000732421875
2018-03-08,129.1999969482422,129.80999755859375,128.72999572753906,129.55999755859375
2018-03-09,128.6199951171875,130.1300048828125,127.86000061035156,129.6999969482422
2018-03-12,130.0399932861328,131.0,130.0399932861328,130.33999633789062
2018-03-13,130.66000366210938,131.1699981689453,129.6699981689453,130.0
2018-03-14,131.2100067138672,131.2100067138672,129.8699951171875,130.0
2018-03-15,130.55999755859375,131.0,129.92999267578125,130.38999938964844
2018-03-16,130.0800018310547,130.41000366210938,129.89999389648438,129.91000366210938
2018-03-19,129.16000366210938,129.35000610351562,127.25,127.83999633789062
2018-03-20,128.5500030517578,129.38999938964844,128.52000427246094,129.25
2018-03-21,129.2899932861328,130.1999969482422,128.8699951171875,129.27999877929688
2018-03-22,128.30999755859375,128.64999389648438,126.94999694824219,127.0199966430664
2018-03-23,126.44999694824219,126.72000122070312,124.45999908447266,124.5
2018-03-26,126.2699966430664,127.48999786376953,125.25,127.30999755859375
2018-03-27,129.47999572753906,130.11000061035156,127.55000305175781,128.0399932861328
2018-03-28,128.2100067138672,129.74000549316406,128.13999938964844,129.3699951171875
2018-03-29,130.0,130.9499969482422,129.0800018310547,130.3699951171875
2018-04-02,128.9499969482422,128.9499969482422,125.8499984741211,126.58999633789062
2018-04-03,127.11000061035156,128.47000122070312,126.91999816894531,128.35000610351562
2018-04-04,125.97000122070312,127.91999816894531,125.7699966430664,127.76000213623047
2018-04-05,127.33999633789062,127.88999938964844,126.93000030517578,127.4000015258789
2018-04-06,126.12000274658203,126.51000213623047,124.44999694824219,125.37000274658203
2018-04-09,126.25,127.22000122070312,125.7300033569336,126.16999816894531
2018-04-10,127.9800033569336,128.52999877929688,127.76000213623047,128.25999450683594
2018-04-11,128.00999450683594,128.52999877929688,127.72000122070312,127.80999755859375
2018-04-12,128.5800018310547,129.02000427246094,128.3000030517578,128.6300048828125
2018-04-13,128.85000610351562,128.9499969482422,128.22000122070312,128.52999877929688
2018-04-16,129.16000366210938,129.33999633789062,128.7100067138672,128.82000732421875
2018-04-17,128.97999572753906,129.41000366210938,128.50999450683594,129.33999633789062
2018-04-18,129.47000122070312,129.6300048828125,129.02000427246094,129.07000732421875
2018-04-19,128.7899932861328,128.7899932861328,128.0,128.49000549316406
2018-04-20,128.9499969482422,129.33999633789062,128.8000030517578,129.22999572753906
2018-04-23,129.36000061035156,129.3699951171875,128.74000549316406,129.07000732421875
2018-04-24,130.5,130.63999938964844,129.0800018310547,129.47000122070312
2018-04-25,130.72999572753906,131.27000427246094,130.5399932861328,131.10000610351562
2018-04-26,131.39999389648438,131.8699951171875,131.11000061035156,131.61000061035156
2018-04-27,131.38999938964844,131.64999389648438,130.91000366210938,131.00999450683594
2018-04-30,131.25999450683594,131.83999633789062,130.80999755859375,130.97999572753906
2018-05-01,130.69000244140625,131.0,130.14999389648438,130.97000122070312
2018-05-02,131.0,131.0,130.10000610351562,130.17999267578125
2018-05-03,129.92999267578125,130.52999877929688,129.10000610351562,130.11000061035156
2018-05-04,129.89999389648438,131.32000732421875,129.5399932861328,131.32000732421875
2018-05-07,131.39999389648438,131.94000244140625,131.14999389648438,131.50999450683594
2018-05-08,130.6300048828125,130.97999572753906,130.4499969482422,130.89999389648438
2018-05-09,135.13999938964844,136.2899932861328,134.9600067138672,136.2899932861328
2018-05-10,138.35000610351562,138.67999267578125,138.14999389648438,138.38999938964844
2018-05-11,137.97999572753906,138.16000366210938,137.60000610351562,138.07000732421875
2018-05-14,138.0399932861328,138.4499969482422,138.0,138.13999938964844
2018-05-15,136.44000244140625,136.4600067138672,135.92999267578125,136.22000122070312
2018-05-16,136.92999267578125,137.66000366210938,136.85000610351562,137.35000610351562
2018-05-17,137.0,137.05999755859375,136.4600067138672,136.6699981689453
2018-05-18,136.5,136.5,135.6699981689453,136.0399932861328
2018-05-21,136.49000549316406,136.57000732421875,136.02999877929688,136.4499969482422
2018-05-22,136.5,136.5,135.66000366210938,135.74000549316406
2018-05-23,134.60000610351562,134.88999938964844,133.8300018310547,134.8300018310547
2018-05-24,132.39999389648438,132.82000732421875,131.7899932861328,132.44000244140625
2018-05-25,129.8000030517578,130.22000122070312,129.61000061035156,129.9600067138672
2018-05-29,127.43000030517578,127.83000183105469,126.36000061035156,126.69999694824219
2018-05-30,126.63999938964844,127.66999816894531,126.58999633789062,127.2300033569336
2018-05-31,127.83000183105469,128.14999389648438,127.08999633789062,127.97000122070312
2018-06-01,131.2899932861328,131.8699951171875,130.9199981689453,131.30999755859375
2018-06-04,135.25,135.2899932861328,134.17999267578125,134.27999877929688
2018-06-05,133.6300048828125,133.75,133.36000061035156,133.4600067138672
2018-06-06,136.02999877929688,136.17999267578125,135.3800048828125,136.1699981689453
2018-06-07,136.75999450683594,137.4199981689453,136.4199981689453,136.4499969482422
2018-06-08,136.38999938964844,136.41000366210938,135.7899932861328,136.2100067138672
2018-06-11,136.47999572753906,137.55999755859375,136.47000122070312,137.14999389648438
2018-06-12,134.6999969482422,134.97999572753906,134.38999938964844,134.5500030517578
2018-06-13,135.83999633789062,135.92999267578125,135.2899932861328,135.41000366210938
2018-06-14,135.39999389648438,135.7899932861328,135.32000732421875,135.44000244140625
2018-06-15,136.24000549316406,136.3800048828125,135.2100067138672,135.80999755859375
2018-06-18,135.6199951171875,136.5500030517578,135.58999633789062,136.52000427246094
2018-06-19,135.8000030517578,136.19000244140625,135.52999877929688,136.14999389648438
2018-06-20,135.1999969482422,135.3000030517578,134.25999450683594,134.3699951171875
2018-06-21,133.58999633789062,133.58999633789062,132.19000244140625,132.66000366210938
2018-06-22,131.88999938964844,131.92999267578125,130.72000122070312,131.0
2018-06-25,129.85000610351562,129.97999572753906,128.22999572753906,128.57000732421875
2018-06-26,129.27000427246094,129.77000427246094,128.6300048828125,129.2100067138672
2018-06-27,128.63999938964844,128.63999938964844,127.0999984741211,127.11000061035156
2018-06-28,128.13999938964844,129.38999938964844,128.05999755859375,129.08999633789062
2018-06-29,129.38999938964844,129.89999389648438,128.77999877929688,128.80999755859375
2018-07-02,127.5199966430664,128.05999755859375,127.0,127.93000030517578
2018-07-03,128.3300018310547,128.35000610351562,127.25,127.4000015258789
2018-07-05,128.3800048828125,129.3000030517578,128.3800048828125,129.07000732421875
2018-07-06,129.42999267578125,129.94000244140625,129.08999633789062,129.55999755859375
2018-07-09,130.22999572753906,130.80999755859375,130.22999572753906,130.6999969482422
2018-07-10,129.17999267578125,129.44000244140625,129.00999450683594,129.27000427246094
2018-07-11,128.67999267578125,128.74000549316406,127.77999877929688,128.05999755859375
2018-07-12,129.05999755859375,129.35000610351562,128.82000732421875,129.17999267578125
2018-07-13,129.1199951171875,129.6699981689453,129.0800018310547,129.50999450683594
2018-07-16,129.7100067138672,129.7100067138672,129.39999389648438,129.50999450683594
2018-07-17,130.7899932861328,131.92999267578125,130.6999969482422,131.4499969482422
2018-07-18,132.61000061035156,132.9499969482422,131.97000122070312,132.08999633789062
2018-07-19,131.72000122070312,132.02000427246094,131.4600067138672,131.77000427246094
2018-07-20,132.10000610351562,132.27000427246094,131.72999572753906,131.8000030517578
2018-07-23,131.44000244140625,131.82000732421875,131.25,131.72999572753906
2018-07-24,132.77000427246094,133.17999267578125,132.2100067138672,132.5800018310547
2018-07-25,131.5800018310547,132.35000610351562,129.80999755859375,132.2100067138672
2018-07-26,133.19000244140625,133.58999633789062,132.99000549316406,133.3300018310547
2018-07-27,134.38999938964844,134.75999450683594,133.9600067138672,134.4600067138672
2018-07-30,134.8300018310547,135.57000732421875,134.8000030517578,134.97999572753906
2018-07-31,131.97999572753906,132.2899932861328,131.66000366210938,131.83999633789062
2018-08-01,132.5,133.17999267578125,131.47000122070312,131.6300048828125
2018-08-02,130.5500030517578,131.10000610351562,129.9499969482422,131.0500030517578
2018-08-03,130.39999389648438,131.63999938964844,129.77000427246094,131.3000030517578
2018-08-06,128.4600067138672,128.69000244140625,128.07000732421875,128.4499969482422
2018-08-07,128.75999450683594,129.13999938964844,128.47000122070312,128.52000427246094
2018-08-08,127.75,127.75,127.05000305175781,127.08999633789062
2018-08-09,126.5,126.5,125.41999816894531,125.44999694824219
2018-08-10,125.05000305175781,125.05000305175781,124.12999725341797,124.2300033569336
2018-08-13,124.05999755859375,124.31999969482422,123.4800033569336,123.5
2018-08-14,123.91999816894531,123.91999816894531,123.25,123.44999694824219
2018-08-15,122.55999755859375,122.55999755859375,121.41999816894531,121.8499984741211
2018-08-16,122.0,123.12000274658203,121.91999816894531,122.76000213623047
2018-08-17,122.62999725341797,123.55000305175781,122.44000244140625,123.27999877929688
2018-08-20,122.76000213623047,123.55999755859375,122.76000213623047,123.2699966430664
2018-08-21,122.94999694824219,122.94999694824219,122.5,122.56999969482422
2018-08-22,124.5199966430664,124.76000213623047,123.58000183105469,123.73999786376953
2018-08-23,123.23999786376953,123.23999786376953,122.05999755859375,122.26000213623047
2018-08-24,123.0199966430664,123.12999725341797,122.47000122070312,122.83999633789062
2018-08-27,125.61000061035156,127.01000213623047,125.22000122070312,126.47000122070312
2018-08-28,126.73999786376953,127.08999633789062,126.01000213623047,126.06999969482422
2018-08-29,126.8499984741211,127.7699966430664,126.73999786376953,127.4800033569336
2018-08-30,125.66000366210938,126.08999633789062,124.83000183105469,125.26000213623047
2018-08-31,124.5999984741211,124.79000091552734,123.80000305175781,124.08000183105469
2018-09-04,122.16999816894531,122.41999816894531,121.6500015258789,122.01000213623047
2018-09-05,120.51000213623047,121.26000213623047,120.30999755859375,120.47000122070312
2018-09-06,120.5,120.5,119.31999969482422,120.19000244140625
2018-09-07,119.55999755859375,119.7699966430664,119.0199966430664,119.30000305175781
2018-09-10,119.55000305175781,119.66000366210938,119.1500015258789,119.18000030517578
2018-09-11,120.06999969482422,120.08999633789062,119.5199966430664,119.91999816894531
2018-09-12,119.80000305175781,120.31999969482422,119.63999938964844,119.91000366210938
2018-09-13,121.75,122.41000366210938,121.5999984741211,121.95999908447266
2018-09-14,122.70999908447266,122.83000183105469,122.05999755859375,122.27999877929688
2018-09-17,122.66999816894531,123.0199966430664,122.41000366210938,122.4800033569336
2018-09-18,124.37999725341797,125.30000305175781,124.2699966430664,125.02999877929688
2018-09-19,124.9800033569336,125.6500015258789,124.9800033569336,125.31999969482422
2018-09-20,125.41999816894531,125.88999938964844,124.69000244140625,124.94999694824219
2018-09-21,124.6500015258789,124.94999694824219,124.30999755859375,124.72000122070312
2018-09-24,124.33999633789062,124.66000366210938,123.72000122070312,124.0
2018-09-25,125.31999969482422,125.61000061035156,124.7699966430664,124.87999725341797
2018-09-26,124.94999694824219,125.30000305175781,124.30999755859375,125.13999938964844
2018-09-27,124.80000305175781,125.3499984741211,124.37999725341797,124.61000061035156
2018-09-28,124.51000213623047,124.98999786376953,124.18000030517578,124.3499984741211
2018-10-01,124.5999984741211,125.04000091552734,124.41000366210938,124.81999969482422
2018-10-02,125.52999877929688,126.0199966430664,125.44000244140625,125.70999908447266
2018-10-03,122.97000122070312,123.33999633789062,122.41999816894531,122.69999694824219
2018-10-04,122.69999694824219,122.97000122070312,121.54000091552734,122.18000030517578
2018-10-05,122.86000061035156,122.86000061035156,121.37000274658203,121.5
2018-10-08,121.58999633789062,121.87999725341797,120.37999725341797,121.72000122070312
2018-10-09,119.69999694824219,120.18000030517578,119.18000030517578,119.91999816894531
2018-10-10,119.72000122070312,119.9000015258789,117.77999877929688,117.77999877929688
2018-10-11,117.79000091552734,118.48999786376953,115.7699966430664,116.75
2018-10-12,117.30000305175781,117.44000244140625,115.83000183105469,116.76000213623047
2018-10-15,115.36000061035156,116.01000213623047,114.94999694824219,115.62999725341797
2018-10-16,117.20999908447266,118.23999786376953,116.93000030517578,118.04000091552734
2018-10-17,118.01000213623047,118.05999755859375,116.94000244140625,117.7300033569336
2018-10-18,117.91000366210938,118.38999938964844,116.5199966430664,116.66999816894531
2018-10-19,116.81999969482422,117.38999938964844,116.02999877929688,116.31999969482422
2018-10-22,118.73999786376953,118.75,116.4000015258789,117.0999984741211
2018-10-23,115.77999877929688,118.56999969482422,115.56999969482422,117.97000122070312
2018-10-24,116.68000030517578,116.72000122070312,114.4000015258789,114.56999969482422
2018-10-25,115.55000305175781,117.29000091552734,115.18000030517578,116.66000366210938
2018-10-26,116.0,118.19000244140625,115.73999786376953,117.30000305175781
2018-10-29,115.80000305175781,118.0199966430664,114.13999938964844,115.30999755859375
2018-10-30,115.19999694824219,116.4000015258789,115.0,116.23999786376953
2018-10-31,117.22000122070312,117.72000122070312,116.87000274658203,117.05000305175781
2018-11-01,116.9000015258789,117.80999755859375,116.30000305175781,117.69999694824219
2018-11-02,117.0,117.33999633789062,114.55000305175781,115.45999908447266
2018-11-05,115.08999633789062,115.95999908447266,115.08999633789062,115.41000366210938
2018-11-06,117.2699966430664,117.87000274658203,116.73999786376953,117.58000183105469
2018-11-07,118.20999908447266,119.4800033569336,118.05999755859375,119.30999755859375
2018-11-08,117.80999755859375,118.16000366210938,116.91999816894531,117.29000091552734
2018-11-09,117.3499984741211,117.55000305175781,116.69999694824219,117.23999786376953
2018-11-12,117.20999908447266,117.30000305175781,115.38999938964844,115.56999969482422
2018-11-13,115.5,116.11000061035156,114.80000305175781,115.11000061035156
2018-11-14,116.95999908447266,117.6500015258789,116.37999725341797,116.87999725341797
2018-11-15,116.33999633789062,117.30000305175781,115.91999816894531,117.0
2018-11-16,115.81999969482422,117.25,115.80000305175781,116.95999908447266
2018-11-19,118.33999633789062,118.45999908447266,116.86000061035156,117.13999938964844
2018-11-20,117.94000244140625,118.30000305175781,116.97000122070312,117.29000091552734
2018-11-21,119.22000122070312,120.08999633789062,118.93000030517578,119.25
2018-11-23,119.5199966430664,119.95999908447266,119.31999969482422,119.70999908447266
2018-11-26,120.55000305175781,121.30999755859375,120.54000091552734,121.2699966430664
2018-11-27,121.87999725341797,122.1500015258789,120.66999816894531,121.0
2018-11-28,120.61000061035156,121.58000183105469,119.58999633789062,121.58000183105469
2018-11-29,121.5199966430664,122.31999969482422,121.37999725341797,121.77999877929688
2018-11-30,120.80000305175781,121.58000183105469,120.80000305175781,121.4800033569336
2018-12-03,123.26000213623047,123.81999969482422,123.12000274658203,123.51000213623047
2018-12-04,122.2699966430664,122.8499984741211,120.31999969482422,120.87999725341797
2018-12-06,120.2699966430664,121.83999633789062,119.41000366210938,121.83000183105469
2018-12-07,121.6500015258789,122.02999877929688,119.4000015258789,119.97000122070312
2018-12-10,121.05000305175781,121.2699966430664,119.55999755859375,120.94000244140625
2018-12-11,120.68000030517578,121.1500015258789,119.94000244140625,120.41000366210938
2018-12-12,122.3499984741211,122.9000015258789,121.8499984741211,121.88999938964844
2018-12-13,121.54000091552734,121.54000091552734,120.37000274658203,120.77999877929688
2018-12-14,120.33000183105469,121.0199966430664,119.9000015258789,120.0999984741211
2018-12-17,120.0,120.51000213623047,119.12000274658203,119.55000305175781
2018-12-18,120.87999725341797,121.2699966430664,119.83999633789062,120.01000213623047
2018-12-19,120.51000213623047,122.0,118.87000274658203,119.37999725341797
2018-12-20,119.0,119.52999877929688,117.37999725341797,118.44999694824219
2018-12-21,115.62000274658203,116.20999908447266,113.9000015258789,113.95999908447266
2018-12-24,113.44999694824219,113.56999969482422,111.56999969482422,111.80999755859375
2018-12-26,112.54000091552734,113.88999938964844,111.12000274658203,113.72000122070312
2018-12-27,113.41000366210938,115.4800033569336,113.12000274658203,115.4800033569336
2018-12-28,115.95999908447266,117.25,115.77999877929688,116.33999633789062
2018-12-31,116.44000244140625,116.7699966430664,115.38999938964844,116.08000183105469
2019-01-02,114.68000030517578,116.52999877929688,114.68000030517578,116.27999877929688
2019-01-03,115.8499984741211,116.27999877929688,114.29000091552734,114.6500015258789
2019-01-04,117.94000244140625,120.16999816894531,117.51000213623047,119.7300033569336
2019-01-07,120.70999908447266,122.18000030517578,120.31999969482422,121.27999877929688
2019-01-08,123.16000366210938,123.4800033569336,121.95999908447266,122.30999755859375
2019-01-09,122.8499984741211,123.30000305175781,122.38999938964844,122.91999816894531
2019-01-10,123.70999908447266,124.58000183105469,123.2699966430664,124.48999786376953
2019-01-11,125.01000213623047,125.5199966430664,124.87999725341797,125.06999969482422
2019-01-14,124.54000091552734,126.0999984741211,124.48999786376953,125.38999938964844
2019-01-15,126.1500015258789,126.63999938964844,125.45999908447266,126.27999877929688
2019-01-16,126.05999755859375,126.37000274658203,125.5999984741211,125.66000366210938
2019-01-17,124.48999786376953,125.29000091552734,124.0199966430664,124.91999816894531
2019-01-18,124.88999938964844,125.79000091552734,124.87000274658203,125.3499984741211
2019-01-22,124.0,124.3499984741211,123.05999755859375,123.5999984741211
2019-01-23,123.06999969482422,123.27999877929688,121.91000366210938,122.47000122070312
2019-01-24,122.63999938964844,123.06999969482422,122.30999755859375,122.83000183105469
2019-01-25,123.73999786376953,123.98999786376953,123.45999908447266,123.72000122070312
2019-01-28,122.26000213623047,122.56999969482422,121.86000061035156,122.4800033569336
2019-01-29,122.4800033569336,122.83000183105469,122.19000244140625,122.2699966430664
2019-01-30,122.0999984741211,123.48999786376953,121.69000244140625,123.04000091552734
2019-01-31,122.69999694824219,123.37999725341797,122.33000183105469,123.16999816894531
2019-02-01,122.43000030517578,122.6500015258789,121.6500015258789,122.0
2019-02-04,122.44000244140625,122.94000244140625,121.94000244140625,122.9000015258789
2019-02-05,123.5199966430664,123.72000122070312,123.20999908447266,123.47000122070312
2019-02-06,121.72000122070312,122.01000213623047,120.58000183105469,121.05000305175781
2019-02-07,119.23999786376953,119.41000366210938,117.37999725341797,118.11000061035156
2019-02-08,117.27999877929688,117.31999969482422,116.4000015258789,117.30999755859375
2019-02-11,117.88999938964844,117.88999938964844,117.0,117.1500015258789
2019-02-12,119.04000091552734,119.83000183105469,119.04000091552734,119.77999877929688
2019-02-13,119.95999908447266,120.05999755859375,119.36000061035156,119.62999725341797
2019-02-14,119.08000183105469,119.5,118.62999725341797,119.25
2019-02-15,120.3499984741211,121.2300033569336,120.20999908447266,121.1500015258789
2019-02-19,120.5199966430664,121.7699966430664,120.5199966430664,121.48999786376953
2019-02-20,122.30999755859375,123.36000061035156,122.29000091552734,122.79000091552734
2019-02-21,121.73999786376953,121.9800033569336,121.08999633789062,121.23999786376953
2019-02-22,121.94000244140625,122.0199966430664,121.44999694824219,121.81999969482422
2019-02-25,122.70999908447266,122.94999694824219,122.4000015258789,122.41000366210938
2019-02-26,122.75,123.6500015258789,122.75,123.2300033569336
2019-02-27,122.69999694824219,122.76000213623047,122.08999633789062,122.31999969482422
2019-02-28,121.30000305175781,121.44000244140625,120.54000091552734,121.04000091552734
2019-03-01,120.4000015258789,120.5999984741211,119.62999725341797,120.33999633789062
2019-03-04,119.0199966430664,119.02999877929688,117.95999908447266,118.41999816894531
2019-03-05,118.5,118.5,117.91999816894531,118.26000213623047
2019-03-06,118.11000061035156,118.30999755859375,117.87999725341797,117.9800033569336
2019-03-07,118.23999786376953,118.26000213623047,116.80999755859375,117.23999786376953
2019-03-08,116.80999755859375,117.7300033569336,116.80999755859375,117.70999908447266
2019-03-11,118.5,119.36000061035156,118.5,119.12999725341797
2019-03-12,119.18000030517578,119.19999694824219,118.58000183105469,118.76000213623047
2019-03-13,118.6500015258789,119.66000366210938,118.55999755859375,119.30999755859375
2019-03-14,117.9000015258789,118.11000061035156,117.44999694824219,117.69999694824219
2019-03-15,119.0,119.19999694824219,118.75,118.97000122070312
2019-03-18,118.94000244140625,119.5999984741211,118.80999755859375,119.51000213623047
2019-03-19,119.94000244140625,120.48999786376953,119.63999938964844,119.7300033569336
2019-03-20,120.31999969482422,120.43000030517578,118.95999908447266,119.66999816894531
2019-03-21,119.62000274658203,120.48999786376953,119.26000213623047,120.44000244140625
2019-03-22,121.11000061035156,121.16000366210938,119.83000183105469,120.22000122070312
2019-03-25,119.88999938964844,120.68000030517578,119.41999816894531,120.48999786376953
2019-03-26,122.01000213623047,122.27999877929688,121.5199966430664,121.7699966430664
2019-03-27,121.12000274658203,121.36000061035156,120.52999877929688,121.02999877929688
2019-03-28,119.36000061035156,119.51000213623047,118.75,119.06999969482422
2019-03-29,118.25,118.30999755859375,117.83999633789062,118.0199966430664
2019-04-01,119.45999908447266,120.19999694824219,119.45999908447266,119.87999725341797
2019-04-02,120.5,120.73999786376953,120.11000061035156,120.6500015258789
2019-04-03,120.94999694824219,121.5999984741211,120.83000183105469,121.06999969482422
2019-04-04,121.69999694824219,122.38999938964844,121.6500015258789,122.08000183105469
2019-04-05,122.0,122.7300033569336,121.87999725341797,122.54000091552734
2019-04-08,121.7300033569336,122.48999786376953,121.7300033569336,122.23999786376953
2019-04-09,122.38999938964844,122.80000305175781,121.94999694824219,122.05999755859375
2019-04-10,122.44000244140625,122.44999694824219,122.04000091552734,122.18000030517578
2019-04-11,121.69000244140625,121.83000183105469,121.0,121.04000091552734
2019-04-12,121.83999633789062,122.80000305175781,121.83999633789062,122.4000015258789
2019-04-15,122.16000366210938,122.44000244140625,121.61000061035156,121.97000122070312
2019-04-16,121.95999908447266,122.22000122070312,121.51000213623047,121.75
2019-04-17,123.83999633789062,124.63999938964844,123.80000305175781,124.08000183105469
2019-04-18,124.98999786376953,125.43000030517578,124.94999694824219,125.16000366210938
2019-04-22,124.80999755859375,124.80999755859375,123.9800033569336,124.16000366210938
2019-04-23,124.87999725341797,124.9800033569336,124.48999786376953,124.94000244140625
2019-04-24,122.75,123.22000122070312,122.6500015258789,122.87999725341797
2019-04-25,123.51000213623047,123.51000213623047,122.81999969482422,123.19000244140625
2019-04-26,123.79000091552734,123.83000183105469,123.45999908447266,123.62000274658203
2019-04-29,123.77999877929688,124.0,123.62000274658203,123.80999755859375
2019-04-30,124.20999908447266,124.20999908447266,123.45999908447266,123.5999984741211
2019-05-01,123.94999694824219,123.94999694824219,122.79000091552734,122.91999816894531
2019-05-02,122.91999816894531,123.1500015258789,122.33999633789062,122.58999633789062
2019-05-03,122.61000061035156,123.76000213623047,122.61000061035156,123.6500015258789
2019-05-06,121.62000274658203,123.0199966430664,121.33000183105469,122.9800033569336
2019-05-07,123.0,123.3499984741211,121.9000015258789,122.5
2019-05-08,122.55000305175781,122.6500015258789,121.70999908447266,121.76000213623047
2019-05-09,119.08000183105469,119.36000061035156,117.75,119.31999969482422
2019-05-10,118.91999816894531,119.54000091552734,117.7300033569336,119.2699966430664
2019-05-13,118.0,119.02999877929688,117.79000091552734,118.26000213623047
2019-05-14,118.87000274658203,119.73999786376953,118.7300033569336,119.06999969482422
2019-05-15,118.8499984741211,120.88999938964844,118.45999908447266,120.63999938964844
2019-05-16,119.1500015258789,120.29000091552734,119.0,119.9000015258789
2019-05-17,118.37999725341797,119.08999633789062,118.19999694824219,118.4000015258789
2019-05-20,118.12000274658203,118.79000091552734,117.87999725341797,118.11000061035156
2019-05-21,117.8499984741211,118.38999938964844,117.45999908447266,118.25
2019-05-22,117.77999877929688,117.9800033569336,117.2699966430664,117.31999969482422
2019-05-23,117.37999725341797,117.86000061035156,117.05000305175781,117.47000122070312
2019-05-24,118.83999633789062,118.87999725341797,118.04000091552734,118.55000305175781
2019-05-28,119.87000274658203,120.66000366210938,119.37999725341797,119.4000015258789
2019-05-29,119.87999725341797,119.87999725341797,118.9000015258789,119.55000305175781
2019-05-30,119.77999877929688,119.91999816894531,119.37999725341797,119.75
2019-05-31,117.5,117.72000122070312,117.0999984741211,117.58000183105469
2019-06-03,117.58000183105469,118.2699966430664,117.44000244140625,118.12999725341797
2019-06-04,118.7300033569336,119.7699966430664,118.51000213623047,119.54000091552734
2019-06-05,120.5,121.0,120.04000091552734,120.22000122070312
2019-06-06,121.05000305175781,121.44999694824219,120.86000061035156,121.30000305175781
2019-06-07,121.94999694824219,122.87000274658203,121.87999725341797,122.38999938964844
2019-06-10,123.45999908447266,123.93000030517578,123.36000061035156,123.48999786376953
2019-06-11,124.5,125.25,124.37999725341797,124.98999786376953
2019-06-12,125.0999984741211,126.0,125.0999984741211,125.68000030517578
2019-06-13,124.44999694824219,124.79000091552734,124.19000244140625,124.79000091552734
2019-06-14,124.44999694824219,124.6500015258789,124.26000213623047,124.38999938964844
2019-06-17,124.29000091552734,124.47000122070312,123.80999755859375,124.16999816894531
2019-06-18,124.80999755859375,125.48999786376953,124.69999694824219,125.37000274658203
2019-06-19,125.19999694824219,125.27999877929688,124.72000122070312,125.20999908447266
2019-06-20,125.91000366210938,125.98999786376953,125.26000213623047,125.80000305175781
2019-06-21,124.93000030517578,125.22000122070312,124.72000122070312,124.83000183105469
2019-06-24,125.05999755859375,125.19999694824219,124.72000122070312,124.79000091552734
2019-06-25,124.77999877929688,124.77999877929688,123.44000244140625,123.93000030517578
2019-06-26,123.91999816894531,124.05000305175781,123.1500015258789,123.29000091552734
2019-06-27,123.91999816894531,124.5,123.47000122070312,123.66999816894531
2019-06-28,124.08999633789062,124.43000030517578,123.83999633789062,123.98999786376953
2019-07-01,126.62999725341797,126.80000305175781,125.31999969482422,125.79000091552734
2019-07-02,126.30000305175781,127.23999786376953,126.30000305175781,127.0
2019-07-03,126.87000274658203,127.43000030517578,126.2300033569336,126.83000183105469
2019-07-05,126.1500015258789,126.63999938964844,125.94999694824219,126.56999969482422
2019-07-08,126.27999877929688,127.44000244140625,126.19000244140625,126.87000274658203
2019-07-09,126.86000061035156,126.9000015258789,126.41000366210938,126.9000015258789
2019-07-10,126.62000274658203,127.68000030517578,126.62000274658203,127.37999725341797
2019-07-11,127.08000183105469,127.08000183105469,126.37000274658203,126.75
2019-07-12,127.4000015258789,128.1300048828125,127.0,127.70999908447266
2019-07-15,128.10000610351562,128.49000549316406,127.2300033569336,127.62999725341797
2019-07-16,128.3800048828125,129.32000732421875,128.27999877929688,128.61000061035156
2019-07-17,129.5,129.63999938964844,129.14999389648438,129.36000061035156
2019-07-18,129.27000427246094,130.16000366210938,129.27000427246094,129.80999755859375
2019-07-19,131.30999755859375,131.60000610351562,130.02999877929688,130.1699981689453
2019-07-22,131.25999450683594,131.5800018310547,130.86000061035156,131.13999938964844
2019-07-23,131.6999969482422,131.99000549316406,131.57000732421875,131.75
2019-07-24,132.27999877929688,133.16000366210938,132.24000549316406,133.0
2019-07-25,133.07000732421875,133.07000732421875,132.22000122070312,132.5
2019-07-26,131.72000122070312,132.24000549316406,131.3800048828125,131.9499969482422
2019-07-29,131.66000366210938,132.1300048828125,131.61000061035156,131.72999572753906
2019-07-30,131.10000610351562,131.4499969482422,130.6999969482422,131.1300048828125
2019-07-31,129.4600067138672,129.88999938964844,128.3800048828125,129.0500030517578
2019-08-01,130.1999969482422,131.39999389648438,129.13999938964844,129.6199951171875
2019-08-02,128.0,129.19000244140625,128.0,128.9499969482422
2019-08-05,129.4199981689453,129.8300018310547,127.69999694824219,128.3000030517578
2019-08-06,127.45999908447266,127.73999786376953,125.63999938964844,127.05000305175781
2019-08-07,127.3499984741211,128.47000122070312,127.0199966430664,128.22000122070312
2019-08-08,128.49000549316406,129.58999633789062,128.0399932861328,129.35000610351562
2019-08-09,129.22999572753906,129.49000549316406,128.16000366210938,128.97999572753906
2019-08-12,128.67999267578125,128.85000610351562,127.83000183105469,128.22999572753906
2019-08-13,128.3000030517578,129.94000244140625,128.1999969482422,129.4199981689453
2019-08-14,128.2100067138672,128.2100067138672,126.0999984741211,126.4800033569336
2019-08-15,127.0,127.62999725341797,126.83999633789062,127.36000061035156
2019-08-16,127.83000183105469,128.99000549316406,126.83999633789062,128.7899932861328
2019-08-19,129.6699981689453,129.97000122070312,129.5,129.63999938964844
2019-08-20,129.47999572753906,129.6999969482422,128.9499969482422,129.02999877929688
2019-08-21,129.82000732421875,130.1699981689453,129.74000549316406,129.8800048828125
2019-08-22,129.83999633789062,130.25999450683594,129.47000122070312,129.64999389648438
2019-08-23,128.97000122070312,129.7899932861328,127.72000122070312,127.83000183105469
2019-08-26,130.92999267578125,131.38999938964844,130.13999938964844,130.77999877929688
2019-08-27,131.02000427246094,131.27000427246094,130.33999633789062,130.4600067138672
2019-08-28,130.17999267578125,130.57000732421875,129.8000030517578,130.2899932861328
2019-08-29,130.49000549316406,130.6199951171875,130.07000732421875,130.5
2019-08-30,131.02000427246094,131.2899932861328,130.3300018310547,130.6300048828125
2019-09-03,131.39999389648438,131.86000061035156,131.17999267578125,131.57000732421875
2019-09-04,131.32000732421875,132.3699951171875,131.32000732421875,132.10000610351562
2019-09-05,130.5800018310547,131.63999938964844,130.5800018310547,131.1699981689453
2019-09-06,132.00999450683594,132.25,131.80999755859375,132.0500030517578
2019-09-09,132.88999938964844,133.22999572753906,132.75999450683594,132.8300018310547
2019-09-10,133.5800018310547,133.8699951171875,133.32000732421875,133.6199951171875
2019-09-11,135.63999938964844,135.9600067138672,135.32000732421875,135.5500030517578
2019-09-12,135.30999755859375,136.3000030517578,135.30999755859375,135.7899932861328
2019-09-13,136.77999877929688,137.19000244140625,136.6300048828125,136.66000366210938
2019-09-16,136.1999969482422,136.27000427246094,135.5399932861328,135.94000244140625
2019-09-17,137.0,137.88999938964844,136.89999389648438,137.82000732421875
2019-09-18,137.5500030517578,137.6300048828125,136.57000732421875,137.0500030517578
2019-09-19,136.82000732421875,137.13999938964844,136.42999267578125,136.5500030517578
2019-09-20,137.07000732421875,137.72999572753906,136.52000427246094,136.55999755859375
2019-09-23,135.25,136.6699981689453,135.25,136.3699951171875
2019-09-24,137.6999969482422,138.35000610351562,137.05999755859375,137.41000366210938
2019-09-25,136.35000610351562,136.92999267578125,135.57000732421875,136.6199951171875
2019-09-26,137.89999389648438,138.41000366210938,136.8000030517578,138.32000732421875
2019-09-27,136.85000610351562,137.1300048828125,135.89999389648438,136.27999877929688
2019-09-30,133.5500030517578,134.67999267578125,133.11000061035156,134.49000549316406
2019-10-01,134.6300048828125,134.6300048828125,132.97999572753906,133.2899932861328
2019-10-02,132.22000122070312,132.47999572753906,130.97999572753906,131.47000122070312
2019-10-03,130.58999633789062,131.22000122070312,129.74000549316406,131.1999969482422
2019-10-04,131.35000610351562,131.9600067138672,131.10000610351562,131.82000732421875
2019-10-07,131.1999969482422,131.8699951171875,130.97999572753906,131.14999389648438
2019-10-08,131.8699951171875,132.1699981689453,131.17999267578125,131.42999267578125
2019-10-09,132.88999938964844,133.4199981689453,132.7100067138672,133.00999450683594
2019-10-10,132.4600067138672,133.0,132.3000030517578,132.64999389648438
2019-10-11,135.1999969482422,136.22000122070312,135.05999755859375,135.4499969482422
2019-10-14,135.27999877929688,135.55999755859375,135.02999877929688,135.07000732421875
2019-10-15,136.8000030517578,137.36000061035156,136.3800048828125,136.8699951171875
2019-10-16,137.17999267578125,137.42999267578125,136.58999633789062,136.75999450683594
2019-10-17,136.17999267578125,136.35000610351562,135.61000061035156,135.9499969482422
2019-10-18,135.9199981689453,135.97999572753906,135.3800048828125,135.77000427246094
2019-10-21,136.4199981689453,136.6999969482422,136.2100067138672,136.32000732421875
2019-10-22,136.60000610351562,136.99000549316406,136.3000030517578,136.35000610351562
2019-10-23,136.75,137.32000732421875,136.61000061035156,137.32000732421875
2019-10-24,137.89999389648438,138.1699981689453,137.6699981689453,138.14999389648438
2019-10-25,138.22000122070312,138.44000244140625,137.72000122070312,138.27999877929688
2019-10-28,137.9499969482422,138.36000061035156,137.66000366210938,138.33999633789062
2019-10-29,138.1999969482422,138.74000549316406,138.1999969482422,138.67999267578125
2019-10-30,137.4199981689453,139.08999633789062,137.4199981689453,139.02000427246094
2019-10-31,138.6999969482422,138.86000061035156,138.25,138.5500030517578
2019-11-01,139.6199951171875,140.08999633789062,139.4499969482422,139.8300018310547
2019-11-04,140.02999877929688,140.6300048828125,140.02999877929688,140.55999755859375
2019-11-05,140.8800048828125,140.94000244140625,140.41000366210938,140.74000549316406
2019-11-06,140.6300048828125,140.85000610351562,140.19000244140625,140.3699951171875
2019-11-07,142.6999969482422,143.5,142.63999938964844,142.86000061035156
2019-11-08,144.0,144.5800018310547,143.92999267578125,144.38999938964844
2019-11-11,144.9499969482422,145.41000366210938,144.35000610351562,145.05999755859375
2019-11-12,144.77000427246094,145.27999877929688,143.67999267578125,144.5399932861328
2019-11-13,144.49000549316406,144.7100067138672,144.02999877929688,144.55999755859375
2019-11-14,143.5,143.8699951171875,142.8800048828125,143.8699951171875
2019-11-15,144.00999450683594,144.39999389648438,143.9199981689453,144.27000427246094
2019-11-18,143.3000030517578,143.75999450683594,143.27000427246094,143.60000610351562
2019-11-19,143.55999755859375,143.55999755859375,142.8000030517578,142.85000610351562
2019-11-20,141.75,141.8699951171875,140.5,141.3699951171875
2019-11-21,142.10000610351562,142.3800048828125,141.86000061035156,142.13999938964844
2019-11-22,143.10000610351562,143.10000610351562,142.35000610351562,142.52999877929688
2019-11-25,140.75,142.6999969482422,140.75,142.5399932861328
2019-11-26,141.97999572753906,142.0,141.27999877929688,141.97000122070312
2019-11-27,141.49000549316406,141.86000061035156,141.00999450683594,141.66000366210938
2019-11-29,140.14999389648438,140.5800018310547,140.07000732421875,140.2100067138672
2019-12-02,141.35000610351562,141.35000610351562,139.6999969482422,140.27000427246094
2019-12-03,140.50999450683594,140.7899932861328,139.9499969482422,140.72999572753906
2019-12-04,144.02000427246094,144.02000427246094,142.74000549316406,143.3800048828125
2019-12-05,143.10000610351562,143.1300048828125,142.5800018310547,142.8300018310547
2019-12-06,142.35000610351562,142.85000610351562,142.3300018310547,142.77000427246094
2019-12-09,143.1300048828125,143.1300048828125,141.86000061035156,141.88999938964844
2019-12-10,141.3000030517578,141.66000366210938,141.0,141.17999267578125
2019-12-11,141.3300018310547,141.8300018310547,140.97999572753906,141.6199951171875
2019-12-12,140.85000610351562,141.8000030517578,140.22999572753906,141.60000610351562
2019-12-13,142.61000061035156,142.8800048828125,141.77999877929688,142.10000610351562
2019-12-16,142.19000244140625,142.64999389648438,142.17999267578125,142.52999877929688
2019-12-17,142.3800048828125,142.86000061035156,142.2899932861328,142.77000427246094
2019-12-18,142.4199981689453,142.5399932861328,142.13999938964844,142.38999938964844
2019-12-19,142.97999572753906,143.0,142.4600067138672,142.75999450683594
2019-12-20,140.55999755859375,142.25999450683594,140.55999755859375,141.97000122070312
2019-12-23,142.1199951171875,142.1199951171875,141.6999969482422,141.9600067138672
2019-12-24,141.5,141.67999267578125,141.19000244140625,141.33999633789062
2019-12-26,141.36000061035156,141.52999877929688,140.83999633789062,141.52999877929688
2019-12-27,142.0,142.0,141.24000549316406,141.27999877929688
2019-12-30,141.4600067138672,141.4600067138672,140.44000244140625,140.61000061035156
2019-12-31,140.5800018310547,140.72999572753906,140.1300048828125,140.5399932861328
2020-01-02,142.0,142.35000610351562,141.52999877929688,142.24000549316406
2020-01-03,141.22999572753906,141.4199981689453,140.3000030517578,140.75
2020-01-06,139.4600067138672,140.88999938964844,139.4600067138672,140.77000427246094
2020-01-07,142.1300048828125,142.42999267578125,141.36000061035156,141.50999450683594
2020-01-08,140.91000366210938,141.5800018310547,140.60000610351562,141.16000366210938
2020-01-09,141.16000366210938,141.16000366210938,140.11000061035156,140.50999450683594
2020-01-10,140.0,140.16000366210938,139.47000122070312,139.72999572753906
2020-01-13,140.16000366210938,140.64999389648438,139.72000122070312,140.55999755859375
2020-01-14,140.4199981689453,140.7100067138672,140.02000427246094,140.3699951171875
2020-01-15,139.61000061035156,139.82000732421875,139.27999877929688,139.36000061035156
2020-01-16,139.44000244140625,140.10000610351562,139.3699951171875,140.10000610351562
2020-01-17,139.67999267578125,140.05999755859375,139.47000122070312,140.0399932861328
2020-01-21,141.75,142.9600067138672,141.39999389648438,142.3800048828125
2020-01-22,141.92999267578125,142.22999572753906,141.22000122070312,141.55999755859375
2020-01-23,142.4499969482422,143.10000610351562,142.10000610351562,143.05999755859375
2020-01-24,143.49000549316406,143.75999450683594,142.24000549316406,142.75999450683594
2020-01-27,141.44000244140625,141.5399932861328,140.67999267578125,141.05999755859375
2020-01-28,141.6699981689453,142.58999633789062,141.6699981689453,142.5800018310547
2020-01-29,142.5800018310547,142.5800018310547,141.5500030517578,141.5500030517578
2020-01-30,140.5,141.19000244140625,139.72999572753906,141.0800018310547
2020-01-31,140.0500030517578,140.60000610351562,138.50999450683594,138.83999633789062
2020-02-03,138.67999267578125,139.8800048828125,138.5500030517578,138.9199981689453
2020-02-04,140.74000549316406,141.6300048828125,140.52999877929688,140.9499969482422
2020-02-05,142.1999969482422,142.1999969482422,141.4600067138672,141.72000122070312
2020-02-06,144.0,144.38999938964844,143.05999755859375,143.85000610351562
2020-02-07,142.99000549316406,143.16000366210938,142.25999450683594,142.33999633789062
2020-02-10,140.92999267578125,141.89999389648438,140.7100067138672,141.27999877929688
2020-02-11,141.99000549316406,142.33999633789062,141.6999969482422,142.11000061035156
2020-02-12,142.0,142.66000366210938,141.9499969482422,142.42999267578125
2020-02-13,141.0,141.4600067138672,140.77999877929688,141.10000610351562
2020-02-14,140.60000610351562,140.99000549316406,139.75999450683594,140.14999389648438
2020-02-18,139.05999755859375,140.0,138.5800018310547,139.3800048828125
2020-02-19,137.6300048828125,138.67999267578125,137.52000427246094,137.83999633789062
2020-02-20,138.6300048828125,139.41000366210938,138.24000549316406,139.11000061035156
2020-02-21,139.3000030517578,139.80999755859375,138.63999938964844,139.0399932861328
2020-02-24,135.1199951171875,135.30999755859375,134.00999450683594,134.49000549316406
2020-02-25,136.25999450683594,136.25999450683594,133.3000030517578,134.02999877929688
2020-02-26,135.1999969482422,136.27999877929688,134.6199951171875,135.1300048828125
2020-02-27,133.16000366210938,133.72999572753906,131.22999572753906,131.39999389648438
2020-02-28,128.85000610351562,130.8000030517578,128.0,130.75
2020-03-02,131.0,132.97999572753906,130.13999938964844,132.7100067138672
2020-03-03,132.4499969482422,133.99000549316406,130.02000427246094,130.9499969482422
2020-03-04,129.5,131.99000549316406,129.0,131.85000610351562
2020-03-05,129.5,129.8300018310547,128.8000030517578,129.1999969482422
2020-03-06,127.41999816894531,127.87999725341797,126.19999694824219,127.11000061035156
2020-03-09,122.5999984741211,125.69000244140625,122.23999786376953,122.79000091552734
2020-03-10,126.29000091552734,127.0,123.23999786376953,126.98999786376953
2020-03-11,125.16000366210938,126.2300033569336,122.61000061035156,122.79000091552734
2020-03-12,118.77999877929688,118.77999877929688,111.4800033569336,112.19999694824219
2020-03-13,117.18000030517578,117.2699966430664,111.58999633789062,116.2300033569336
2020-03-16,110.0,112.51000213623047,108.01000213623047,108.5
2020-03-17,115.61000061035156,119.70999908447266,113.69999694824219,118.88999938964844
2020-03-18,115.87000274658203,119.27999877929688,112.04000091552734,116.06999969482422
2020-03-19,118.12000274658203,120.41000366210938,116.95999908447266,118.2300033569336
2020-03-20,120.0,121.8499984741211,116.45999908447266,116.45999908447266
2020-03-23,113.72000122070312,114.41000366210938,108.61000061035156,111.0999984741211
2020-03-24,114.02999877929688,116.97000122070312,112.5199966430664,116.3499984741211
2020-03-25,121.63999938964844,123.19999694824219,118.45999908447266,121.29000091552734
2020-03-26,122.0199966430664,126.55999755859375,122.0199966430664,126.33999633789062
2020-03-27,125.0999984741211,129.25,125.01000213623047,127.23999786376953
2020-03-30,124.41999816894531,125.29000091552734,123.0,125.22000122070312
2020-03-31,120.19999694824219,122.16000366210938,119.55000305175781,119.94999694824219
2020-04-01,118.0,119.33000183105469,116.5,116.70999908447266
2020-04-02,115.91000366210938,118.12000274658203,115.72000122070312,117.81999969482422
2020-04-03,114.80999755859375,115.69000244140625,113.9800033569336,115.0
2020-04-06,120.0,122.80999755859375,119.4000015258789,122.41000366210938
2020-04-07,125.56999969482422,125.66999816894531,121.9000015258789,121.9000015258789
2020-04-08,123.16999816894531,123.91999816894531,121.75,123.54000091552734
2020-04-09,124.20999908447266,124.83999633789062,123.08999633789062,123.41000366210938
2020-04-13,121.75,121.80000305175781,120.18000030517578,121.26000213623047
2020-04-14,124.7699966430664,125.25,123.69999694824219,124.63999938964844
2020-04-15,124.05999755859375,124.05999755859375,122.62999725341797,122.98999786376953
2020-04-16,122.0,122.0999984741211,120.51000213623047,121.83000183105469
2020-04-17,124.95999908447266,124.95999908447266,123.5199966430664,124.61000061035156
2020-04-20,122.68000030517578,123.16999816894531,121.63999938964844,121.70999908447266
2020-04-21,121.44999694824219,121.9800033569336,120.41000366210938,120.66999816894531
2020-04-22,122.13999938964844,122.13999938964844,121.11000061035156,121.43000030517578
2020-04-23,122.37000274658203,123.2699966430664,121.66999816894531,121.68000030517578
2020-04-24,122.75,122.79000091552734,121.69000244140625,122.55999755859375
2020-04-27,123.75,124.41999816894531,123.25,124.19999694824219
2020-04-28,126.2300033569336,126.93000030517578,125.47000122070312,125.48999786376953
2020-04-29,127.66000366210938,128.7899932861328,127.13999938964844,127.86000061035156
2020-04-30,124.9000015258789,125.06999969482422,122.97000122070312,123.58999633789062
2020-05-01,121.63999938964844,122.2300033569336,121.01000213623047,121.12000274658203
2020-05-04,120.25,120.94000244140625,119.81999969482422,120.69999694824219
2020-05-05,122.52999877929688,122.87999725341797,121.77999877929688,121.95999908447266
2020-05-06,123.44999694824219,123.44999694824219,121.43000030517578,121.58000183105469
2020-05-07,121.44999694824219,122.19999694824219,121.2300033569336,121.5199966430664
2020-05-08,121.9800033569336,123.55000305175781,121.95999908447266,123.0999984741211
2020-05-11,123.22000122070312,123.87000274658203,122.95999908447266,123.62000274658203
2020-05-12,121.54000091552734,122.4000015258789,120.05000305175781,120.16999816894531
2020-05-13,119.83000183105469,119.83000183105469,117.01000213623047,117.76000213623047
2020-05-14,116.0,117.05999755859375,115.19000244140625,116.94999694824219
2020-05-15,116.19999694824219,117.3499984741211,116.11000061035156,116.88999938964844
2020-05-18,118.45999908447266,119.75,118.0999984741211,119.47000122070312
2020-05-19,119.29000091552734,119.68000030517578,118.22000122070312,118.22000122070312
2020-05-20,119.83999633789062,120.33000183105469,119.2699966430664,119.81999969482422
2020-05-21,118.87000274658203,119.12999725341797,117.5199966430664,117.94999694824219
2020-05-22,117.98999786376953,118.05999755859375,117.12000274658203,117.55999755859375
2020-05-26,123.05000305175781,124.36000061035156,122.70999908447266,124.11000061035156
2020-05-27,126.41000366210938,126.97000122070312,124.83999633789062,126.80999755859375
2020-05-28,129.19000244140625,129.32000732421875,128.11000061035156,128.36000061035156
2020-05-29,125.94000244140625,126.25,124.70999908447266,126.01000213623047
2020-06-01,124.9000015258789,126.83999633789062,124.75,126.44999694824219
2020-06-02,126.38999938964844,127.12000274658203,125.94999694824219,126.4800033569336
2020-06-03,128.0500030517578,129.25,127.58000183105469,128.72999572753906
2020-06-04,127.51000213623047,129.0800018310547,127.51000213623047,128.16000366210938
2020-06-05,130.1199951171875,132.0,130.1199951171875,131.10000610351562
2020-06-08,131.86000061035156,132.1300048828125,130.7899932861328,132.07000732421875
2020-06-09,130.0,131.08999633789062,129.6199951171875,130.58999633789062
2020-06-10,131.14999389648438,131.80999755859375,130.42999267578125,131.00999450683594
2020-06-11,127.37999725341797,127.88999938964844,123.83000183105469,124.44000244140625
2020-06-12,128.14999389648438,128.36000061035156,126.48999786376953,127.81999969482422
2020-06-15,126.16999816894531,128.22000122070312,125.25,127.4000015258789
2020-06-16,130.6999969482422,131.27000427246094,128.55999755859375,129.60000610351562
2020-06-17,129.67999267578125,129.99000549316406,128.83999633789062,128.8800048828125
2020-06-18,128.8800048828125,129.1199951171875,128.47999572753906,129.1199951171875
2020-06-19,129.0,129.08999633789062,127.5,127.79000091552734
2020-06-22,127.93000030517578,128.3300018310547,127.18000030517578,128.1300048828125
2020-06-23,130.1699981689453,130.30999755859375,128.97000122070312,129.08999633789062
2020-06-24,129.39999389648438,129.4199981689453,127.0,127.80000305175781
2020-06-25,126.44999694824219,127.80000305175781,126.01000213623047,127.7699966430664
2020-06-26,127.91000366210938,127.91000366210938,125.9000015258789,126.16000366210938
2020-06-29,126.47000122070312,127.0,125.93000030517578,126.88999938964844
2020-06-30,125.51000213623047,126.12000274658203,124.87000274658203,125.62999725341797
2020-07-01,124.76000213623047,125.04000091552734,124.02999877929688,124.13999938964844
2020-07-02,127.19999694824219,127.52999877929688,126.13999938964844,126.38999938964844
2020-07-06,127.16000366210938,127.4000015258789,126.33000183105469,126.9800033569336
2020-07-07,126.01000213623047,126.44000244140625,124.95999908447266,124.95999908447266
2020-07-08,125.48999786376953,125.48999786376953,124.66999816894531,125.41000366210938
2020-07-09,125.06999969482422,125.06999969482422,122.9000015258789,123.83000183105469
2020-07-10,123.94999694824219,125.05000305175781,123.56999969482422,124.97000122070312
2020-07-13,126.66000366210938,126.66000366210938,124.81999969482422,125.05000305175781
2020-07-14,125.1500015258789,126.62999725341797,125.1500015258789,126.43000030517578
2020-07-15,127.81999969482422,128.14999389648438,126.93000030517578,127.33000183105469
2020-07-16,127.26000213623047,127.26000213623047,126.08000183105469,126.48999786376953
2020-07-17,127.08000183105469,127.33000183105469,126.54000091552734,127.05999755859375
2020-07-20,127.18000030517578,127.63999938964844,126.91999816894531,127.27999877929688
2020-07-21,127.2300033569336,127.33999633789062,126.16999816894531,126.2699966430664
2020-07-22,125.76000213623047,126.38999938964844,125.48999786376953,126.26000213623047
2020-07-23,125.97000122070312,126.94999694824219,125.69999694824219,125.86000061035156
2020-07-24,125.37000274658203,126.1500015258789,125.05000305175781,125.20999908447266
2020-07-27,126.83999633789062,128.0500030517578,126.62000274658203,127.56999969482422
2020-07-28,126.0,126.0199966430664,125.22000122070312,125.45999908447266
2020-07-29,123.37999725341797,124.19999694824219,123.05000305175781,123.98999786376953
2020-07-30,122.0,122.66000366210938,121.20999908447266,122.45999908447266
2020-07-31,120.0,120.22000122070312,118.66000366210938,119.33999633789062
2020-08-03,119.62000274658203,121.12999725341797,119.51000213623047,120.94000244140625
2020-08-04,122.93000030517578,123.55000305175781,122.22000122070312,122.91000366210938
2020-08-05,125.66999816894531,125.83000183105469,124.55999755859375,124.81999969482422
2020-08-06,128.5800018310547,129.5,127.5999984741211,128.33999633789062
2020-08-07,130.0,130.0,129.2100067138672,129.9600067138672
2020-08-10,130.0,130.63999938964844,129.9600067138672,130.57000732421875
2020-08-11,135.0,135.1699981689453,133.55999755859375,133.75
2020-08-12,136.8699951171875,136.91000366210938,136.16000366210938,136.44000244140625
2020-08-13,136.25,136.33999633789062,135.27999877929688,135.63999938964844
2020-08-14,133.6699981689453,134.49000549316406,133.60000610351562,134.22000122070312
2020-08-17,134.9499969482422,135.55999755859375,134.57000732421875,135.52999877929688
2020-08-18,136.22000122070312,136.5800018310547,135.8699951171875,136.0800018310547
2020-08-19,136.22999572753906,136.5,135.13999938964844,135.2100067138672
2020-08-20,133.72999572753906,134.25,133.60000610351562,134.08999633789062
2020-08-21,133.22000122070312,133.91000366210938,133.11000061035156,133.8300018310547
2020-08-24,134.64999389648438,135.4499969482422,134.3699951171875,134.75999450683594
2020-08-25,135.0,135.1999969482422,134.13999938964844,134.7899932861328
2020-08-26,134.39999389648438,135.07000732421875,133.99000549316406,134.88999938964844
2020-08-27,134.1699981689453,134.22999572753906,133.1699981689453,133.55999755859375
2020-08-28,134.02999877929688,134.2899932861328,133.57000732421875,133.9199981689453
2020-08-31,133.1199951171875,133.1199951171875,131.77999877929688,132.42999267578125
2020-09-01,131.8000030517578,132.4600067138672,131.08999633789062,132.3000030517578
2020-09-02,131.69000244140625,132.6199951171875,131.57000732421875,132.52000427246094
2020-09-03,131.6199951171875,131.9499969482422,129.58999633789062,129.9499969482422
2020-09-04,133.0,133.75,130.92999267578125,133.1699981689453
2020-09-08,131.0,132.10000610351562,130.60000610351562,131.22999572753906
2020-09-09,130.32000732421875,131.47000122070312,130.32000732421875,131.1300048828125
2020-09-10,130.4600067138672,131.35000610351562,130.0500030517578,130.17999267578125
2020-09-11,131.1300048828125,131.60000610351562,130.5399932861328,131.33999633789062
2020-09-14,133.89999389648438,134.35000610351562,133.42999267578125,133.77000427246094
2020-09-15,134.47999572753906,134.77999877929688,133.91000366210938,134.02999877929688
2020-09-16,134.5500030517578,134.75999450683594,134.00999450683594,134.02999877929688
2020-09-17,133.8000030517578,135.4199981689453,133.55999755859375,135.0
2020-09-18,134.47999572753906,135.30999755859375,134.25,134.25
2020-09-21,132.3000030517578,132.3000030517578,130.2100067138672,131.22000122070312
2020-09-22,131.41000366210938,132.3000030517578,131.1699981689453,132.25
2020-09-23,134.52000427246094,135.16000366210938,133.19000244140625,133.2899932861328
2020-09-24,131.3800048828125,132.69000244140625,130.91000366210938,131.85000610351562
2020-09-25,132.60000610351562,133.1199951171875,132.0,132.97000122070312
2020-09-28,135.0399932861328,136.30999755859375,135.0399932861328,136.00999450683594
2020-09-29,135.07000732421875,135.75,134.19000244140625,134.25
2020-09-30,132.64999389648438,133.25999450683594,132.1199951171875,132.44000244140625
2020-10-01,132.6300048828125,132.8300018310547,132.02000427246094,132.42999267578125
2020-10-02,130.97999572753906,132.1300048828125,130.8800048828125,131.72999572753906
2020-10-05,131.47999572753906,132.17999267578125,131.25,132.10000610351562
2020-10-06,131.92999267578125,132.6300048828125,131.16000366210938,131.25999450683594
2020-10-07,132.67999267578125,132.67999267578125,132.00999450683594,132.42999267578125
2020-10-08,132.92999267578125,133.13999938964844,132.47000122070312,132.9499969482422
2020-10-09,132.22000122070312,132.36000061035156,131.97000122070312,132.0800018310547
2020-10-12,132.0,132.22000122070312,131.6199951171875,131.8000030517578
2020-10-13,132.83999633789062,133.1300048828125,132.4199981689453,132.64999389648438
2020-10-14,131.63999938964844,131.97000122070312,131.30999755859375,131.52999877929688
2020-10-15,130.63999938964844,131.22000122070312,130.3800048828125,131.1699981689453
2020-10-16,130.64999389648438,131.7100067138672,130.58999633789062,130.63999938964844
2020-10-19,131.7899932861328,131.7899932861328,130.6199951171875,130.8800048828125
2020-10-20,130.8800048828125,131.77999877929688,130.66000366210938,131.30999755859375
2020-10-21,133.0,133.7899932861328,132.86000061035156,133.13999938964844
2020-10-22,133.38999938964844,133.55999755859375,132.64999389648438,133.4199981689453
2020-10-23,133.82000732421875,133.82000732421875,132.8000030517578,133.27999877929688
2020-10-26,133.1199951171875,133.36000061035156,132.36000061035156,132.85000610351562
2020-10-27,133.0399932861328,133.0399932861328,132.25999450683594,132.4600067138672
2020-10-28,131.1300048828125,131.2100067138672,129.27999877929688,130.07000732421875
2020-10-29,131.92999267578125,132.35000610351562,130.41000366210938,131.35000610351562
2020-10-30,130.8800048828125,131.52000427246094,130.5399932861328,131.2899932861328
2020-11-02,133.05999755859375,133.64999389648438,132.66000366210938,133.24000549316406
2020-11-03,134.4600067138672,136.82000732421875,134.4600067138672,135.8699951171875
2020-11-04,134.72999572753906,134.91000366210938,134.00999450683594,134.16000366210938
2020-11-05,135.86000061035156,137.39999389648438,135.5500030517578,137.07000732421875
2020-11-06,136.6999969482422,138.1999969482422,136.11000061035156,137.1999969482422
2020-11-09,140.3000030517578,141.7100067138672,139.63999938964844,139.63999938964844
2020-11-10,139.6999969482422,141.47999572753906,139.63999938964844,139.94000244140625
2020-11-11,142.7100067138672,143.32000732421875,142.1199951171875,142.47999572753906
2020-11-12,141.3300018310547,141.3300018310547,139.60000610351562,139.69000244140625
2020-11-13,140.2899932861328,141.85000610351562,140.13999938964844,141.6199951171875
2020-11-16,143.38999938964844,144.64999389648438,143.3699951171875,144.11000061035156
2020-11-17,142.82000732421875,143.47999572753906,142.05999755859375,142.74000549316406
2020-11-18,141.85000610351562,143.16000366210938,141.27000427246094,141.8300018310547
2020-11-19,140.6999969482422,141.0800018310547,140.1300048828125,140.9199981689453
2020-11-20,142.3000030517578,143.0399932861328,142.07000732421875,142.1300048828125
2020-11-23,143.75,143.9600067138672,143.22000122070312,143.25999450683594
2020-11-24,143.89999389648438,144.52999877929688,143.17999267578125,143.83999633789062
2020-11-25,140.97000122070312,141.5399932861328,140.02999877929688,141.30999755859375
2020-11-27,140.10000610351562,141.16000366210938,140.0399932861328,140.16000366210938
2020-11-30,135.9199981689453,138.5,134.4499969482422,134.4600067138672
2020-12-01,135.60000610351562,136.4600067138672,135.17999267578125,136.13999938964844
2020-12-02,136.0500030517578,136.7100067138672,135.77000427246094,136.33999633789062
2020-12-03,137.77000427246094,138.16000366210938,136.75,136.85000610351562
2020-12-04,137.89999389648438,138.85000610351562,137.75,138.27999877929688
2020-12-07,138.60000610351562,138.82000732421875,137.6999969482422,138.14999389648438
2020-12-08,138.32000732421875,138.97999572753906,138.10000610351562,138.74000549316406
2020-12-09,140.94000244140625,142.5,139.6699981689453,140.8800048828125
2020-12-10,142.75999450683594,143.19000244140625,141.89999389648438,143.07000732421875
2020-12-11,149.6199951171875,151.74000549316406,149.0399932861328,151.0
2020-12-14,154.0,154.89999389648438,153.47000122070312,153.5800018310547
2020-12-15,153.47000122070312,153.47000122070312,151.89999389648438,152.85000610351562
2020-12-16,154.16000366210938,155.47999572753906,153.0,155.08999633789062
2020-12-17,156.1199951171875,156.3000030517578,154.5399932861328,154.63999938964844
2020-12-18,153.75,154.07000732421875,152.83999633789062,153.77000427246094
2020-12-21,150.39999389648438,151.77000427246094,149.38999938964844,151.77000427246094
2020-12-22,151.4499969482422,151.75,150.22000122070312,150.77000427246094
2020-12-23,150.63999938964844,151.35000610351562,150.1999969482422,151.16000366210938
2020-12-24,150.17999267578125,151.1300048828125,150.17999267578125,150.47000122070312
2020-12-28,153.10000610351562,153.4199981689453,152.22999572753906,152.60000610351562
2020-12-29,155.0,155.1999969482422,152.89999389648438,153.33999633789062
2020-12-30,154.50999450683594,155.2100067138672,154.0399932861328,154.08999633789062
2020-12-31,154.41000366210938,154.83999633789062,153.97000122070312,154.57000732421875
2021-01-04,155.80999755859375,155.80999755859375,152.02000427246094,153.2899932861328
2021-01-05,151.91000366210938,153.39999389648438,151.75,153.39999389648438
2021-01-06,152.7100067138672,154.1699981689453,152.47999572753906,153.52999877929688
2021-01-07,151.66000366210938,152.6999969482422,151.50999450683594,152.6699981689453
2021-01-08,153.60000610351562,154.05999755859375,152.11000061035156,152.85000610351562
2021-01-11,153.1999969482422,154.2100067138672,151.82000732421875,153.38999938964844
2021-01-12,152.0800018310547,152.0800018310547,150.64999389648438,151.75
2021-01-13,150.8800048828125,151.0,150.02999877929688,150.64999389648438
2021-01-14,151.47999572753906,152.27000427246094,151.22999572753906,151.33999633789062
2021-01-15,148.66000366210938,149.14999389648438,147.38999938964844,148.41000366210938
2021-01-19,148.4499969482422,148.74000549316406,147.4499969482422,148.1300048828125
2021-01-20,148.72999572753906,150.0399932861328,148.16000366210938,149.97999572753906
2021-01-21,151.22999572753906,152.7100067138672,150.39999389648438,151.33999633789062
2021-01-22,148.1999969482422,148.58999633789062,147.61000061035156,147.9499969482422
2021-01-25,147.9499969482422,147.9499969482422,145.25,146.72000122070312
2021-01-26,146.0,146.50999450683594,145.5500030517578,145.97999572753906
2021-01-27,144.69000244140625,144.89999389648438,142.24000549316406,142.63999938964844
2021-01-28,142.82000732421875,143.99000549316406,142.35000610351562,143.3000030517578
2021-01-29,142.19000244140625,142.19000244140625,140.0399932861328,140.52000427246094
2021-02-01,140.16000366210938,140.72999572753906,139.2899932861328,140.41000366210938
2021-02-02,142.66000366210938,143.3699951171875,141.72000122070312,143.1199951171875
2021-02-03,147.30999755859375,148.55999755859375,146.85000610351562,148.07000732421875
2021-02-04,148.2100067138672,148.8800048828125,147.5,148.02000427246094
2021-02-05,149.97000122070312,151.17999267578125,149.25999450683594,150.86000061035156
2021-02-08,152.2899932861328,152.97000122070312,152.17999267578125,152.92999267578125
2021-02-09,153.42999267578125,154.41000366210938,152.86000061035156,154.0
2021-02-10,156.0,163.3699951171875,155.61000061035156,161.55999755859375
2021-02-11,162.58999633789062,162.58999633789062,158.25,158.94000244140625
2021-02-12,159.66000366210938,161.30999755859375,159.66000366210938,160.49000549316406
2021-02-16,158.6999969482422,159.25999450683594,156.1699981689453,156.47999572753906
2021-02-17,156.2100067138672,156.7899932861328,155.3699951171875,156.52999877929688
2021-02-18,153.13999938964844,153.7899932861328,152.2899932861328,153.4499969482422
2021-02-19,153.7100067138672,154.2100067138672,153.14999389648438,153.5500030517578
2021-02-22,153.5500030517578,153.9199981689453,152.1300048828125,152.44000244140625
2021-02-23,151.5,153.19000244140625,149.83999633789062,152.72999572753906
2021-02-24,150.99000549316406,152.9199981689453,150.72999572753906,152.4499969482422
2021-02-25,152.27000427246094,152.27000427246094,148.47999572753906,149.25999450683594
2021-02-26,150.1199951171875,150.3300018310547,146.8000030517578,147.92999267578125
2021-03-01,149.2100067138672,149.97000122070312,148.4499969482422,149.33999633789062
2021-03-02,149.5399932861328,150.17999267578125,148.75999450683594,149.2100067138672
2021-03-03,150.0,150.19000244140625,148.67999267578125,148.8300018310547
2021-03-04,148.63999938964844,149.27999877929688,145.5500030517578,146.85000610351562
2021-03-05,148.0500030517578,148.97000122070312,145.9499969482422,148.52000427246094
2021-03-08,148.57000732421875,150.39999389648438,147.99000549316406,148.22999572753906
2021-03-09,150.86000061035156,152.4499969482422,150.55999755859375,151.5399932861328
2021-03-10,151.07000732421875,152.1699981689453,150.25,151.8800048828125
2021-03-11,150.14999389648438,151.2899932861328,149.0,150.36000061035156
2021-03-12,149.77000427246094,150.7100067138672,149.57000732421875,150.52999877929688
2021-03-15,153.0,153.66000366210938,152.25999450683594,152.89999389648438
2021-03-16,152.0,152.6699981689453,151.67999267578125,152.10000610351562
2021-03-17,152.75,154.19000244140625,152.07000732421875,153.63999938964844
2021-03-18,157.42999267578125,159.5500030517578,157.0,157.7100067138672
2021-03-19,158.7100067138672,158.8699951171875,157.11000061035156,158.5800018310547
2021-03-22,155.1999969482422,155.1999969482422,154.19000244140625,154.47999572753906
2021-03-23,153.0500030517578,153.08999633789062,151.10000610351562,151.33999633789062
2021-03-24,150.99000549316406,151.3800048828125,150.39999389648438,150.6699981689453
2021-03-25,150.0,151.25999450683594,149.1199951171875,151.07000732421875
2021-03-26,153.0,153.41000366210938,152.08999633789062,153.3699951171875
2021-03-29,154.0,155.3000030517578,153.52999877929688,154.89999389648438
2021-03-30,153.6300048828125,154.63999938964844,153.3800048828125,153.8699951171875
2021-03-31,156.22000122070312,156.47000122070312,155.80999755859375,156.05999755859375
2021-04-01,153.60000610351562,154.22999572753906,153.0399932861328,154.16000366210938
2021-04-05,154.16000366210938,155.83999633789062,153.77999877929688,155.3800048828125
2021-04-06,153.10000610351562,154.2899932861328,153.0399932861328,153.64999389648438
2021-04-07,154.83999633789062,155.74000549316406,154.5500030517578,154.6999969482422
2021-04-08,154.35000610351562,154.6999969482422,152.88999938964844,153.3800048828125
2021-04-09,154.05999755859375,154.4499969482422,153.50999450683594,154.27999877929688
2021-04-12,154.91000366210938,154.91000366210938,153.89999389648438,154.08999633789062
2021-04-13,155.0,155.7899932861328,154.32000732421875,155.77000427246094
2021-04-14,156.25,156.8800048828125,155.8699951171875,156.22000122070312
2021-04-15,156.97999572753906,157.42999267578125,156.5,157.30999755859375
2021-04-16,157.8000030517578,157.89999389648438,157.10000610351562,157.57000732421875
2021-04-19,157.9600067138672,157.97999572753906,155.92999267578125,156.41000366210938
2021-04-20,154.74000549316406,154.80999755859375,152.89999389648438,154.10000610351562
2021-04-21,153.5,155.5800018310547,153.5,155.13999938964844
2021-04-22,155.5,155.5800018310547,154.41000366210938,154.77999877929688
2021-04-23,153.99000549316406,155.58999633789062,153.9199981689453,154.99000549316406
2021-04-26,154.30999755859375,154.30999755859375,153.49000549316406,153.5399932861328
2021-04-27,152.58999633789062,153.1699981689453,152.27000427246094,152.80999755859375
2021-04-28,153.1999969482422,153.80999755859375,152.8300018310547,153.25999450683594
2021-04-29,153.5,153.77000427246094,151.69000244140625,152.42999267578125
2021-04-30,150.08999633789062,151.60000610351562,149.89999389648438,150.77000427246094
2021-05-03,151.47999572753906,152.75999450683594,151.33999633789062,152.22999572753906
2021-05-04,151.50999450683594,151.6300048828125,150.25,150.58999633789062
2021-05-05,152.08999633789062,152.2899932861328,151.11000061035156,151.4199981689453
2021-05-06,153.24000549316406,153.3000030517578,151.8699951171875,152.9600067138672
2021-05-07,153.33999633789062,153.72000122070312,153.0399932861328,153.64999389648438
2021-05-10,155.3300018310547,155.72000122070312,154.7100067138672,155.05999755859375
2021-05-11,152.64999389648438,152.64999389648438,151.16000366210938,152.24000549316406
2021-05-12,155.5,155.6699981689453,153.14999389648438,153.52000427246094
2021-05-13,153.86000061035156,155.38999938964844,153.1199951171875,155.22999572753906
2021-05-14,156.0,156.5,155.66000366210938,155.85000610351562
2021-05-17,157.6999969482422,159.0,157.42999267578125,158.67999267578125
2021-05-18,160.4600067138672,161.91000366210938,160.32000732421875,160.66000366210938
2021-05-19,158.6300048828125,159.5500030517578,158.1199951171875,159.2899932861328
2021-05-20,159.32000732421875,160.5800018310547,159.2100067138672,160.22000122070312
2021-05-21,161.0,161.30999755859375,160.38999938964844,161.16000366210938
2021-05-24,162.17999267578125,162.97999572753906,162.13999938964844,162.77999877929688
2021-05-25,163.0,163.8000030517578,161.6300048828125,162.24000549316406
2021-05-26,162.8300018310547,164.4199981689453,162.77999877929688,164.02000427246094
2021-05-27,165.0,166.47000122070312,164.91000366210938,165.5500030517578
2021-05-28,166.2899932861328,166.77999877929688,165.7100067138672,165.97999572753906
2021-06-01,171.47000122070312,172.75,171.02999877929688,172.33999633789062
2021-06-02,175.75,176.83999633789062,175.49000549316406,176.6300048828125
2021-06-03,177.3000030517578,180.1199951171875,177.02999877929688,179.6699981689453
2021-06-04,181.67999267578125,182.66000366210938,181.00999450683594,182.41000366210938
2021-06-07,182.02999877929688,182.25,180.11000061035156,180.8000030517578
2021-06-08,180.91000366210938,181.0,179.38999938964844,179.61000061035156
2021-06-09,180.02999877929688,180.8000030517578,179.8699951171875,180.5399932861328
2021-06-10,180.58999633789062,180.75999450683594,179.82000732421875,180.17999267578125
2021-06-11,180.74000549316406,181.47000122070312,180.50999450683594,181.47000122070312
2021-06-14,181.0,181.0,179.47999572753906,180.58999633789062
2021-06-15,182.5,182.77999877929688,181.67999267578125,182.4499969482422
2021-06-16,183.92999267578125,184.8800048828125,183.10000610351562,183.83999633789062
2021-06-17,185.0,185.3800048828125,184.0,185.1999969482422
2021-06-18,177.88999938964844,178.3800048828125,176.30999755859375,177.02999877929688
2021-06-21,177.0,179.41000366210938,176.5,178.8800048828125
2021-06-22,180.05999755859375,180.05999755859375,178.8300018310547,179.38999938964844
2021-06-23,176.3699951171875,178.25,176.13999938964844,177.7100067138672
2021-06-24,178.3800048828125,178.3800048828125,177.5500030517578,177.6699981689453
2021-06-25,177.99000549316406,178.8000030517578,177.7899932861328,178.10000610351562
2021-06-28,177.64999389648438,177.8000030517578,176.75999450683594,177.07000732421875
2021-06-29,176.39999389648438,177.3699951171875,176.39999389648438,176.72999572753906
2021-06-30,175.47999572753906,176.25,174.6199951171875,174.83999633789062
2021-07-01,174.7100067138672,175.5800018310547,174.35000610351562,175.47999572753906
2021-07-02,176.38999938964844,176.83999633789062,175.83999633789062,176.02999877929688
2021-07-06,176.07000732421875,176.47000122070312,173.39999389648438,174.92999267578125
2021-07-07,175.77000427246094,175.8699951171875,174.57000732421875,175.64999389648438
2021-07-08,173.1699981689453,174.6300048828125,173.0500030517578,174.22999572753906
2021-07-09,177.66000366210938,178.72999572753906,177.64999389648438,177.7899932861328
2021-07-12,177.7899932861328,179.41000366210938,177.0399932861328,178.89999389648438
2021-07-13,178.99000549316406,179.4600067138672,178.33999633789062,179.17999267578125
2021-07-14,180.3699951171875,180.99000549316406,179.55999755859375,180.0
2021-07-15,178.7100067138672,179.3300018310547,178.25999450683594,178.92999267578125
2021-07-16,179.27999877929688,179.27999877929688,177.3800048828125,178.1300048828125
2021-07-19,176.67999267578125,176.99000549316406,174.02999877929688,176.3000030517578
2021-07-20,176.13999938964844,178.3699951171875,175.7899932861328,178.1199951171875
2021-07-21,178.17999267578125,179.92999267578125,178.17999267578125,179.67999267578125
2021-07-22,179.99000549316406,180.19000244140625,177.94000244140625,177.99000549316406
2021-07-23,179.13999938964844,180.44000244140625,178.66000366210938,179.85000610351562
2021-07-26,179.22999572753906,179.77999877929688,178.83999633789062,179.5
2021-07-27,179.05999755859375,179.05999755859375,177.7100067138672,178.44000244140625
2021-07-28,178.44000244140625,180.24000549316406,178.2899932861328,179.8699951171875
2021-07-29,180.83999633789062,181.86000061035156,180.49000549316406,181.4199981689453
2021-07-30,180.61000061035156,181.0800018310547,179.57000732421875,179.83999633789062
2021-08-02,182.0,182.75,181.13999938964844,181.8800048828125
2021-08-03,183.52000427246094,185.99000549316406,183.05999755859375,185.9499969482422
2021-08-04,182.6999969482422,183.75,181.22000122070312,182.17999267578125
2021-08-05,182.52000427246094,183.47999572753906,182.08999633789062,182.86000061035156
2021-08-06,181.13999938964844,181.50999450683594,180.0399932861328,180.72000122070312
2021-08-09,181.1199951171875,181.41000366210938,180.25,180.57000732421875
2021-08-10,179.5500030517578,180.1199951171875,178.24000549316406,179.89999389648438
2021-08-11,181.13999938964844,181.47000122070312,180.39999389648438,181.3800048828125
2021-08-12,181.00999450683594,181.11000061035156,180.1999969482422,180.94000244140625
2021-08-13,181.22999572753906,181.3699951171875,180.8000030517578,181.33999633789062
2021-08-16,179.57000732421875,180.69000244140625,177.80999755859375,180.60000610351562
2021-08-17,179.5500030517578,179.5500030517578,177.55999755859375,178.1699981689453
2021-08-18,177.5,177.97999572753906,175.52999877929688,175.72999572753906
2021-08-19,170.14999389648438,171.41000366210938,167.75,168.5500030517578
2021-08-20,165.67999267578125,165.75,163.91000366210938,164.66000366210938
2021-08-23,166.8699951171875,168.97000122070312,166.27999877929688,168.74000549316406
2021-08-24,169.8000030517578,171.5800018310547,169.5800018310547,171.02000427246094
2021-08-25,172.39999389648438,174.11000061035156,172.0800018310547,173.75
2021-08-26,173.52000427246094,173.77999877929688,171.08999633789062,171.58999633789062
2021-08-27,172.0399932861328,173.9499969482422,171.9499969482422,173.8800048828125
2021-08-30,173.72999572753906,173.72999572753906,172.47999572753906,172.86000061035156
2021-08-31,173.61000061035156,175.00999450683594,173.61000061035156,174.22999572753906
2021-09-01,175.0500030517578,176.97000122070312,175.02000427246094,176.2100067138672
2021-09-02,176.30999755859375,176.86000061035156,175.47000122070312,176.24000549316406
2021-09-03,177.42999267578125,179.27999877929688,176.8300018310547,179.27000427246094
2021-09-07,181.0,181.74000549316406,180.66000366210938,181.63999938964844
2021-09-08,181.5,181.5,179.17999267578125,180.0
2021-09-09,179.5399932861328,180.94000244140625,179.5399932861328,180.07000732421875
2021-09-10,180.02999877929688,180.39999389648438,176.1199951171875,176.3000030517578
2021-09-13,177.47000122070312,178.57000732421875,177.27999877929688,178.4600067138672
2021-09-14,180.22000122070312,180.8800048828125,178.66000366210938,179.38999938964844
2021-09-15,179.92999267578125,181.88999938964844,179.83999633789062,181.7100067138672
2021-09-16,181.07000732421875,182.30999755859375,180.50999450683594,181.94000244140625
2021-09-17,181.50999450683594,181.75,180.55999755859375,180.9499969482422
2021-09-20,178.6699981689453,178.6699981689453,175.0500030517578,176.7100067138672
2021-09-21,180.39999389648438,182.4199981689453,180.30999755859375,181.89999389648438
2021-09-22,181.6999969482422,182.88999938964844,180.75,181.58999633789062
2021-09-23,181.9199981689453,182.99000549316406,181.52999877929688,182.7899932861328
2021-09-24,182.67999267578125,183.22999572753906,182.0,182.57000732421875
2021-09-27,185.0800018310547,186.86000061035156,185.00999450683594,186.52000427246094
2021-09-28,186.08999633789062,186.39999389648438,184.14999389648438,184.85000610351562
2021-09-29,185.1300048828125,187.4499969482422,183.77999877929688,185.4499969482422
2021-09-30,180.67999267578125,181.5399932861328,177.75,177.75
2021-10-01,178.11000061035156,178.25999450683594,176.4199981689453,177.6199951171875
2021-10-04,175.16000366210938,175.5399932861328,171.1699981689453,171.80999755859375
2021-10-05,171.89999389648438,172.94000244140625,171.10000610351562,172.13999938964844
2021-10-06,166.5399932861328,167.47000122070312,165.3300018310547,166.97000122070312
2021-10-07,169.10000610351562,170.0,168.5500030517578,169.47000122070312
2021-10-08,171.41000366210938,172.4600067138672,171.17999267578125,171.97000122070312
2021-10-11,175.3800048828125,176.85000610351562,174.8699951171875,175.14999389648438
2021-10-12,176.8699951171875,177.57000732421875,175.69000244140625,177.1300048828125
2021-10-13,175.9499969482422,176.49000549316406,174.66000366210938,175.77000427246094
2021-10-14,174.60000610351562,175.58999633789062,174.47999572753906,175.50999450683594
2021-10-15,175.50999450683594,176.4499969482422,174.7899932861328,176.27000427246094
2021-10-18,178.0,179.0,177.77999877929688,178.5500030517578
2021-10-19,178.80999755859375,178.85000610351562,178.08999633789062,178.6699981689453
2021-10-20,178.6699981689453,178.6699981689453,177.02000427246094,177.75
2021-10-21,174.0,175.1999969482422,173.8000030517578,174.02000427246094
2021-10-22,175.0,175.33999633789062,172.77999877929688,173.39999389648438
2021-10-25,172.80999755859375,172.80999755859375,171.8800048828125,172.22999572753906
2021-10-26,173.6300048828125,174.7899932861328,172.80999755859375,173.1999969482422
2021-10-27,174.80999755859375,175.2899932861328,174.00999450683594,174.08999633789062
2021-10-28,175.2899932861328,176.47999572753906,175.2899932861328,176.47999572753906
2021-10-29,176.1999969482422,176.69000244140625,175.6199951171875,176.57000732421875
2021-11-01,178.1300048828125,179.97999572753906,178.1300048828125,179.97999572753906
2021-11-02,180.0,180.0,177.74000549316406,179.61000061035156
2021-11-03,179.89999389648438,181.36000061035156,179.19000244140625,181.07000732421875
2021-11-04,182.0,182.83999633789062,180.60000610351562,181.47999572753906
2021-11-05,180.91000366210938,181.17999267578125,178.5,179.27999877929688
2021-11-08,179.52000427246094,180.55999755859375,179.14999389648438,180.47999572753906
2021-11-09,178.25,178.5,175.63999938964844,176.32000732421875
2021-11-10,177.4499969482422,179.2899932861328,176.72000122070312,177.36000061035156
2021-11-11,178.47000122070312,179.3300018310547,178.19000244140625,179.02999877929688
2021-11-12,181.89999389648438,184.75,181.5,184.39999389648438
2021-11-15,185.02000427246094,185.4600067138672,184.33999633789062,184.38999938964844
2021-11-16,187.0,188.17999267578125,186.89999389648438,187.42999267578125
2021-11-17,186.0,186.5399932861328,184.72999572753906,186.2100067138672
2021-11-18,186.14999389648438,186.14999389648438,183.86000061035156,184.64999389648438
2021-11-19,185.36000061035156,186.3000030517578,185.25999450683594,185.9600067138672
2021-11-22,186.1199951171875,186.44000244140625,184.55999755859375,185.08999633789062
2021-11-23,185.08999633789062,185.5800018310547,184.17999267578125,185.05999755859375
2021-11-24,184.89999389648438,185.1199951171875,183.50999450683594,184.80999755859375
2021-11-26,180.74000549316406,181.14999389648438,178.7899932861328,179.8300018310547
2021-11-29,178.7100067138672,179.02999877929688,177.02000427246094,177.47000122070312
2021-11-30,178.02999877929688,178.3300018310547,175.6699981689453,177.85000610351562
2021-12-01,180.8000030517578,182.77999877929688,178.25,178.2899932861328
2021-12-02,179.66000366210938,183.6199951171875,179.4199981689453,183.16000366210938
2021-12-03,183.67999267578125,184.39999389648438,181.4499969482422,182.4600067138672
2021-12-06,183.25,185.00999450683594,182.38999938964844,184.58999633789062
2021-12-07,186.52000427246094,187.89999389648438,185.89999389648438,187.44000244140625
2021-12-08,183.4499969482422,183.5,181.80999755859375,182.47999572753906
2021-12-09,181.0,181.22000122070312,180.0,180.77000427246094
2021-12-10,182.0399932861328,182.35000610351562,180.58999633789062,182.35000610351562
2021-12-13,177.1699981689453,177.52000427246094,175.6699981689453,176.1199951171875
2021-12-14,181.0,182.41000366210938,179.22000122070312,180.77999877929688
2021-12-15,185.50999450683594,187.0,184.3699951171875,186.75
2021-12-16,187.8699951171875,188.9499969482422,187.13999938964844,187.33999633789062
2021-12-17,185.58999633789062,185.74000549316406,183.89999389648438,184.0399932861328
2021-12-20,181.55999755859375,182.19000244140625,180.11000061035156,181.9499969482422
2021-12-21,182.8000030517578,183.72999572753906,182.08999633789062,182.82000732421875
2021-12-22,180.05999755859375,181.5500030517578,180.05999755859375,181.36000061035156
2021-12-23,183.0800018310547,184.30999755859375,182.91000366210938,183.77999877929688
2021-12-27,184.00999450683594,186.27999877929688,184.00999450683594,185.89999389648438
2021-12-28,185.91000366210938,186.3699951171875,184.63999938964844,184.75
2021-12-29,184.25999450683594,184.60000610351562,182.85000610351562,183.67999267578125
2021-12-30,184.27000427246094,184.72999572753906,183.7100067138672,184.0800018310547
2021-12-31,184.4499969482422,186.14999389648438,184.33999633789062,185.3000030517578
2022-01-03,186.80999755859375,187.4600067138672,185.16000366210938,186.2899932861328
2022-01-04,193.0800018310547,201.42999267578125,192.32000732421875,199.19000244140625
2022-01-05,199.8000030517578,201.33999633789062,196.85000610351562,196.9499969482422
2022-01-06,200.6300048828125,200.8000030517578,196.17999267578125,199.75
2022-01-07,200.67999267578125,201.99000549316406,198.72000122070312,200.44000244140625
2022-01-10,200.97999572753906,201.13999938964844,197.6699981689453,200.35000610351562
2022-01-11,201.3000030517578,201.97000122070312,199.5500030517578,201.89999389648438
2022-01-12,205.0,207.66000366210938,204.64999389648438,206.61000061035156
2022-01-13,211.0,213.74000549316406,210.3699951171875,211.3699951171875
2022-01-14,210.64999389648438,211.24000549316406,209.16000366210938,210.69000244140625
2022-01-18,209.10000610351562,209.49000549316406,207.19000244140625,207.47000122070312
2022-01-19,206.61000061035156,206.6999969482422,202.10000610351562,202.4199981689453
2022-01-20,203.57000732421875,204.80999755859375,201.22999572753906,201.47000122070312
2022-01-21,199.17999267578125,200.9499969482422,198.55999755859375,199.77000427246094
2022-01-24,195.39999389648438,197.91000366210938,192.94000244140625,197.6999969482422
2022-01-25,195.0,198.77000427246094,192.67999267578125,197.00999450683594
2022-01-26,198.47999572753906,198.52000427246094,192.8300018310547,194.1699981689453
2022-01-27,192.47000122070312,193.5399932861328,189.2899932861328,189.9600067138672
2022-01-28,192.0,193.36000061035156,188.1999969482422,193.1300048828125
2022-01-31,196.0,198.72000122070312,194.9199981689453,198.4499969482422
2022-02-01,195.25,196.72999572753906,194.6999969482422,196.42999267578125
2022-02-02,198.94000244140625,199.92999267578125,197.8699951171875,199.66000366210938
2022-02-03,199.97999572753906,201.4600067138672,199.24000549316406,199.52999877929688
2022-02-04,198.05999755859375,198.24000549316406,194.77000427246094,196.8800048828125
2022-02-07,198.14999389648438,198.41000366210938,196.52999877929688,197.24000549316406
2022-02-08,200.0,200.72999572753906,198.00999450683594,200.32000732421875
2022-02-09,202.1199951171875,203.9499969482422,200.38999938964844,201.3699951171875
2022-02-10,195.0,197.3000030517578,194.25,194.41000366210938
2022-02-11,194.4499969482422,196.1999969482422,191.91000366210938,192.7100067138672
2022-02-14,190.0,190.5,187.8300018310547,188.97000122070312
2022-02-15,189.24000549316406,190.05999755859375,188.44000244140625,189.39999389648438
2022-02-16,190.11000061035156,190.89999389648438,189.2100067138672,190.3000030517578
2022-02-17,188.0,188.52999877929688,186.1300048828125,186.5399932861328
2022-02-18,188.8699951171875,189.2899932861328,187.50999450683594,188.97000122070312
2022-02-22,187.0399932861328,187.47000122070312,184.39999389648438,185.63999938964844
2022-02-23,187.72999572753906,188.58999633789062,183.6699981689453,183.83999633789062
2022-02-24,177.02000427246094,182.5500030517578,176.67999267578125,182.22999572753906
2022-02-25,183.89999389648438,185.72999572753906,183.25999450683594,185.3800048828125
2022-02-28,184.47000122070312,184.8800048828125,181.64999389648438,182.9499969482422
2022-03-01,183.8300018310547,185.10000610351562,180.85000610351562,181.7100067138672
2022-03-02,177.07000732421875,179.75999450683594,177.07000732421875,179.14999389648438
2022-03-03,178.22000122070312,178.47999572753906,174.82000732421875,176.08999633789062
2022-03-04,170.83999633789062,171.0800018310547,169.08999633789062,170.75
2022-03-07,163.75999450683594,164.6199951171875,160.0,160.1699981689453
2022-03-08,159.00999450683594,159.99000549316406,155.0500030517578,156.33999633789062
2022-03-09,164.2100067138672,165.6300048828125,162.8000030517578,164.0500030517578
2022-03-10,165.3800048828125,165.3800048828125,162.52000427246094,164.42999267578125
2022-03-11,160.74000549316406,161.6199951171875,158.1699981689453,158.27000427246094
2022-03-14,162.5,163.35000610351562,160.61000061035156,161.08999633789062
2022-03-15,165.1999969482422,166.32000732421875,164.25999450683594,165.92999267578125
2022-03-16,169.8800048828125,171.99000549316406,168.77000427246094,171.88999938964844
2022-03-17,170.0500030517578,172.13999938964844,168.52000427246094,171.74000549316406
2022-03-18,170.97000122070312,171.74000549316406,169.88999938964844,171.6999969482422
2022-03-21,171.89999389648438,172.9600067138672,171.22000122070312,171.8000030517578
2022-03-22,171.8000030517578,173.69000244140625,171.36000061035156,172.82000732421875
2022-03-23,176.97999572753906,178.61000061035156,175.77999877929688,175.77999877929688
2022-03-24,180.0800018310547,180.52999877929688,178.75999450683594,180.27000427246094
2022-03-25,179.8699951171875,180.39999389648438,177.6199951171875,178.42999267578125
2022-03-28,178.27000427246094,179.1999969482422,177.1300048828125,177.85000610351562
2022-03-29,183.74000549316406,186.0,183.74000549316406,184.80999755859375
2022-03-30,182.25,182.7100067138672,180.10000610351562,180.6199951171875
2022-03-31,181.82000732421875,182.33999633789062,180.24000549316406,180.25
2022-04-01,180.30999755859375,180.94000244140625,178.72999572753906,180.3699951171875
2022-04-04,181.0,183.1300048828125,180.41000366210938,182.5800018310547
2022-04-05,181.5,181.6699981689453,177.5,177.66000366210938
2022-04-06,176.3000030517578,177.69000244140625,175.50999450683594,176.52000427246094
2022-04-07,174.50999450683594,175.5500030517578,172.77000427246094,174.49000549316406
2022-04-08,170.0,172.02999877929688,169.5800018310547,170.77999877929688
2022-04-11,169.74000549316406,171.4600067138672,168.8000030517578,169.63999938964844
2022-04-12,166.9199981689453,168.1199951171875,165.1300048828125,165.72999572753906
2022-04-13,166.80999755859375,168.83999633789062,166.80999755859375,168.44000244140625
2022-04-14,169.3000030517578,170.5,167.11000061035156,167.25999450683594
2022-04-18,169.47999572753906,170.88999938964844,169.3000030517578,170.27000427246094
2022-04-19,170.0,171.64999389648438,169.7100067138672,171.4499969482422
2022-04-20,175.69000244140625,176.8800048828125,174.97000122070312,175.4499969482422
2022-04-21,177.08999633789062,177.42999267578125,173.52000427246094,173.6699981689453
2022-04-22,172.47000122070312,172.5800018310547,169.35000610351562,169.52999877929688
2022-04-25,169.97999572753906,172.25,169.47999572753906,172.16000366210938
2022-04-26,169.55999755859375,170.6300048828125,166.82000732421875,166.82000732421875
2022-04-27,167.5,169.89999389648438,167.5,168.0399932861328
2022-04-28,170.64999389648438,173.82000732421875,169.17999267578125,172.97000122070312
2022-04-29,172.88999938964844,174.72000122070312,170.77000427246094,171.0
2022-05-02,170.3699951171875,171.0,168.33999633789062,170.69000244140625
2022-05-03,170.6999969482422,172.74000549316406,170.6999969482422,172.05999755859375
2022-05-04,172.02000427246094,175.13999938964844,170.6999969482422,174.85000610351562
2022-05-05,173.47999572753906,173.8300018310547,168.89999389648438,169.92999267578125
2022-05-06,173.0800018310547,174.30999755859375,171.4600067138672,173.3000030517578
2022-05-09,170.49000549316406,171.39999389648438,168.25,168.47000122070312
2022-05-10,168.85000610351562,169.6999969482422,165.2100067138672,166.4499969482422
2022-05-11,161.4499969482422,162.27000427246094,157.0500030517578,157.05999755859375
2022-05-12,157.1999969482422,159.6999969482422,156.9600067138672,158.5399932861328
2022-05-13,159.9499969482422,162.1300048828125,159.6300048828125,161.3300018310547
2022-05-16,159.42999267578125,160.02000427246094,157.9499969482422,159.2100067138672
2022-05-17,159.1300048828125,160.22000122070312,158.9199981689453,159.97999572753906
2022-05-18,158.44000244140625,158.75999450683594,155.27000427246094,155.47999572753906
2022-05-19,155.25999450683594,157.1199951171875,155.25,155.88999938964844
2022-05-20,159.19000244140625,160.02999877929688,156.17999267578125,158.66000366210938
2022-05-23,160.57000732421875,162.27000427246094,160.27999877929688,161.35000610351562
2022-05-24,160.44000244140625,161.1300048828125,159.67999267578125,160.60000610351562
2022-05-25,159.64999389648438,161.8800048828125,159.64999389648438,161.02999877929688
2022-05-26,164.0,166.10000610351562,163.6999969482422,165.52999877929688
2022-05-27,165.4199981689453,166.8699951171875,165.24000549316406,166.8300018310547
2022-05-31,167.2100067138672,167.2100067138672,165.5,166.3699951171875
2022-06-01,169.6699981689453,169.8699951171875,167.47000122070312,168.6999969482422
2022-06-02,169.16000366210938,170.3699951171875,168.1699981689453,170.24000549316406
2022-06-03,166.1199951171875,166.1199951171875,164.11000061035156,164.80999755859375
2022-06-06,167.27999877929688,167.41000366210938,165.32000732421875,165.5800018310547
2022-06-07,164.80999755859375,166.4199981689453,164.67999267578125,166.25
2022-06-08,166.4499969482422,166.67999267578125,164.99000549316406,165.35000610351562
2022-06-09,166.02999877929688,166.99000549316406,164.50999450683594,164.50999450683594
2022-06-10,162.5,162.9600067138672,161.2899932861328,161.3000030517578
2022-06-13,157.60000610351562,157.74000549316406,155.13999938964844,155.5
2022-06-14,155.5,156.17999267578125,154.1300048828125,155.16000366210938
2022-06-15,155.08999633789062,157.42999267578125,154.30999755859375,156.75
2022-06-16,156.44000244140625,156.6999969482422,153.52000427246094,154.4600067138672
2022-06-17,154.14999389648438,154.44000244140625,152.38999938964844,153.9499969482422
2022-06-21,157.32000732421875,159.6300048828125,157.32000732421875,159.08999633789062
2022-06-22,156.92999267578125,160.0,156.92999267578125,159.13999938964844
2022-06-23,157.85000610351562,158.61000061035156,156.27999877929688,157.52000427246094
2022-06-24,157.8800048828125,159.0800018310547,157.3000030517578,159.0800018310547
2022-06-27,157.69000244140625,157.94000244140625,156.35000610351562,156.52999877929688
2022-06-28,159.25999450683594,160.82000732421875,157.02000427246094,157.11000061035156
2022-06-29,156.39999389648438,156.42999267578125,155.22000122070312,155.6699981689453
2022-06-30,153.66000366210938,154.6300048828125,152.39999389648438,154.1699981689453
2022-07-01,152.88999938964844,155.58999633789062,152.82000732421875,155.47000122070312
2022-07-05,153.14999389648438,154.7100067138672,152.60000610351562,154.6699981689453
2022-07-06,153.61000061035156,153.61000061035156,152.13999938964844,152.8300018310547
2022-07-07,155.11000061035156,157.1699981689453,155.02000427246094,157.14999389648438
2022-07-08,156.4199981689453,157.3300018310547,156.1999969482422,156.75999450683594
2022-07-11,156.60000610351562,156.6199951171875,155.02999877929688,155.1699981689453
2022-07-12,154.66000366210938,156.4499969482422,154.52999877929688,155.42999267578125
2022-07-13,154.0500030517578,155.97000122070312,153.91000366210938,155.44000244140625
2022-07-14,154.4199981689453,154.4199981689453,152.17999267578125,153.13999938964844
2022-07-15,155.69000244140625,156.85000610351562,154.92999267578125,156.6999969482422
2022-07-18,157.0,158.1300048828125,156.3800048828125,156.75
2022-07-19,159.1699981689453,160.5399932861328,158.75,160.4199981689453
2022-07-20,159.60000610351562,159.67999267578125,157.39999389648438,157.89999389648438
2022-07-21,158.52999877929688,159.4199981689453,158.08999633789062,159.17999267578125
2022-07-22,160.58999633789062,161.1699981689453,159.72000122070312,160.3000030517578
2022-07-25,160.0500030517578,160.0500030517578,158.8800048828125,159.4199981689453
2022-07-26,158.80999755859375,159.07000732421875,157.92999267578125,158.05999755859375
2022-07-27,158.92999267578125,160.39999389648438,158.0,160.0500030517578
2022-07-28,158.6999969482422,159.8000030517578,157.6999969482422,159.50999450683594
2022-07-29,159.9499969482422,162.77999877929688,159.33999633789062,162.58999633789062
2022-08-01,165.5800018310547,167.0399932861328,165.5800018310547,166.77000427246094
2022-08-02,164.3000030517578,165.1999969482422,163.52000427246094,163.66000366210938
2022-08-03,162.83999633789062,163.8800048828125,161.25,163.1300048828125
2022-08-04,157.25,158.19000244140625,156.6300048828125,156.66000366210938
2022-08-05,157.61000061035156,158.02000427246094,156.25,157.30999755859375
2022-08-08,157.0,157.2899932861328,156.0399932861328,156.1999969482422
2022-08-09,155.0,156.0,152.4600067138672,152.94000244140625
2022-08-10,156.0,158.35000610351562,155.1699981689453,157.88999938964844
2022-08-11,158.8800048828125,159.72999572753906,158.27999877929688,158.60000610351562
2022-08-12,160.0500030517578,161.61000061035156,159.24000549316406,161.30999755859375
2022-08-15,160.89999389648438,160.89999389648438,159.4199981689453,160.4600067138672
2022-08-16,159.3000030517578,159.92999267578125,158.5800018310547,159.4199981689453
2022-08-17,160.0800018310547,161.67999267578125,159.80999755859375,160.77000427246094
2022-08-18,159.47999572753906,159.77000427246094,158.77999877929688,159.1300048828125
2022-08-19,157.6699981689453,157.97000122070312,156.1199951171875,156.4600067138672
2022-08-22,155.60000610351562,155.9499969482422,153.9499969482422,154.32000732421875
2022-08-23,153.74000549316406,155.27999877929688,153.47999572753906,153.47999572753906
2022-08-24,153.39999389648438,155.14999389648438,153.2100067138672,154.5
2022-08-25,155.0,156.0,154.52999877929688,156.0
2022-08-26,155.14999389648438,155.5,151.72999572753906,151.77000427246094
2022-08-29,151.22000122070312,152.47999572753906,151.1999969482422,151.77000427246094
2022-08-30,152.64999389648438,152.77000427246094,149.5500030517578,150.1699981689453
2022-08-31,150.5500030517578,151.0399932861328,149.32000732421875,149.3699951171875
2022-09-01,147.61000061035156,147.8699951171875,145.61000061035156,146.8000030517578
2022-09-02,147.5500030517578,147.8699951171875,145.0800018310547,145.55999755859375
2022-09-06,145.0,145.3300018310547,143.27999877929688,143.94000244140625
2022-09-07,141.99000549316406,143.50999450683594,140.9600067138672,143.33999633789062
2022-09-08,142.61000061035156,144.25999450683594,142.47000122070312,144.1300048828125
2022-09-09,146.02999877929688,146.02999877929688,145.1999969482422,145.58999633789062
2022-09-12,144.66000366210938,145.88999938964844,144.66000366210938,145.0399932861328
2022-09-13,142.49000549316406,142.9499969482422,140.1999969482422,140.22999572753906
2022-09-14,141.5399932861328,142.7100067138672,140.82000732421875,141.47000122070312
2022-09-15,141.16000366210938,142.36000061035156,140.24000549316406,140.4499969482422
2022-09-16,140.32000732421875,141.25999450683594,140.19000244140625,140.74000549316406
2022-09-19,140.1199951171875,141.67999267578125,140.0,141.4499969482422
2022-09-20,141.60000610351562,142.14999389648438,140.1999969482422,140.72999572753906
2022-09-21,139.5,140.0,137.57000732421875,137.5800018310547
2022-09-22,140.72000122070312,141.5,138.1199951171875,139.0500030517578
2022-09-23,137.60000610351562,137.61000061035156,135.83999633789062,137.27999877929688
2022-09-26,136.1300048828125,137.41000366210938,135.10000610351562,135.6199951171875
2022-09-27,136.88999938964844,137.22999572753906,134.83999633789062,135.74000549316406
2022-09-28,134.75999450683594,137.44000244140625,134.35000610351562,136.88999938964844
2022-09-29,135.11000061035156,135.14999389648438,132.5399932861328,133.75999450683594
2022-09-30,134.2100067138672,134.42999267578125,130.07000732421875,130.2899932861328
2022-10-03,134.14999389648438,136.1999969482422,133.8000030517578,135.58999633789062
2022-10-04,138.35000610351562,140.17999267578125,138.27000427246094,139.85000610351562
2022-10-05,137.5399932861328,138.52000427246094,136.3699951171875,138.08999633789062
2022-10-06,136.35000610351562,137.1199951171875,136.00999450683594,136.1699981689453
2022-10-07,136.3300018310547,136.83999633789062,135.2100067138672,135.85000610351562
2022-10-10,135.75999450683594,135.75999450683594,134.25999450683594,134.86000061035156
2022-10-11,134.1199951171875,136.85000610351562,134.1199951171875,135.05999755859375
2022-10-12,135.5500030517578,136.30999755859375,135.0,135.0
2022-10-13,133.27000427246094,136.8000030517578,132.5,136.3800048828125
2022-10-14,136.39999389648438,136.39999389648438,134.0399932861328,134.11000061035156
2022-10-17,135.85000610351562,136.8000030517578,135.85000610351562,136.16000366210938
2022-10-18,135.25999450683594,135.30999755859375,133.22000122070312,134.25999450683594
2022-10-19,133.5800018310547,133.88999938964844,132.08999633789062,132.97000122070312
2022-10-20,133.63999938964844,134.8000030517578,132.8000030517578,133.24000549316406
2022-10-21,131.69000244140625,133.9199981689453,131.33999633789062,133.75999450683594
2022-10-24,133.6300048828125,135.10000610351562,133.13999938964844,134.74000549316406
2022-10-25,135.8800048828125,137.91000366210938,135.77999877929688,137.07000732421875
2022-10-26,136.88999938964844,138.88999938964844,136.8300018310547,137.92999267578125
2022-10-27,137.0500030517578,137.75,136.38999938964844,136.47000122070312
2022-10-28,137.67999267578125,139.7899932861328,137.5500030517578,139.52000427246094
2022-10-31,138.5800018310547,139.32000732421875,137.57000732421875,138.80999755859375
2022-11-01,138.0,138.0,134.47000122070312,135.16000366210938
2022-11-02,136.64999389648438,138.1999969482422,135.25,135.38999938964844
2022-11-03,135.19000244140625,136.27999877929688,134.22999572753906,135.25
2022-11-04,136.0,137.67999267578125,135.60000610351562,137.35000610351562
2022-11-07,136.8300018310547,137.52999877929688,135.89999389648438,137.25999450683594
2022-11-08,137.36000061035156,138.64999389648438,136.64999389648438,137.5
2022-11-09,136.0,136.10000610351562,134.10000610351562,134.52999877929688
2022-11-10,137.58999633789062,140.57000732421875,137.55999755859375,140.52000427246094
2022-11-11,142.1699981689453,143.4600067138672,141.50999450683594,143.25999450683594
2022-11-14,142.27999877929688,143.39999389648438,141.69000244140625,142.1199951171875
2022-11-15,144.67999267578125,144.97000122070312,142.92999267578125,143.75
2022-11-16,143.14999389648438,143.24000549316406,141.82000732421875,142.1199951171875
2022-11-17,141.2100067138672,142.9600067138672,141.10000610351562,142.92999267578125
2022-11-18,143.0800018310547,143.50999450683594,142.6300048828125,143.19000244140625
2022-11-21,142.77999877929688,142.92999267578125,141.9499969482422,142.16000366210938
2022-11-22,144.6300048828125,145.5,144.3000030517578,145.3300018310547
2022-11-23,146.05999755859375,146.7100067138672,145.25,146.7100067138672
2022-11-25,147.0,148.64999389648438,146.94000244140625,148.27000427246094
2022-11-28,146.83999633789062,147.6999969482422,146.32000732421875,146.50999450683594
2022-11-29,145.25999450683594,146.17999267578125,144.8699951171875,145.39999389648438
2022-11-30,145.44000244140625,147.8699951171875,144.85000610351562,147.69000244140625
2022-12-01,147.22000122070312,148.24000549316406,146.5800018310547,147.66000366210938
2022-12-02,145.55999755859375,146.61000061035156,144.99000549316406,146.52999877929688
2022-12-05,144.75999450683594,144.8000030517578,142.64999389648438,143.19000244140625
2022-12-06,142.8800048828125,142.8800048828125,140.1999969482422,141.08999633789062
2022-12-07,141.75,143.02999877929688,141.35000610351562,141.86000061035156
2022-12-08,142.0,142.3800048828125,141.6199951171875,142.27999877929688
2022-12-09,142.49000549316406,144.2100067138672,142.49000549316406,143.33999633789062
2022-12-12,143.6199951171875,144.2100067138672,142.75,144.1199951171875
2022-12-13,146.83999633789062,147.33999633789062,144.3300018310547,144.5
2022-12-14,146.00999450683594,146.3699951171875,143.8000030517578,144.64999389648438
2022-12-15,143.22000122070312,143.82000732421875,141.05999755859375,141.66000366210938
2022-12-16,140.27999877929688,141.50999450683594,140.0399932861328,140.42999267578125
2022-12-19,140.0,140.8000030517578,138.86000061035156,139.61000061035156
2022-12-20,138.88999938964844,140.24000549316406,138.77000427246094,138.8300018310547
2022-12-21,137.11000061035156,137.80999755859375,136.69000244140625,137.4600067138672
2022-12-22,138.27999877929688,138.42999267578125,135.8800048828125,137.0
2022-12-23,137.0399932861328,137.75999450683594,136.19000244140625,137.13999938964844
2022-12-27,136.1199951171875,136.97000122070312,135.83999633789062,136.16000366210938
2022-12-28,136.0,136.77000427246094,133.89999389648438,134.1300048828125
2022-12-29,135.94000244140625,137.49000549316406,135.91000366210938,137.41000366210938
2022-12-30,136.8800048828125,137.39999389648438,136.0,136.5800018310547
2023-01-03,137.9600067138672,138.47000122070312,137.02000427246094,138.27999877929688
2023-01-04,138.2100067138672,138.39999389648438,136.64999389648438,137.19000244140625
2023-01-05,135.72000122070312,136.24000549316406,134.6699981689453,135.52000427246094
2023-01-06,136.13999938964844,139.5399932861328,135.91000366210938,138.97000122070312
2023-01-09,139.30999755859375,141.66000366210938,139.24000549316406,139.94000244140625
2023-01-10,139.0,139.35000610351562,138.1699981689453,139.13999938964844
2023-01-11,139.6699981689453,139.6699981689453,138.6300048828125,138.85000610351562
2023-01-12,142.25999450683594,142.74000549316406,140.7100067138672,142.36000061035156
2023-01-13,140.4199981689453,140.97999572753906,139.52000427246094,140.3000030517578
2023-01-17,144.64999389648438,145.72000122070312,144.27000427246094,144.77000427246094
2023-01-18,148.0,148.10000610351562,145.07000732421875,145.50999450683594
2023-01-19,144.8800048828125,145.10000610351562,143.6199951171875,144.17999267578125
2023-01-20,144.9199981689453,146.32000732421875,144.5,146.11000061035156
2023-01-23,145.77000427246094,146.58999633789062,145.1199951171875,146.02999877929688
2023-01-24,150.39999389648438,150.39999389648438,145.0,146.00999450683594
2023-01-25,145.97999572753906,146.47000122070312,145.2100067138672,146.14999389648438
2023-01-26,145.52000427246094,146.19000244140625,144.41000366210938,145.47000122070312
2023-01-27,146.0,147.72999572753906,145.74000549316406,147.16000366210938
2023-01-30,146.0,146.2899932861328,145.08999633789062,145.17999267578125
2023-01-31,146.3000030517578,147.11000061035156,145.8800048828125,147.11000061035156
2023-02-01,146.5800018310547,149.00999450683594,146.5800018310547,148.5800018310547
2023-02-02,147.0,147.36000061035156,144.61000061035156,146.6199951171875
2023-02-03,145.6199951171875,146.41000366210938,144.4499969482422,144.7100067138672
2023-02-06,144.0,144.39999389648438,142.97000122070312,143.7899932861328
2023-02-07,143.52000427246094,144.97000122070312,143.05999755859375,144.63999938964844
2023-02-08,144.0,144.63999938964844,143.30999755859375,143.8300018310547
2023-02-09,146.36000061035156,147.49000549316406,144.69000244140625,144.8300018310547
2023-02-10,143.6699981689453,143.97999572753906,142.50999450683594,143.4199981689453
2023-02-13,142.9499969482422,143.91000366210938,142.55999755859375,143.86000061035156
2023-02-14,142.8000030517578,143.1199951171875,141.5500030517578,142.64999389648438
2023-02-15,140.41000366210938,140.97999572753906,140.05999755859375,140.97000122070312
2023-02-16,141.39999389648438,143.66000366210938,141.32000732421875,142.6999969482422
2023-02-17,142.0800018310547,143.0500030517578,141.82000732421875,142.85000610351562
2023-02-21,140.16000366210938,140.5800018310547,138.72999572753906,139.17999267578125
2023-02-22,138.6999969482422,139.27999877929688,138.2899932861328,138.64999389648438
2023-02-23,139.02999877929688,139.49000549316406,138.14999389648438,138.9499969482422
2023-02-24,137.1999969482422,137.1999969482422,135.47999572753906,136.0500030517578
2023-02-27,137.0,137.13999938964844,135.9600067138672,136.25
2023-02-28,136.11000061035156,136.58999633789062,135.8800048828125,135.9199981689453
2023-03-01,136.66000366210938,137.49000549316406,136.5,136.52999877929688
2023-03-02,136.1199951171875,137.33999633789062,136.0800018310547,137.27000427246094
2023-03-03,138.57000732421875,139.9199981689453,138.39999389648438,139.8300018310547
2023-03-06,140.11000061035156,140.63999938964844,139.9600067138672,140.1300048828125
2023-03-07,141.27999877929688,141.38999938964844,138.75,139.0800018310547
2023-03-08,139.49000549316406,139.85000610351562,138.97999572753906,139.7100067138672
2023-03-09,140.17999267578125,140.67999267578125,138.25999450683594,138.52000427246094
2023-03-10,139.1999969482422,139.33999633789062,137.4499969482422,137.97000122070312
2023-03-13,136.41000366210938,137.75999450683594,136.3300018310547,137.1199951171875
2023-03-14,136.41000366210938,136.75999450683594,135.55999755859375,136.6699981689453
2023-03-15,135.0,135.0,132.35000610351562,133.5800018310547
2023-03-16,134.02999877929688,136.02999877929688,133.77000427246094,135.89999389648438
2023-03-17,135.55999755859375,135.55999755859375,133.27000427246094,133.47999572753906
2023-03-20,133.64999389648438,135.80999755859375,133.5500030517578,135.1300048828125
2023-03-21,135.1999969482422,136.1699981689453,135.0,135.77999877929688
2023-03-22,136.07000732421875,137.75999450683594,135.49000549316406,135.57000732421875
2023-03-23,136.6199951171875,137.10000610351562,135.17999267578125,135.8699951171875
2023-03-24,136.00999450683594,136.66000366210938,135.1999969482422,136.64999389648438
2023-03-27,136.69000244140625,137.30999755859375,136.42999267578125,136.9600067138672
2023-03-28,137.41000366210938,138.5,137.11000061035156,137.92999267578125
2023-03-29,139.60000610351562,140.5399932861328,139.30999755859375,139.6699981689453
2023-03-30,140.0,140.36000061035156,139.2899932861328,139.6199951171875
2023-03-31,140.99000549316406,141.75999450683594,140.89999389648438,141.69000244140625
2023-04-03,142.0,142.6300048828125,141.63999938964844,142.33999633789062
2023-04-04,143.0399932861328,143.0500030517578,141.6699981689453,142.13999938964844
2023-04-05,140.5500030517578,141.19000244140625,140.1699981689453,140.4199981689453
2023-04-06,139.19000244140625,139.3699951171875,138.2100067138672,138.8699951171875
2023-04-10,138.52999877929688,138.64999389648438,136.88999938964844,138.00999450683594
2023-04-11,137.5399932861328,138.0399932861328,137.22999572753906,137.58999633789062
2023-04-12,137.57000732421875,137.8000030517578,136.30999755859375,136.44000244140625
2023-04-13,137.0500030517578,137.49000549316406,136.3000030517578,137.22999572753906
2023-04-14,136.47999572753906,137.1199951171875,135.6199951171875,135.9600067138672
2023-04-17,136.7100067138672,137.7899932861328,136.66000366210938,137.75
2023-04-18,137.08999633789062,137.33999633789062,136.55999755859375,137.0399932861328
2023-04-19,135.89999389648438,135.89999389648438,134.7899932861328,135.25999450683594
2023-04-20,134.0,134.41000366210938,133.02000427246094,133.8000030517578
2023-04-21,134.4199981689453,134.7899932861328,133.38999938964844,134.6699981689453
2023-04-24,134.0500030517578,134.97000122070312,133.88999938964844,134.83999633789062
2023-04-25,134.75,134.94000244140625,133.4600067138672,133.50999450683594
2023-04-26,134.49000549316406,134.99000549316406,133.8800048828125,134.02000427246094
2023-04-27,135.75999450683594,137.83999633789062,135.75999450683594,137.52000427246094
2023-04-28,136.6199951171875,137.33999633789062,136.2899932861328,137.3300018310547
2023-05-01,137.3300018310547,137.58999633789062,136.5500030517578,136.69000244140625
2023-05-02,135.3000030517578,135.4199981689453,134.25,135.16000366210938
2023-05-03,135.91000366210938,136.42999267578125,135.30999755859375,135.57000732421875
2023-05-04,135.1999969482422,135.77000427246094,134.8800048828125,134.91000366210938
2023-05-05,136.2100067138672,137.92999267578125,135.72999572753906,137.5399932861328
2023-05-08,137.85000610351562,138.1999969482422,137.2899932861328,137.80999755859375
2023-05-09,141.44000244140625,141.75999450683594,140.5800018310547,140.85000610351562
2023-05-10,143.94000244140625,144.22999572753906,143.02000427246094,143.58999633789062
2023-05-11,141.91000366210938,142.67999267578125,141.25,142.6699981689453
2023-05-12,144.1999969482422,144.85000610351562,142.77999877929688,143.27000427246094
2023-05-15,141.88999938964844,142.41000366210938,141.27999877929688,142.39999389648438
2023-05-16,141.58999633789062,141.72000122070312,141.0,141.1300048828125
2023-05-17,141.1300048828125,142.17999267578125,141.1300048828125,142.02000427246094
2023-05-18,142.75999450683594,142.75999450683594,141.63999938964844,142.50999450683594
2023-05-19,142.07000732421875,142.44000244140625,141.7100067138672,142.22000122070312
2023-05-22,141.66000366210938,141.7100067138672,140.8300018310547,141.19000244140625
2023-05-23,138.5500030517578,140.32000732421875,138.50999450683594,139.5500030517578
2023-05-24,140.3800048828125,140.3800048828125,139.13999938964844,139.3300018310547
2023-05-25,139.11000061035156,139.97999572753906,138.80999755859375,139.60000610351562
2023-05-26,139.16000366210938,140.44000244140625,139.0800018310547,140.0800018310547
2023-05-30,139.55999755859375,139.55999755859375,137.3699951171875,137.72999572753906
2023-05-31,136.4600067138672,136.57000732421875,135.14999389648438,136.1300048828125
2023-06-01,139.64999389648438,140.86000061035156,139.22000122070312,140.64999389648438
2023-06-02,145.0,146.38999938964844,145.0,146.0
2023-06-05,145.82000732421875,146.4499969482422,145.4600067138672,145.72999572753906
2023-06-06,147.0,148.7899932861328,146.1300048828125,148.47999572753906
2023-06-07,145.22999572753906,146.02999877929688,145.19000244140625,145.30999755859375
2023-06-08,145.07000732421875,147.0,145.02999877929688,146.86000061035156
2023-06-09,148.0,149.13999938964844,147.91000366210938,148.63999938964844
2023-06-12,149.10000610351562,149.8800048828125,148.74000549316406,149.58999633789062
2023-06-13,157.88999938964844,159.10000610351562,157.2899932861328,158.0800018310547
2023-06-14,165.88999938964844,166.47999572753906,164.14999389648438,165.57000732421875
2023-06-15,164.13999938964844,169.07000732421875,164.0,168.17999267578125
2023-06-16,166.00999450683594,166.14999389648438,164.22999572753906,164.35000610351562
2023-06-20,158.6999969482422,159.0,156.82000732421875,157.14999389648438
2023-06-21,157.0,157.33999633789062,156.14999389648438,156.5
2023-06-22,157.00999450683594,157.7899932861328,156.72999572753906,157.11000061035156
2023-06-23,154.0,154.02000427246094,152.77999877929688,153.3800048828125
2023-06-26,155.3800048828125,155.6199951171875,153.91000366210938,154.5500030517578
2023-06-27,155.33999633789062,157.2100067138672,155.2100067138672,157.17999267578125
2023-06-28,159.1199951171875,160.60000610351562,158.89999389648438,160.11000061035156
2023-06-29,160.07000732421875,160.6199951171875,159.30999755859375,160.39999389648438
2023-06-30,160.13999938964844,161.2100067138672,160.0,160.75
2023-07-03,160.8800048828125,161.57000732421875,160.4199981689453,160.47000122070312
2023-07-05,162.30999755859375,162.30999755859375,161.35000610351562,161.89999389648438
2023-07-06,161.1199951171875,161.1999969482422,159.85000610351562,160.8300018310547
2023-07-07,161.0399932861328,162.97000122070312,161.0399932861328,161.77000427246094
2023-07-10,160.0,160.39999389648438,159.52999877929688,160.24000549316406
2023-07-11,158.0399932861328,158.5500030517578,157.5,158.4199981689453
2023-07-12,159.47000122070312,160.30999755859375,159.1199951171875,159.27000427246094
2023-07-13,160.69000244140625,160.89999389648438,160.14999389648438,160.35000610351562
2023-07-14,159.97000122070312,160.0,159.0800018310547,159.14999389648438
2023-07-17,159.39999389648438,159.58999633789062,158.1699981689453,159.4499969482422
2023-07-18,161.94000244140625,163.52999877929688,161.8699951171875,163.19000244140625
2023-07-19,164.9499969482422,164.97999572753906,163.67999267578125,163.97000122070312
2023-07-20,163.0800018310547,163.63999938964844,162.39999389648438,163.27999877929688
2023-07-21,163.5800018310547,163.67999267578125,162.60000610351562,162.80999755859375
2023-07-24,164.5800018310547,164.9199981689453,164.25,164.52999877929688
2023-07-25,165.0,165.8000030517578,164.74000549316406,165.55999755859375
2023-07-26,165.16000366210938,166.02000427246094,164.8800048828125,165.6999969482422
2023-07-27,165.8699951171875,166.72999572753906,165.3800048828125,165.42999267578125
2023-07-28,167.10000610351562,167.8000030517578,166.69000244140625,167.14999389648438
2023-07-31,168.0,168.57000732421875,167.80999755859375,168.24000549316406
2023-08-01,171.1199951171875,172.36000061035156,170.5500030517578,171.83999633789062
2023-08-02,173.9600067138672,175.3699951171875,173.19000244140625,173.85000610351562
2023-08-03,168.42999267578125,168.6999969482422,166.74000549316406,168.57000732421875
2023-08-04,171.69000244140625,172.41000366210938,170.64999389648438,170.7899932861328
2023-08-07,172.3300018310547,173.38999938964844,171.8000030517578,173.38999938964844
2023-08-08,169.3800048828125,170.35000610351562,168.38999938964844,170.2899932861328
2023-08-09,167.9199981689453,168.36000061035156,166.41000366210938,167.22999572753906
2023-08-10,169.5500030517578,169.72000122070312,167.2100067138672,167.66000366210938
2023-08-11,167.3699951171875,167.63999938964844,166.64999389648438,167.27999877929688
2023-08-14,165.58999633789062,167.10000610351562,165.19000244140625,166.6999969482422
2023-08-15,165.92999267578125,165.92999267578125,164.8800048828125,165.38999938964844
2023-08-16,162.74000549316406,163.9199981689453,162.0,162.24000549316406
2023-08-17,163.55999755859375,164.00999450683594,162.1699981689453,162.27999877929688
2023-08-18,160.83999633789062,162.1999969482422,160.3800048828125,161.8699951171875
2023-08-21,162.16000366210938,163.2100067138672,162.0,162.7899932861328
2023-08-22,165.83999633789062,166.44000244140625,164.89999389648438,164.99000549316406
2023-08-23,165.42999267578125,166.0800018310547,165.11000061035156,165.91000366210938
2023-08-24,164.52000427246094,165.02999877929688,162.77999877929688,162.77999877929688
2023-08-25,164.27000427246094,165.11000061035156,163.44000244140625,164.4600067138672
2023-08-28,166.33999633789062,167.36000061035156,166.22000122070312,167.25
2023-08-29,165.55999755859375,167.58999633789062,165.4499969482422,167.38999938964844
2023-08-30,168.08999633789062,168.77999877929688,167.60000610351562,168.0500030517578
2023-08-31,171.9499969482422,172.5,171.6300048828125,172.1300048828125
2023-09-01,173.91000366210938,173.91000366210938,171.9199981689453,172.5399932861328
2023-09-05,175.0500030517578,175.83999633789062,174.6300048828125,175.3699951171875
2023-09-06,179.7100067138672,179.8800048828125,178.1300048828125,178.8300018310547
2023-09-07,178.35000610351562,179.19000244140625,177.8000030517578,178.8699951171875
2023-09-08,176.4199981689453,177.52999877929688,176.4199981689453,177.1300048828125
2023-09-11,177.92999267578125,179.1199951171875,177.72000122070312,178.6699981689453
2023-09-12,180.22999572753906,181.86000061035156,180.0,181.27999877929688
2023-09-13,183.75999450683594,184.35000610351562,183.3800048828125,183.97999572753906
2023-09-14,186.5,188.0500030517578,186.25,187.97999572753906
2023-09-15,190.6699981689453,190.86000061035156,188.9499969482422,189.1999969482422
2023-09-18,188.66000366210938,189.0500030517578,187.75,188.9600067138672
2023-09-19,194.4600067138672,195.64999389648438,194.11000061035156,195.0399932861328
2023-09-20,190.14999389648438,192.52000427246094,188.50999450683594,188.75
2023-09-21,187.19000244140625,187.32000732421875,185.85000610351562,186.3000030517578
2023-09-22,188.44000244140625,189.14999389648438,186.9499969482422,187.10000610351562
2023-09-25,185.0,185.27000427246094,183.77000427246094,184.83999633789062
2023-09-26,181.2100067138672,182.6999969482422,180.11000061035156,180.5
2023-09-27,183.25999450683594,184.4199981689453,181.1699981689453,182.38999938964844
2023-09-28,180.52999877929688,182.8699951171875,179.8300018310547,182.4199981689453
2023-09-29,180.52999877929688,181.14999389648438,179.25999450683594,179.75
2023-10-02,179.3000030517578,179.60000610351562,177.58999633789062,178.4600067138672
2023-10-03,173.32000732421875,174.42999267578125,172.82000732421875,173.64999389648438
2023-10-04,167.1699981689453,170.19000244140625,166.9199981689453,169.4499969482422
2023-10-05,173.82000732421875,174.36000061035156,172.16000366210938,173.0399932861328
2023-10-06,172.64999389648438,173.6999969482422,169.91000366210938,173.17999267578125
2023-10-09,172.5,174.1699981689453,171.97000122070312,174.1199951171875
2023-10-10,176.5,177.50999450683594,176.0,177.14999389648438
2023-10-11,178.3800048828125,178.57000732421875,177.0,178.02999877929688
2023-10-12,182.5800018310547,182.9600067138672,180.47999572753906,181.60000610351562
2023-10-13,179.1300048828125,179.47000122070312,177.07000732421875,177.67999267578125
2023-10-16,178.19000244140625,179.6199951171875,178.19000244140625,179.10000610351562
2023-10-17,177.80999755859375,179.67999267578125,177.6300048828125,178.22000122070312
2023-10-18,177.14999389648438,177.75,175.64999389648438,175.97999572753906
2023-10-19,176.6199951171875,176.8800048828125,174.44000244140625,174.6999969482422
2023-10-20,174.52999877929688,174.8000030517578,173.22999572753906,173.47999572753906
2023-10-23,173.0500030517578,175.0500030517578,172.47999572753906,173.80999755859375
2023-10-24,173.22000122070312,174.5,173.2100067138672,174.1199951171875
2023-10-25,176.24000549316406,176.8800048828125,175.0399932861328,175.17999267578125
2023-10-26,172.9600067138672,173.55999755859375,171.3699951171875,171.61000061035156
2023-10-27,175.35000610351562,175.49000549316406,172.27000427246094,172.80999755859375
2023-10-30,172.27000427246094,172.92999267578125,170.49000549316406,171.39999389648438
2023-10-31,174.0399932861328,175.22000122070312,173.60000610351562,175.17999267578125
2023-11-01,180.89999389648438,186.35000610351562,180.6300048828125,185.77999877929688
2023-11-02,184.9600067138672,186.72000122070312,183.3699951171875,186.5500030517578
2023-11-03,187.5500030517578,189.8699951171875,187.5500030517578,189.58999633789062
2023-11-06,190.22999572753906,190.55999755859375,189.0399932861328,189.64999389648438
2023-11-07,188.52000427246094,189.6199951171875,187.55999755859375,189.57000732421875
2023-11-08,184.67999267578125,184.82000732421875,182.82000732421875,183.4199981689453
2023-11-09,186.47000122070312,186.94000244140625,183.8800048828125,184.22000122070312
2023-11-10,185.69000244140625,187.10000610351562,184.1300048828125,187.0
2023-11-13,185.50999450683594,188.0,185.17999267578125,187.74000549316406
2023-11-14,190.38999938964844,192.11000061035156,189.5800018310547,192.0800018310547
2023-11-15,189.0,190.4600067138672,188.83999633789062,189.11000061035156
2023-11-16,190.25999450683594,190.82000732421875,189.52999877929688,190.39999389648438
2023-11-17,191.9199981689453,193.42999267578125,191.83999633789062,193.36000061035156
2023-11-20,186.77000427246094,188.52999877929688,185.82000732421875,187.67999267578125
2023-11-21,185.25,185.38999938964844,181.50999450683594,183.2100067138672
2023-11-22,184.17999267578125,184.58999633789062,183.39999389648438,184.22999572753906
2023-11-24,187.44000244140625,188.5,187.1699981689453,188.3000030517578
2023-11-27,186.10000610351562,186.9600067138672,186.10000610351562,186.61000061035156
2023-11-28,185.80999755859375,187.32000732421875,185.80999755859375,187.16000366210938
2023-11-29,190.61000061035156,191.24000549316406,189.3800048828125,189.50999450683594
2023-11-30,189.52999877929688,190.0,189.1300048828125,189.77999877929688
2023-12-01,190.77000427246094,192.80999755859375,190.3699951171875,192.74000549316406
2023-12-04,188.33999633789062,189.11000061035156,187.0500030517578,187.3699951171875
2023-12-05,187.6999969482422,188.97999572753906,187.5,187.99000549316406
2023-12-06,191.58999633789062,192.89999389648438,189.80999755859375,189.88999938964844
2023-12-07,190.42999267578125,190.75999450683594,187.91000366210938,190.24000549316406
2023-12-08,186.17999267578125,187.58999633789062,185.60000610351562,187.27999877929688
2023-12-11,186.80999755859375,187.7100067138672,186.27999877929688,187.0800018310547
2023-12-12,184.75999450683594,185.2100067138672,184.0500030517578,184.8000030517578
2023-12-13,184.00999450683594,186.2899932861328,183.02999877929688,185.47999572753906
2023-12-14,181.8800048828125,184.77000427246094,181.61000061035156,183.4199981689453
2023-12-15,182.80999755859375,183.0399932861328,180.58999633789062,180.6199951171875
2023-12-18,183.8699951171875,184.19000244140625,182.8800048828125,183.27999877929688
2023-12-19,184.8000030517578,185.10000610351562,183.89999389648438,183.9499969482422
2023-12-20,180.4499969482422,182.5399932861328,179.8800048828125,179.94000244140625
2023-12-21,178.77999877929688,181.24000549316406,178.5800018310547,180.86000061035156
2023-12-22,178.05999755859375,179.24000549316406,178.0,178.52999877929688
2023-12-26,178.52999877929688,180.3699951171875,178.52999877929688,179.85000610351562
2023-12-27,180.3800048828125,181.11000061035156,180.0800018310547,180.72000122070312
2023-12-28,181.02000427246094,181.69000244140625,180.9499969482422,181.11000061035156
2023-12-29,183.1300048828125,183.8800048828125,182.36000061035156,183.3800048828125
2024-01-02,182.14999389648438,182.89999389648438,181.16000366210938,181.3699951171875
2024-01-03,180.83999633789062,182.47000122070312,180.07000732421875,181.5500030517578
2024-01-04,183.08999633789062,184.1999969482422,182.72999572753906,182.97000122070312
2024-01-05,186.0,188.7100067138672,185.63999938964844,187.07000732421875
2024-01-08,187.5,188.16000366210938,186.42999267578125,187.88999938964844
2024-01-09,186.52999877929688,186.66000366210938,185.2899932861328,185.99000549316406
2024-01-10,190.0,192.80999755859375,189.57000732421875,192.72000122070312
2024-01-11,195.30999755859375,196.47999572753906,193.77999877929688,194.9499969482422
2024-01-12,195.05999755859375,195.97999572753906,194.8000030517578,195.67999267578125
2024-01-16,195.2899932861328,196.5,194.5,195.60000610351562
2024-01-17,193.25999450683594,194.38999938964844,193.02999877929688,194.13999938964844
2024-01-18,199.42999267578125,200.27000427246094,198.2899932861328,200.0800018310547
2024-01-19,200.10000610351562,200.6999969482422,198.85000610351562,200.6699981689453
2024-01-22,201.24000549316406,201.9499969482422,200.39999389648438,201.4199981689453
2024-01-23,200.67999267578125,202.0,200.67999267578125,201.39999389648438
2024-01-24,200.8699951171875,201.67999267578125,200.36000061035156,200.72000122070312
2024-01-25,200.7100067138672,200.72999572753906,198.64999389648438,199.55999755859375
2024-01-26,197.24000549316406,198.2100067138672,197.07000732421875,198.05999755859375
2024-01-29,199.67999267578125,201.85000610351562,199.0800018310547,201.66000366210938
2024-01-30,202.00999450683594,202.41000366210938,201.50999450683594,201.85000610351562
2024-01-31,202.27999877929688,202.35000610351562,199.2899932861328,199.6999969482422
2024-02-01,200.6300048828125,202.35000610351562,199.80999755859375,202.17999267578125
2024-02-02,200.89999389648438,202.63999938964844,200.5399932861328,202.5399932861328
2024-02-05,202.2899932861328,203.17999267578125,201.41000366210938,203.02999877929688
2024-02-06,211.8699951171875,221.77000427246094,211.82000732421875,218.86000061035156
2024-02-07,222.33999633789062,224.02000427246094,220.86000061035156,223.0500030517578
2024-02-08,225.32000732421875,226.39999389648438,223.8300018310547,226.30999755859375
2024-02-09,223.82000732421875,225.13999938964844,223.75,224.4600067138672
2024-02-12,223.82000732421875,226.8699951171875,223.55999755859375,225.86000061035156
2024-02-13,227.58999633789062,232.55999755859375,227.3000030517578,231.0
2024-02-14,226.0,227.16000366210938,224.47999572753906,227.02999877929688
2024-02-15,226.13999938964844,228.63999938964844,226.13999938964844,228.5399932861328
2024-02-16,227.8300018310547,228.5399932861328,226.6300048828125,227.36000061035156
2024-02-20,227.77999877929688,228.4600067138672,225.5800018310547,226.77000427246094
2024-02-21,227.22000122070312,227.66000366210938,225.8000030517578,227.08999633789062
2024-02-22,234.1699981689453,235.14999389648438,233.00999450683594,234.4499969482422
2024-02-23,235.0,235.75999450683594,234.33999633789062,235.0
2024-02-26,237.58999633789062,238.77999877929688,236.5399932861328,238.1300048828125
2024-02-27,238.19000244140625,238.83999633789062,236.58999633789062,238.0399932861328
2024-02-28,237.92999267578125,238.19000244140625,237.0,237.2899932861328
2024-02-29,240.9199981689453,241.66000366210938,239.64999389648438,240.5500030517578
2024-03-01,244.66000366210938,246.5399932861328,244.55999755859375,246.0399932861328
2024-03-04,244.19000244140625,244.7899932861328,243.24000549316406,243.83999633789062
2024-03-05,247.7100067138672,249.99000549316406,246.80999755859375,248.19000244140625
2024-03-06,252.14999389648438,253.42999267578125,250.92999267578125,252.39999389648438
2024-03-07,246.92999267578125,248.0500030517578,245.6999969482422,247.94000244140625
2024-03-08,245.0,245.8000030517578,242.5800018310547,242.82000732421875
2024-03-11,237.41000366210938,237.41000366210938,235.1699981689453,235.4600067138672
2024-03-12,236.80999755859375,238.44000244140625,235.4499969482422,237.9499969482422
2024-03-13,233.41000366210938,233.5399932861328,231.3699951171875,232.8300018310547
2024-03-14,233.36000061035156,233.36000061035156,230.36000061035156,230.97000122070312
2024-03-15,234.91000366210938,235.1199951171875,233.5399932861328,234.6199951171875
2024-03-18,237.5800018310547,238.8300018310547,237.27999877929688,238.66000366210938
2024-03-19,242.67999267578125,245.08999633789062,242.41000366210938,244.32000732421875
2024-03-20,244.67999267578125,246.8000030517578,244.30999755859375,246.72000122070312
2024-03-21,251.4499969482422,251.7899932861328,250.25999450683594,251.47999572753906
2024-03-22,255.0,255.22999572753906,253.58999633789062,254.77000427246094
2024-03-25,252.11000061035156,253.4199981689453,251.0399932861328,252.41000366210938
2024-03-26,253.88999938964844,254.7899932861328,253.38999938964844,253.72000122070312
2024-03-27,253.6999969482422,254.1999969482422,250.3300018310547,252.14999389648438
2024-03-28,251.13999938964844,252.85000610351562,251.13999938964844,251.67999267578125
2024-04-01,242.85000610351562,242.86000061035156,240.22000122070312,242.14999389648438
2024-04-02,239.0,240.24000549316406,237.9600067138672,239.88999938964844
2024-04-03,239.5,242.4499969482422,239.5,241.77999877929688
2024-04-04,243.1999969482422,243.6699981689453,239.02000427246094,239.16000366210938
2024-04-05,239.0,241.8300018310547,238.5800018310547,240.74000549316406
2024-04-08,243.39999389648438,245.83999633789062,243.3300018310547,244.2100067138672
2024-04-09,247.86000061035156,248.47000122070312,245.67999267578125,246.92999267578125
2024-04-10,246.0,246.1199951171875,243.86000061035156,244.7899932861328
2024-04-11,246.5,247.14999389648438,244.47000122070312,246.99000549316406
2024-04-12,245.00999450683594,245.27000427246094,242.6300048828125,242.97000122070312
2024-04-15,245.7100067138672,246.07000732421875,241.3300018310547,241.6699981689453
2024-04-16,236.2899932861328,237.3699951171875,234.63999938964844,236.52000427246094
2024-04-17,234.58999633789062,235.2899932861328,233.00999450683594,233.97000122070312
2024-04-18,233.72999572753906,234.11000061035156,231.6999969482422,231.83999633789062
2024-04-19,229.5,229.7899932861328,227.3800048828125,228.72000122070312
2024-04-22,228.17999267578125,231.14999389648438,227.8800048828125,230.3000030517578
2024-04-23,228.10000610351562,230.63999938964844,227.82000732421875,230.41000366210938
2024-04-24,232.85000610351562,233.99000549316406,231.8300018310547,232.8800048828125
2024-04-25,223.0,225.49000549316406,222.38999938964844,225.36000061035156
2024-04-26,225.0,226.97999572753906,224.57000732421875,226.7100067138672
2024-04-29,228.0,228.4499969482422,227.17999267578125,227.94000244140625
2024-04-30,229.94000244140625,229.94000244140625,227.0,227.30999755859375
2024-05-01,228.30999755859375,228.83999633789062,226.55999755859375,226.8300018310547
2024-05-02,230.3000030517578,231.41000366210938,229.3699951171875,230.8000030517578
2024-05-03,232.05999755859375,233.35000610351562,231.36000061035156,232.8699951171875
2024-05-06,233.6199951171875,235.67999267578125,233.57000732421875,235.60000610351562
2024-05-07,233.27999877929688,233.27999877929688,230.91000366210938,231.25999450683594
2024-05-08,231.1199951171875,232.42999267578125,227.0,231.77999877929688
2024-05-09,227.50999450683594,228.02999877929688,226.72999572753906,227.24000549316406
2024-05-10,220.92999267578125,221.05999755859375,218.13999938964844,218.77999877929688
2024-05-13,217.10000610351562,217.1300048828125,215.3000030517578,215.63999938964844
2024-05-14,216.5,217.61000061035156,216.2100067138672,217.1199951171875
2024-05-15,218.89999389648438,219.94000244140625,218.3000030517578,219.5500030517578
2024-05-16,216.83999633789062,217.0399932861328,215.60000610351562,215.6300048828125
2024-05-17,219.92999267578125,220.4199981689453,219.08999633789062,219.75999450683594
2024-05-20,220.30999755859375,221.08999633789062,219.89999389648438,220.5
2024-05-21,219.8000030517578,220.44000244140625,219.19000244140625,219.36000061035156
2024-05-22,217.47000122070312,217.61000061035156,216.27999877929688,216.6300048828125
2024-05-23,218.08999633789062,218.08999633789062,214.30999755859375,214.72000122070312
2024-05-24,216.10000610351562,217.02000427246094,215.9499969482422,216.83999633789062
2024-05-28,219.0,219.52999877929688,217.41000366210938,218.72000122070312
2024-05-29,215.3699951171875,215.3699951171875,213.74000549316406,213.9499969482422
2024-05-30,213.52000427246094,214.91000366210938,213.2899932861328,214.1699981689453
2024-05-31,216.88999938964844,217.50999450683594,215.5399932861328,217.50999450683594
2024-06-03,212.2899932861328,213.5399932861328,211.17999267578125,212.1699981689453
2024-06-04,211.0,211.33999633789062,210.0399932861328,210.3800048828125
2024-06-05,208.0,208.57000732421875,206.2899932861328,208.3300018310547
2024-06-06,209.58999633789062,210.94000244140625,209.27999877929688,210.0399932861328
2024-06-07,206.5,207.6999969482422,206.1999969482422,206.36000061035156
2024-06-10,207.5,208.61000061035156,207.27999877929688,208.02000427246094
2024-06-11,206.5,207.0,204.5,205.30999755859375
2024-06-12,207.52000427246094,207.52000427246094,205.5800018310547,205.64999389648438
2024-06-13,200.25,200.3800048828125,198.17999267578125,199.35000610351562
2024-06-14,196.5,197.7899932861328,195.4199981689453,197.1300048828125
2024-06-17,193.1999969482422,195.6699981689453,193.1999969482422,195.1999969482422
2024-06-18,193.88999938964844,194.72999572753906,193.4499969482422,194.13999938964844
2024-06-20,194.0,194.74000549316406,193.30999755859375,194.5399932861328
2024-06-21,193.6999969482422,194.1999969482422,193.3800048828125,193.5800018310547
2024-06-24,197.5,199.42999267578125,197.27000427246094,198.97999572753906
2024-06-25,205.5,206.61000061035156,205.1300048828125,206.22000122070312
2024-06-26,203.5500030517578,204.22000122070312,202.3800048828125,203.17999267578125
2024-06-27,203.39999389648438,204.94000244140625,203.33999633789062,203.8800048828125
2024-06-28,205.07000732421875,206.27000427246094,204.41000366210938,204.97000122070312
2024-07-01,204.8000030517578,205.1300048828125,203.2100067138672,203.7100067138672
2024-07-02,205.0,206.2100067138672,204.75,206.2100067138672
2024-07-03,205.8699951171875,206.30999755859375,205.1699981689453,206.25
2024-07-05,206.2899932861328,206.5500030517578,205.08999633789062,206.4499969482422
2024-07-08,204.72000122070312,205.6699981689453,204.3000030517578,204.94000244140625
2024-07-09,203.0,203.19000244140625,201.6699981689453,201.6699981689453
2024-07-10,204.6300048828125,206.17999267578125,203.77999877929688,205.8800048828125
2024-07-11,205.30999755859375,205.64999389648438,203.72999572753906,203.72999572753906
2024-07-12,206.52999877929688,208.86000061035156,206.02999877929688,207.58999633789062
2024-07-15,208.17999267578125,208.2100067138672,206.75999450683594,206.91000366210938
2024-07-16,206.22999572753906,206.80999755859375,205.67999267578125,206.60000610351562
2024-07-17,204.72999572753906,205.14999389648438,203.30999755859375,204.38999938964844
2024-07-18,201.92999267578125,202.22000122070312,199.5399932861328,199.85000610351562
2024-07-19,199.27999877929688,199.27999877929688,197.02999877929688,197.14999389648438
2024-07-22,198.6999969482422,200.14999389648438,198.1199951171875,200.13999938964844
2024-07-23,200.17999267578125,201.3300018310547,200.02999877929688,200.7899932861328
2024-07-24,199.7899932861328,199.7899932861328,197.0800018310547,197.1999969482422
2024-07-25,197.42999267578125,197.42999267578125,193.72999572753906,195.25
2024-07-26,190.74000549316406,192.83999633789062,190.50999450683594,192.52000427246094
2024-07-29,193.0,193.1999969482422,191.80999755859375,192.47999572753906
2024-07-30,194.9600067138672,195.47999572753906,192.27000427246094,193.11000061035156
2024-07-31,194.17999267578125,194.88999938964844,192.89999389648438,193.5500030517578
2024-08-01,181.57000732421875,184.67999267578125,178.57000732421875,179.07000732421875
2024-08-02,173.72000122070312,173.88999938964844,171.5,173.02000427246094
2024-08-05,160.88999938964844,170.9499969482422,159.0399932861328,168.35000610351562
2024-08-06,169.91000366210938,170.5,167.58999633789062,169.60000610351562
2024-08-07,171.61000061035156,172.60000610351562,167.05999755859375,167.17999267578125
2024-08-08,169.1699981689453,170.10000610351562,167.60000610351562,169.3699951171875
2024-08-09,167.49000549316406,169.47999572753906,166.75,168.58999633789062
2024-08-12,169.0,169.57000732421875,167.55999755859375,167.97000122070312
2024-08-13,171.0500030517578,172.66000366210938,170.77000427246094,172.38999938964844
2024-08-14,176.99000549316406,178.00999450683594,175.94000244140625,177.00999450683594
2024-08-15,181.92999267578125,182.32000732421875,180.77000427246094,181.7899932861328
2024-08-16,182.24000549316406,183.25999450683594,182.0,182.6699981689453
2024-08-19,183.52000427246094,183.8000030517578,182.72000122070312,183.6999969482422
2024-08-20,182.86000061035156,183.6300048828125,181.11000061035156,181.33999633789062
2024-08-21,184.16000366210938,184.3800048828125,182.8000030517578,183.6199951171875
2024-08-22,183.3699951171875,183.7100067138672,181.30999755859375,181.5
2024-08-23,184.08999633789062,186.0,183.5,185.08999633789062
2024-08-26,180.72999572753906,181.8300018310547,180.38999938964844,180.57000732421875
2024-08-27,185.36000061035156,186.35000610351562,185.25,185.75
2024-08-28,189.60000610351562,190.22999572753906,187.13999938964844,187.6699981689453
2024-08-29,188.11000061035156,189.14999389648438,187.35000610351562,187.77000427246094
2024-08-30,190.0,190.64999389648438,188.39999389648438,189.8000030517578
2024-09-03,187.8000030517578,189.6999969482422,185.60000610351562,186.14999389648438
2024-09-04,183.9199981689453,185.94000244140625,183.6199951171875,184.7100067138672
2024-09-05,182.7899932861328,183.41000366210938,181.77000427246094,182.8000030517578
2024-09-06,181.19000244140625,181.5500030517578,176.88999938964844,177.17999267578125
2024-09-09,175.60000610351562,177.08999633789062,174.5800018310547,176.0800018310547
2024-09-10,174.72999572753906,175.7899932861328,171.60000610351562,174.17999267578125
2024-09-11,172.38999938964844,174.85000610351562,170.50999450683594,174.69000244140625
2024-09-12,175.55999755859375,177.1999969482422,174.30999755859375,176.17999267578125
2024-09-13,174.99000549316406,176.17999267578125,174.86000061035156,175.38999938964844
2024-09-16,175.7100067138672,176.61000061035156,175.07000732421875,176.22999572753906
2024-09-17,172.3800048828125,174.58999633789062,171.32000732421875,173.14999389648438
2024-09-18,175.66000366210938,178.52000427246094,175.66000366210938,176.7100067138672
2024-09-19,184.2899932861328,184.67999267578125,183.0,183.47000122070312
2024-09-20,184.5800018310547,184.9199981689453,182.5399932861328,184.07000732421875
2024-09-23,184.75,185.80999755859375,184.1300048828125,185.39999389648438
2024-09-24,183.11000061035156,184.8699951171875,183.11000061035156,183.52999877929688
2024-09-25,184.00999450683594,184.83999633789062,183.5,184.16000366210938
2024-09-26,188.5500030517578,190.44000244140625,188.47000122070312,189.36000061035156
2024-09-27,184.3699951171875,185.19000244140625,181.6999969482422,182.82000732421875
2024-09-30,179.44000244140625,179.82000732421875,177.3699951171875,178.57000732421875
2024-10-01,179.97999572753906,179.97999572753906,176.8699951171875,178.05999755859375
2024-10-02,179.0,180.61000061035156,178.5500030517578,180.5
2024-10-03,176.9199981689453,176.9199981689453,175.38999938964844,176.1699981689453
2024-10-04,178.3000030517578,180.50999450683594,177.9600067138672,180.02000427246094
2024-10-07,177.7899932861328,178.22000122070312,176.86000061035156,177.32000732421875
2024-10-08,175.72999572753906,176.99000549316406,174.64999389648438,175.75999450683594
2024-10-09,172.8800048828125,174.36000061035156,171.8000030517578,173.99000549316406
2024-10-10,172.83999633789062,174.5800018310547,172.75999450683594,174.35000610351562
2024-10-11,172.05999755859375,174.52000427246094,171.8000030517578,174.05999755859375
2024-10-14,174.22000122070312,175.38999938964844,174.0800018310547,175.10000610351562
2024-10-15,171.61000061035156,171.67999267578125,169.30999755859375,169.5500030517578
2024-10-16,170.75999450683594,171.8000030517578,170.50999450683594,171.5
2024-10-17,172.47999572753906,172.77000427246094,171.10000610351562,171.1999969482422
2024-10-18,171.6999969482422,171.92999267578125,170.69000244140625,171.52999877929688
2024-10-21,170.10000610351562,170.25999450683594,168.66000366210938,169.1699981689453
2024-10-22,169.5800018310547,170.3000030517578,169.2899932861328,169.92999267578125
2024-10-23,172.0,172.36000061035156,170.3300018310547,171.3300018310547
2024-10-24,170.3699951171875,171.39999389648438,169.3000030517578,170.42999267578125
2024-10-25,171.89999389648438,173.0,171.58999633789062,172.0
2024-10-28,175.6999969482422,176.8800048828125,175.30999755859375,176.6300048828125
2024-10-29,176.5,177.14999389648438,175.63999938964844,176.02999877929688
2024-10-30,176.25,176.3300018310547,175.1999969482422,175.2100067138672
2024-10-31,174.63999938964844,174.63999938964844,172.1999969482422,173.02000427246094
2024-11-01,172.67999267578125,173.69000244140625,172.27000427246094,172.8300018310547
2024-11-04,173.0,173.88999938964844,172.2899932861328,172.6999969482422
2024-11-05,173.00999450683594,174.80999755859375,172.63999938964844,174.72999572753906
2024-11-06,175.25,176.0,172.02000427246094,175.14999389648438
2024-11-07,179.0,179.67999267578125,177.25999450683594,178.4499969482422
2024-11-08,174.35000610351562,174.5399932861328,171.8000030517578,172.02999877929688
2024-11-11,172.47999572753906,174.8000030517578,172.47999572753906,174.10000610351562
2024-11-12,175.83999633789062,176.72000122070312,173.86000061035156,174.99000549316406
2024-11-13,172.30999755859375,172.9199981689453,171.2899932861328,172.35000610351562
2024-11-14,173.27000427246094,174.63999938964844,173.00999450683594,173.47999572753906
2024-11-15,173.22999572753906,173.5500030517578,171.77999877929688,172.83999633789062
2024-11-18,173.0,175.82000732421875,172.83999633789062,174.77999877929688
2024-11-19,175.1999969482422,176.08999633789062,175.0,175.38999938964844
2024-11-20,173.77000427246094,174.2100067138672,171.77000427246094,172.91000366210938
2024-11-21,173.0500030517578,174.25999450683594,172.97999572753906,173.3800048828125
2024-11-22,172.75,174.77999877929688,172.63999938964844,174.39999389648438
2024-11-25,175.8699951171875,176.55999755859375,175.1699981689453,175.8300018310547
2024-11-26,173.1999969482422,173.42999267578125,172.30999755859375,172.52000427246094
2024-11-27,170.0800018310547,170.35000610351562,169.1199951171875,169.72000122070312
2024-11-29,169.8000030517578,170.6300048828125,169.4199981689453,170.6300048828125
2024-12-02,173.35000610351562,176.13999938964844,173.16000366210938,175.80999755859375
2024-12-03,176.6999969482422,176.75999450683594,175.57000732421875,176.0
2024-12-04,176.25,176.25,174.25,174.77999877929688
2024-12-05,175.5800018310547,176.14999389648438,174.39999389648438,174.39999389648438
2024-12-06,175.86000061035156,176.24000549316406,175.2899932861328,175.9499969482422
2024-12-09,176.35000610351562,178.60000610351562,176.2100067138672,177.00999450683594
2024-12-10,177.00999450683594,177.35000610351562,175.33999633789062,175.7100067138672
2024-12-11,177.3000030517578,178.44000244140625,176.47999572753906,178.14999389648438
2024-12-12,177.94000244140625,178.58999633789062,176.82000732421875,176.89999389648438
2024-12-13,176.1699981689453,176.27000427246094,175.0500030517578,175.86000061035156
2024-12-16,174.57000732421875,174.97000122070312,173.85000610351562,174.25
2024-12-17,174.0,174.6300048828125,173.27999877929688,173.27999877929688
2024-12-18,177.3300018310547,179.3699951171875,173.5500030517578,173.6199951171875
2024-12-19,174.86000061035156,175.8000030517578,173.77000427246094,174.2100067138672
2024-12-20,175.83999633789062,179.9199981689453,175.83999633789062,178.1699981689453
2024-12-23,179.1199951171875,180.6199951171875,177.97000122070312,180.4499969482422
2024-12-24,181.0,181.72000122070312,180.8300018310547,181.42999267578125
2024-12-26,195.97000122070312,198.0,193.1300048828125,197.36000061035156
2024-12-27,200.36000061035156,201.0,198.17999267578125,199.52000427246094
2024-12-30,198.0,198.0,195.61000061035156,195.66000366210938
2024-12-31,195.35000610351562,196.57000732421875,193.94000244140625,194.61000061035156
2025-01-02,194.39999389648438,194.8000030517578,192.0,193.1199951171875
2025-01-03,194.19000244140625,195.5,193.22999572753906,195.25
2025-01-06,193.0,193.27000427246094,189.83999633789062,190.38999938964844
2025-01-07,194.58999633789062,194.97000122070312,192.4199981689453,193.1199951171875
2025-01-08,192.9600067138672,193.02000427246094,191.52000427246094,192.5500030517578
2025-01-10,185.69000244140625,186.35000610351562,183.42999267578125,183.47000122070312
2025-01-13,182.24000549316406,183.5,181.47999572753906,183.25
2025-01-14,185.55999755859375,185.94000244140625,184.5800018310547,185.41000366210938
2025-01-15,186.27999877929688,186.63999938964844,183.99000549316406,184.83999633789062
2025-01-16,181.52000427246094,182.35000610351562,181.25,181.47999572753906
2025-01-17,180.25999450683594,181.38999938964844,179.72000122070312,180.77999877929688
2025-01-21,184.4600067138672,186.92999267578125,184.4600067138672,186.92999267578125
2025-01-22,187.0,187.5,186.39999389648438,186.52000427246094
2025-01-23,186.00999450683594,186.6999969482422,185.0500030517578,186.27000427246094
2025-01-24,185.97999572753906,187.4600067138672,185.39999389648438,186.61000061035156
2025-01-27,186.8000030517578,187.05999755859375,185.82000732421875,186.5
2025-01-28,186.14999389648438,186.39999389648438,184.14999389648438,185.2899932861328
2025-01-29,187.6199951171875,188.0399932861328,186.47999572753906,186.97999572753906
2025-01-30,190.94000244140625,191.72000122070312,189.77000427246094,190.97000122070312
2025-01-31,191.5,191.83999633789062,188.2899932861328,188.92999267578125
2025-02-03,182.6199951171875,185.86000061035156,181.13999938964844,183.64999389648438
2025-02-04,186.57000732421875,187.55999755859375,185.80999755859375,187.55999755859375
2025-02-05,194.13999938964844,196.6199951171875,192.39999389648438,195.35000610351562
2025-02-06,191.25,191.60000610351562,189.66000366210938,190.5
2025-02-07,187.13999938964844,187.6999969482422,183.32000732421875,183.97999572753906
2025-02-10,185.9600067138672,186.3699951171875,184.77999877929688,185.05999755859375
2025-02-11,184.17999267578125,186.25999450683594,184.17999267578125,185.74000549316406
2025-02-12,181.9499969482422,183.52000427246094,181.52999877929688,182.69000244140625
2025-02-13,183.85000610351562,185.14999389648438,183.4600067138672,184.00999450683594
2025-02-14,185.0,185.74000549316406,183.4600067138672,184.24000549316406
2025-02-18,184.47000122070312,184.72000122070312,183.72000122070312,184.07000732421875
2025-02-19,181.3000030517578,181.30999755859375,179.60000610351562,180.10000610351562
2025-02-20,180.5,180.7899932861328,179.3800048828125,180.67999267578125
2025-02-21,180.1699981689453,180.1699981689453,176.94000244140625,177.11000061035156
2025-02-24,177.57000732421875,177.8000030517578,176.0,176.6199951171875
2025-02-25,180.6999969482422,180.92999267578125,178.13999938964844,179.4600067138672
2025-02-26,181.69000244140625,183.05999755859375,181.16000366210938,181.2100067138672
2025-02-27,185.00999450683594,185.6999969482422,182.25,182.27999877929688
2025-02-28,179.69000244140625,181.52999877929688,179.1199951171875,181.47999572753906
2025-03-03,188.3300018310547,189.11000061035156,182.83999633789062,183.7899932861328
2025-03-04,182.52000427246094,183.0,178.32000732421875,180.66000366210938
2025-03-05,190.4499969482422,192.9199981689453,189.58999633789062,192.35000610351562
2025-03-06,188.50999450683594,189.9199981689453,186.9499969482422,187.50999450683594
2025-03-07,189.58999633789062,190.5,187.44000244140625,190.17999267578125
2025-03-10,190.0399932861328,190.89999389648438,186.75999450683594,188.35000610351562
2025-03-11,185.69000244140625,186.19000244140625,183.0,184.52999877929688
2025-03-12,186.52999877929688,186.52999877929688,184.52999877929688,185.64999389648438
2025-03-13,183.8000030517578,184.8699951171875,182.27999877929688,182.97000122070312
2025-03-14,185.75,186.8800048828125,185.33999633789062,186.6699981689453
2025-03-17,186.5399932861328,189.5,186.44000244140625,188.41000366210938
2025-03-18,189.89999389648438,191.0,188.94000244140625,190.1999969482422
2025-03-19,192.47999572753906,193.72000122070312,191.75999450683594,193.13999938964844
2025-03-20,190.41000366210938,192.64999389648438,190.1999969482422,192.1699981689453
2025-03-21,190.0,191.6199951171875,189.47999572753906,190.6999969482422
2025-03-24,191.39999389648438,192.7100067138672,191.39999389648438,192.47000122070312
2025-03-25,192.77999877929688,193.5,191.92999267578125,193.00999450683594
2025-03-26,191.6999969482422,191.6999969482422,189.0800018310547,189.27999877929688
2025-03-27,184.5,185.22999572753906,182.52000427246094,183.97999572753906
2025-03-28,180.19000244140625,181.61000061035156,177.7899932861328,179.07000732421875
2025-03-31,175.75,177.2899932861328,174.66000366210938,176.52999877929688
2025-04-01,175.8000030517578,175.8000030517578,173.3699951171875,174.4199981689453
2025-04-02,176.11000061035156,178.3000030517578,175.24000549316406,177.30999755859375
2025-04-03,170.49000549316406,171.5399932861328,167.5,168.07000732421875
2025-04-04,159.99000549316406,161.44000244140625,156.72999572753906,158.6300048828125
2025-04-07,155.25,166.11000061035156,155.0,160.33999633789062
2025-04-08,167.27000427246094,167.86000061035156,157.61000061035156,159.32000732421875
2025-04-09,160.91000366210938,174.47999572753906,160.0,174.13999938964844
2025-04-10,169.4499969482422,169.67999267578125,163.7100067138672,167.22000122070312
2025-04-11,167.44000244140625,170.0,165.86000061035156,169.4199981689453
2025-04-14,169.11000061035156,173.07000732421875,168.92999267578125,172.0
2025-04-15,174.5500030517578,176.5,173.94000244140625,174.24000549316406
2025-04-16,175.64999389648438,177.47000122070312,173.72000122070312,175.10000610351562
2025-04-17,175.33999633789062,177.82000732421875,175.33999633789062,176.3800048828125
2025-04-21,175.52999877929688,175.6999969482422,172.66000366210938,174.52000427246094
2025-04-22,176.64999389648438,179.0,176.58999633789062,178.6999969482422
2025-04-23,182.5,184.05999755859375,181.25999450683594,181.42999267578125
2025-04-24,185.49000549316406,186.82000732421875,183.64999389648438,186.61000061035156
2025-04-25,188.07000732421875,188.4600067138672,186.00999450683594,188.2100067138672
2025-04-28,193.89999389648438,194.5399932861328,192.3800048828125,193.1300048828125
2025-04-29,194.67999267578125,195.77999877929688,193.58999633789062,195.38999938964844
2025-04-30,189.91000366210938,191.74000549316406,188.5500030517578,191.22000122070312
2025-05-01,191.22999572753906,191.8699951171875,190.27000427246094,190.5800018310547
2025-05-02,192.97000122070312,192.97000122070312,190.72000122070312,192.24000549316406
2025-05-05,192.08999633789062,193.8800048828125,192.08999633789062,192.47999572753906
2025-05-06,192.17999267578125,193.6699981689453,191.85000610351562,192.42999267578125
2025-05-07,189.82000732421875,190.22999572753906,188.3800048828125,188.89999389648438
2025-05-08,185.82000732421875,191.41000366210938,185.5399932861328,187.9199981689453
2025-05-09,186.44000244140625,187.82000732421875,186.10000610351562,187.52999877929688
2025-05-12,190.97000122070312,192.91000366210938,190.6999969482422,192.32000732421875
2025-05-13,192.75,194.3300018310547,192.22000122070312,193.97000122070312
2025-05-14,188.1699981689453,188.61000061035156,186.49000549316406,187.0
2025-05-15,182.3000030517578,183.80999755859375,181.9499969482422,183.4499969482422
2025-05-16,182.5800018310547,183.6300048828125,182.19000244140625,183.19000244140625
2025-05-19,183.19000244140625,185.32000732421875,183.0500030517578,185.32000732421875
2025-05-20,186.14999389648438,186.4199981689453,185.41000366210938,186.36000061035156
2025-05-21,185.72000122070312,186.6999969482422,184.30999755859375,184.47000122070312
2025-05-22,181.99000549316406,183.75999450683594,181.1300048828125,182.82000732421875
2025-05-23,181.25,182.33999633789062,180.66000366210938,182.3000030517578
2025-05-27,185.0399932861328,186.9499969482422,185.0399932861328,186.67999267578125
2025-05-28,183.0,183.8300018310547,182.44000244140625,182.8800048828125
2025-05-29,186.47999572753906,186.99000549316406,184.8699951171875,186.11000061035156
2025-05-30,190.13999938964844,191.3000030517578,189.3000030517578,190.57000732421875
2025-06-02,187.8000030517578,189.13999938964844,187.8000030517578,189.13999938964844
2025-06-03,189.0,192.4499969482422,188.60000610351562,191.39999389648438
2025-06-04,189.5399932861328,190.16000366210938,187.9600067138672,187.9600067138672
2025-06-05,185.44000244140625,185.9499969482422,183.6199951171875,184.39999389648438
2025-06-06,184.94000244140625,185.66000366210938,184.69000244140625,185.13999938964844
2025-06-09,183.63999938964844,184.3300018310547,183.02000427246094,183.94000244140625
2025-06-10,184.0,185.3300018310547,183.42999267578125,185.25
2025-06-11,184.27000427246094,184.5800018310547,182.61000061035156,182.61000061035156
2025-06-12,182.25,182.39999389648438,181.32000732421875,181.99000549316406
2025-06-13,178.5,179.97999572753906,178.1699981689453,178.75
2025-06-16,178.02999877929688,179.33999633789062,177.6699981689453,177.6699981689453
2025-06-17,175.52000427246094,175.52000427246094,173.4499969482422,173.9499969482422
2025-06-18,176.4499969482422,177.44000244140625,175.58999633789062,175.58999633789062
2025-06-20,173.3000030517578,173.36000061035156,171.88999938964844,172.39999389648438
2025-06-23,170.0500030517578,171.0500030517578,169.1999969482422,170.8800048828125
2025-06-24,171.8000030517578,172.38999938964844,171.50999450683594,171.5800018310547
2025-06-25,169.9199981689453,170.02999877929688,169.07000732421875,169.14999389648438
2025-06-26,170.10000610351562,170.91000366210938,169.6199951171875,170.6300048828125
2025-06-27,175.47999572753906,176.72000122070312,174.89999389648438,175.74000549316406
2025-06-30,172.67999267578125,173.52000427246094,171.6999969482422,172.25999450683594
2025-07-01,170.8000030517578,173.16000366210938,170.66000366210938,171.5399932861328
2025-07-02,171.44000244140625,172.2899932861328,171.11000061035156,172.00999450683594
2025-07-03,174.38999938964844,175.25,174.00999450683594,174.88999938964844
2025-07-07,170.1999969482422,170.6999969482422,167.17999267578125,167.86000061035156
2025-07-08,168.60000610351562,170.32000732421875,168.60000610351562,170.1999969482422
2025-07-09,170.19000244140625,170.6199951171875,169.35000610351562,170.5399932861328
2025-07-10,169.50999450683594,170.91000366210938,169.50999450683594,170.38999938964844
2025-07-11,170.25999450683594,170.55999755859375,169.75,170.25999450683594
2025-07-14,171.24000549316406,172.32000732421875,171.07000732421875,172.13999938964844
2025-07-15,171.89999389648438,171.97999572753906,170.02000427246094,170.02000427246094
2025-07-16,169.02000427246094,169.88999938964844,168.0399932861328,169.8800048828125
2025-07-17,169.0,170.64999389648438,169.0,170.47999572753906
2025-07-18,170.10000610351562,170.16000366210938,168.50999450683594,168.64999389648438
2025-07-21,169.9199981689453,171.02000427246094,169.44000244140625,170.02999877929688
2025-07-22,169.5399932861328,170.0,169.25999450683594,169.99000549316406
2025-07-23,191.05999755859375,193.19000244140625,190.63999938964844,193.17999267578125
2025-07-24,192.86000061035156,193.25999450683594,191.52000427246094,191.66000366210938
2025-07-25,188.74000549316406,188.8699951171875,187.11000061035156,188.49000549316406
2025-07-28,188.4600067138672,188.4600067138672,187.0,187.17999267578125
2025-07-29,185.0,185.25999450683594,183.85000610351562,184.27000427246094
2025-07-30,184.2100067138672,184.4499969482422,182.1999969482422,182.75
2025-07-31,180.22999572753906,180.7899932861328,178.6699981689453,178.97000122070312
2025-08-01,180.94000244140625,180.94000244140625,177.77000427246094,179.69000244140625
2025-08-04,181.22999572753906,182.3800048828125,181.22999572753906,182.30999755859375
2025-08-05,182.25,182.85000610351562,181.19000244140625,181.5
2025-08-06,184.72999572753906,185.17999267578125,183.6199951171875,183.99000549316406
2025-08-07,181.86000061035156,182.99000549316406,180.5399932861328,181.49000549316406
2025-08-08,187.3800048828125,189.22999572753906,187.22999572753906,188.63999938964844
2025-08-11,188.67999267578125,190.02000427246094,187.92999267578125,189.1300048828125
2025-08-12,193.17999267578125,194.4199981689453,192.91000366210938,193.97000122070312
2025-08-13,193.64999389648438,194.6300048828125,193.64999389648438,194.39999389648438
2025-08-14,191.11000061035156,192.5800018310547,190.6699981689453,192.47999572753906
2025-08-15,194.42999267578125,194.8000030517578,193.38999938964844,193.66000366210938
2025-08-18,196.0,197.8800048828125,195.6699981689453,197.8300018310547
2025-08-19,198.4499969482422,199.67999267578125,198.32000732421875,198.60000610351562
2025-08-20,199.0500030517578,199.52000427246094,198.63999938964844,199.19000244140625
2025-08-21,196.6300048828125,197.3300018310547,196.49000549316406,197.27000427246094
2025-08-22,198.5,201.8000030517578,198.5,201.3699951171875
2025-08-25,199.4499969482422,199.99000549316406,198.2100067138672,198.3699951171875
2025-08-26,196.1999969482422,197.3699951171875,196.02000427246094,197.35000610351562
2025-08-27,195.86000061035156,196.74000549316406,195.52999877929688,196.74000549316406
2025-08-28,198.08999633789062,198.72000122070312,197.72999572753906,198.25
2025-08-29,194.22000122070312,195.08999633789062,194.02999877929688,194.57000732421875
2025-09-02,192.1699981689453,193.57000732421875,191.7899932861328,193.57000732421875
2025-09-03,192.55999755859375,193.3300018310547,192.47000122070312,193.00999450683594
2025-09-04,195.57000732421875,197.8699951171875,195.57000732421875,197.63999938964844
2025-09-05,199.99000549316406,200.97999572753906,198.8800048828125,199.6199951171875
2025-09-08,201.49000549316406,202.85000610351562,200.27999877929688,202.7899932861328
2025-09-09,200.19000244140625,201.3699951171875,199.61000061035156,200.8000030517578
2025-09-10,197.69000244140625,198.7100067138672,197.02000427246094,197.3800048828125
2025-09-11,196.25,197.77999877929688,196.00999450683594,197.6300048828125
2025-09-12,195.75999450683594,196.35000610351562,195.4199981689453,196.1300048828125
2025-09-15,197.3800048828125,197.47000122070312,196.7100067138672,197.27999877929688
2025-09-16,199.91000366210938,199.9199981689453,198.72000122070312,198.77999877929688
2025-09-17,200.5399932861328,202.8699951171875,200.4600067138672,201.3800048828125
2025-09-18,199.63999938964844,200.74000549316406,199.24000549316406,200.47000122070312
2025-09-19,199.41000366210938,199.92999267578125,198.72999572753906,198.9499969482422
2025-09-22,200.0,200.8699951171875,199.82000732421875,200.67999267578125
2025-09-23,201.08999633789062,202.3699951171875,200.66000366210938,200.66000366210938
2025-09-24,198.02999877929688,198.67999267578125,197.6199951171875,198.08999633789062
2025-09-25,197.69000244140625,197.99000549316406,196.92999267578125,197.27999877929688
2025-09-26,197.63999938964844,199.02999877929688,197.63999938964844,198.10000610351562
2025-09-29,197.05999755859375,197.1699981689453,195.44000244140625,196.44000244140625
2025-09-30,192.85000610351562,193.14999389648438,190.72999572753906,191.08999633789062
2025-10-01,192.38999938964844,193.14999389648438,191.3300018310547,191.8300018310547
2025-10-02,191.80999755859375,191.80999755859375,190.02000427246094,190.52000427246094
2025-10-03,192.66000366210938,194.9499969482422,192.66000366210938,194.58999633789062
2025-10-06,198.74000549316406,199.47999572753906,198.32000732421875,199.17999267578125
2025-10-07,200.5500030517578,200.89999389648438,199.47999572753906,199.88999938964844
2025-10-08,197.49000549316406,198.6999969482422,197.07000732421875,198.2100067138672
2025-10-09,193.6999969482422,193.99000549316406,192.1699981689453,192.3300018310547
2025-10-10,189.38999938964844,190.89999389648438,185.0,185.22000122070312
2025-10-13,187.44000244140625,188.39999389648438,186.97000122070312,187.8800048828125
2025-10-14,188.1699981689453,191.86000061035156,187.63999938964844,191.74000549316406
2025-10-15,193.49000549316406,194.60000610351562,192.8300018310547,194.3300018310547
2025-10-16,195.41000366210938,195.85000610351562,194.3000030517578,195.41000366210938
2025-10-17,196.0500030517578,198.13999938964844,195.75999450683594,197.8300018310547
2025-10-20,199.91000366210938,200.5,199.2100067138672,200.11000061035156
2025-10-21,199.52999877929688,203.14999389648438,198.8000030517578,201.9499969482422
2025-10-22,203.8699951171875,205.0,202.42999267578125,203.50999450683594
2025-10-23,202.72999572753906,204.1199951171875,202.72999572753906,204.05999755859375
2025-10-24,205.19000244140625,205.8000030517578,204.88999938964844,205.3699951171875
2025-10-27,209.75999450683594,209.99000549316406,208.9600067138672,209.22000122070312
2025-10-28,209.3300018310547,211.24000549316406,208.85000610351562,211.24000549316406
2025-10-29,207.02999877929688,208.0,206.3699951171875,207.08999633789062
2025-10-30,207.27999877929688,208.72999572753906,207.1199951171875,207.2100067138672
2025-10-31,204.60000610351562,205.4199981689453,203.49000549316406,204.19000244140625
2025-11-03,204.19000244140625,206.25,203.36000061035156,205.72000122070312
2025-11-04,204.9199981689453,205.41000366210938,203.88999938964844,203.88999938964844
2025-11-05,200.0,202.47000122070312,197.97000122070312,199.14999389648438
2025-11-06,203.99000549316406,204.1999969482422,201.5,202.94000244140625
2025-11-07,202.52000427246094,202.9600067138672,201.27999877929688,201.97999572753906
2025-11-10,202.8300018310547,204.77000427246094,201.94000244140625,203.94000244140625
2025-11-11,204.39999389648438,206.14999389648438,203.1999969482422,205.99000549316406
2025-11-12,207.0,208.32000732421875,206.55999755859375,207.2899932861328
2025-11-13,206.0,206.25,203.1699981689453,203.25999450683594
2025-11-14,204.5500030517578,205.6199951171875,204.02000427246094,204.0800018310547
2025-11-17,200.02000427246094,201.1999969482422,198.1199951171875,199.0
2025-11-18,195.5500030517578,196.94000244140625,194.99000549316406,195.9600067138672
2025-11-19,195.72000122070312,197.50999450683594,195.7100067138672,196.77999877929688
2025-11-20,194.1699981689453,195.6300048828125,191.24000549316406,191.25
2025-11-21,196.7899932861328,198.69000244140625,196.07000732421875,197.6199951171875
2025-11-24,198.3800048828125,200.0399932861328,198.0800018310547,199.05999755859375
2025-11-25,197.1300048828125,201.1199951171875,197.0,200.25999450683594
2025-11-26,200.77999877929688,202.8800048828125,200.77999877929688,202.44000244140625
2025-11-28,200.07000732421875,202.3300018310547,200.07000732421875,201.8699951171875
2025-12-01,199.1300048828125,200.02999877929688,198.75,199.22000122070312
2025-12-02,196.4499969482422,197.60000610351562,195.8300018310547,196.99000549316406
2025-12-03,193.0,196.1199951171875,192.7100067138672,195.44000244140625
2025-12-04,200.0,200.3300018310547,197.85000610351562,198.27000427246094
2025-12-05,196.0399932861328,197.1999969482422,196.0,196.55999755859375
2025-12-08,196.3699951171875,196.44000244140625,195.0,195.2100067138672
2025-12-09,196.32000732421875,197.74000549316406,196.27000427246094,196.33999633789062
2025-12-10,198.7899932861328,200.89999389648438,198.7899932861328,200.77999877929688
2025-12-11,201.99000549316406,203.88999938964844,201.7899932861328,203.55999755859375
2025-12-12,207.99000549316406,209.42999267578125,207.5,208.1199951171875
2025-12-15,215.25,216.42999267578125,214.42999267578125,214.80999755859375
2025-12-16,214.0,216.02999877929688,214.0,214.4199981689453
2025-12-17,214.60000610351562,216.14999389648438,214.17999267578125,214.24000549316406
2025-12-18,216.50999450683594,217.5,215.44000244140625,216.0800018310547
2025-12-19,219.25,220.55999755859375,219.11000061035156,219.3800048828125
2025-12-22,219.0800018310547,220.30999755859375,218.77999877929688,219.50999450683594
2025-12-23,218.8800048828125,219.50999450683594,218.02000427246094,219.24000549316406
2025-12-24,215.6999969482422,217.02999877929688,215.0,216.72999572753906
2025-12-26,216.3800048828125,217.13999938964844,215.9499969482422,216.6199951171875
2025-12-29,215.6699981689453,216.6699981689453,214.86000061035156,216.44000244140625
2025-12-30,215.8800048828125,216.10000610351562,214.85000610351562,214.85000610351562
