source,source_root,hardware_track,stage,logical_run_id,attempt_id,status,asset,model,horizon,seed,batch_id,execution_track,execution_device,gpu_model,protocol_version,authorization_commit,receipt_sha256,declared_hash_count,declared_artifacts,present_artifacts,missing_artifacts,artifact_bytes
stage_a_gpu,reproduction/results/phase1/calibration,RTX 8000 / GPU calibration,A_calibration,A01_BOND10Y_revin-DLinear_h24_s2021,A01_BOND10Y_revin-DLinear_h24_s2021__attempt-01,calibration_pass,BOND10Y,revin-DLinear,24,2021,,,cuda,,phase1-v1.1-2026-09-19,,82c5708a7937d093e5c4e5dd4dfb46c9d1eba3e008c333321c0fc1f7b9133cc6,5,checkpoint.pth;pred.npy;true.npy;metrics.npy;run.log,checkpoint.pth;pred.npy;true.npy;metrics.npy;run.log,,106931
stage_a_gpu,reproduction/results/phase1/calibration,RTX 8000 / GPU calibration,A_calibration,A02_BOND10Y_DeReFusion_h24_s2021,A02_BOND10Y_DeReFusion_h24_s2021__attempt-01,calibration_pass,BOND10Y,DeReFusion,24,2021,,,cuda,,phase1-v1.1-2026-09-19,,ee1c634a8e602dde50eda0fa0a6eb0edbdedb5ee3076d988d74cf1465823b465,5,checkpoint.pth;pred.npy;true.npy;metrics.npy;run.log,checkpoint.pth;pred.npy;true.npy;metrics.npy;run.log,,207611
stage_a_gpu,reproduction/results/phase1/calibration,RTX 8000 / GPU calibration,A_calibration,A03_BOND10Y_revin-PatchTST_h24_s2021,A03_BOND10Y_revin-PatchTST_h24_s2021__attempt-01,calibration_pass,BOND10Y,revin-PatchTST,24,2021,,,cuda,,phase1-v1.1-2026-09-19,,255c58eccd650d11050a63ae7a0103f29c5629c3ccd24b4afcf653dcd34e5eb9,5,checkpoint.pth;pred.npy;true.npy;metrics.npy;run.log,checkpoint.pth;pred.npy;true.npy;metrics.npy;run.log,,1878716
stage_a_gpu,reproduction/results/phase1/calibration,RTX 8000 / GPU calibration,A_calibration,A04_BOND10Y_revin-iTransformer_h24_s2021,A04_BOND10Y_revin-iTransformer_h24_s2021__attempt-01,calibration_pass,BOND10Y,revin-iTransformer,24,2021,,,cuda,,phase1-v1.1-2026-09-19,,2fee335b221b8222d7fea1152633b8b072eeb719f61aa1cab189ab934b859490,5,checkpoint.pth;pred.npy;true.npy;metrics.npy;run.log,checkpoint.pth;pred.npy;true.npy;metrics.npy;run.log,,1216726
stage_a_gpu,reproduction/results/phase1/calibration,RTX 8000 / GPU calibration,A_calibration,A05_BOND10Y_revin-TimesNet_h24_s2021,A05_BOND10Y_revin-TimesNet_h24_s2021__attempt-01,calibration_pass,BOND10Y,revin-TimesNet,24,2021,,,cuda,,phase1-v1.1-2026-09-19,,f3e2b8a93a70c3ace1be29cb632ea274f4e75f3869ec00263d9311d74ac3b918,5,checkpoint.pth;pred.npy;true.npy;metrics.npy;run.log,checkpoint.pth;pred.npy;true.npy;metrics.npy;run.log,,300784013
stage_a_gpu,reproduction/results/phase1/calibration,RTX 8000 / GPU calibration,A_calibration,A06_BONDETF_revin-DLinear_h24_s2021,A06_BONDETF_revin-DLinear_h24_s2021__attempt-01,calibration_pass,BONDETF,revin-DLinear,24,2021,,,cuda,,phase1-v1.1-2026-09-19,,d146d1c7d5d47c1fd0c1fd611270c4208661820259d1681ecdb4c59e2113c9e6,5,checkpoint.pth;pred.npy;true.npy;metrics.npy;run.log,checkpoint.pth;pred.npy;true.npy;metrics.npy;run.log,,122489
stage_a_gpu,reproduction/results/phase1/calibration,RTX 8000 / GPU calibration,A_calibration,A07_BONDETF_DeReFusion_h24_s2021,A07_BONDETF_DeReFusion_h24_s2021__attempt-01,calibration_pass,BONDETF,DeReFusion,24,2021,,,cuda,,phase1-v1.1-2026-09-19,,7db23c738aaf6f2be621270dcc80096385599fc807516a40b847dbe01ddebec1,5,checkpoint.pth;pred.npy;true.npy;metrics.npy;run.log,checkpoint.pth;pred.npy;true.npy;metrics.npy;run.log,,224016
stage_a_gpu,reproduction/results/phase1/calibration,RTX 8000 / GPU calibration,A_calibration,A08_BONDETF_revin-PatchTST_h24_s2021,A08_BONDETF_revin-PatchTST_h24_s2021__attempt-01,calibration_pass,BONDETF,revin-PatchTST,24,2021,,,cuda,,phase1-v1.1-2026-09-19,,bf13a5c46ccc40e1578d6c28a948a471e8d885b06276313d8671a084f00bf374,5,checkpoint.pth;pred.npy;true.npy;metrics.npy;run.log,checkpoint.pth;pred.npy;true.npy;metrics.npy;run.log,,1893010
stage_a_gpu,reproduction/results/phase1/calibration,RTX 8000 / GPU calibration,A_calibration,A09_BONDETF_revin-iTransformer_h24_s2021,A09_BONDETF_revin-iTransformer_h24_s2021__attempt-01,calibration_pass,BONDETF,revin-iTransformer,24,2021,,,cuda,,phase1-v1.1-2026-09-19,,0ae7ab8d251beaca5f4946a33fbbebb878c857b14d1f60b4942f2424d9d8480d,5,checkpoint.pth;pred.npy;true.npy;metrics.npy;run.log,checkpoint.pth;pred.npy;true.npy;metrics.npy;run.log,,1231178
stage_a_gpu,reproduction/results/phase1/calibration,RTX 8000 / GPU calibration,A_calibration,A10_BONDETF_revin-TimesNet_h24_s2021,A10_BONDETF_revin-TimesNet_h24_s2021__attempt-01,calibration_pass,BONDETF,revin-TimesNet,24,2021,,,cuda,,phase1-v1.1-2026-09-19,,395b8d4b73462e2bc4f81744243e6b37a1ea487b98a58954ca8ca95cca0d42fa,5,checkpoint.pth;pred.npy;true.npy;metrics.npy;run.log,checkpoint.pth;pred.npy;true.npy;metrics.npy;run.log,,300799218
stage_a_gpu,reproduction/results/phase1/calibration,RTX 8000 / GPU calibration,A_calibration,A11_CITICSEC_revin-DLinear_h24_s2021,A11_CITICSEC_revin-DLinear_h24_s2021__attempt-01,calibration_pass,CITICSEC,revin-DLinear,24,2021,,,cuda,,phase1-v1.1-2026-09-19,,4cd78416624b4f8e4e2d2661e48cc4ebd1c65bbc52dab6990eed656cec7241ec,5,checkpoint.pth;pred.npy;true.npy;metrics.npy;run.log,checkpoint.pth;pred.npy;true.npy;metrics.npy;run.log,,117379
stage_a_gpu,reproduction/results/phase1/calibration,RTX 8000 / GPU calibration,A_calibration,A12_CITICSEC_DeReFusion_h24_s2021,A12_CITICSEC_DeReFusion_h24_s2021__attempt-01,calibration_pass,CITICSEC,DeReFusion,24,2021,,,cuda,,phase1-v1.1-2026-09-19,,be85b805468a06d947a81389dd13a44fed19559cb8e009c5e15d0bf7224aa101,5,checkpoint.pth;pred.npy;true.npy;metrics.npy;run.log,checkpoint.pth;pred.npy;true.npy;metrics.npy;run.log,,223157
stage_a_gpu,reproduction/results/phase1/calibration,RTX 8000 / GPU calibration,A_calibration,A13_CITICSEC_revin-PatchTST_h24_s2021,A13_CITICSEC_revin-PatchTST_h24_s2021__attempt-01,calibration_pass,CITICSEC,revin-PatchTST,24,2021,,,cuda,,phase1-v1.1-2026-09-19,,46635f4e412eab1e8b446a4003467526cf9ef274453b454e221bb56113adaa35,5,checkpoint.pth;pred.npy;true.npy;metrics.npy;run.log,checkpoint.pth;pred.npy;true.npy;metrics.npy;run.log,,1892962
stage_a_gpu,reproduction/results/phase1/calibration,RTX 8000 / GPU calibration,A_calibration,A14_CITICSEC_revin-iTransformer_h24_s2021,A14_CITICSEC_revin-iTransformer_h24_s2021__attempt-01,calibration_pass,CITICSEC,revin-iTransformer,24,2021,,,cuda,,phase1-v1.1-2026-09-19,,eaa6c6594a7f79726f951a71ae60755b0313b536c22611f91b15ff9108c5d631,5,checkpoint.pth;pred.npy;true.npy;metrics.npy;run.log,checkpoint.pth;pred.npy;true.npy;metrics.npy;run.log,,1228168
stage_a_gpu,reproduction/results/phase1/calibration,RTX 8000 / GPU calibration,A_calibration,A15_CITICSEC_revin-TimesNet_h24_s2021,A15_CITICSEC_revin-TimesNet_h24_s2021__attempt-01,calibration_pass,CITICSEC,revin-TimesNet,24,2021,,,cuda,,phase1-v1.1-2026-09-19,,5dc5c3fe84640bf8ed8b5f9bb927da14bf2d0340fb8c1656e04536ed165681be,5,checkpoint.pth;pred.npy;true.npy;metrics.npy;run.log,checkpoint.pth;pred.npy;true.npy;metrics.npy;run.log,,300799023
stage_a_cpu,reproduction/results/phase1/calibration-cpu,CPU calibration,A_calibration,A01_BOND10Y_revin-DLinear_h24_s2021,A01_BOND10Y_revin-DLinear_h24_s2021,calibration_pass,BOND10Y,revin-DLinear,24,2021,,,cpu,,phase1-v1.1-2026-09-19,,32b4d0692f7991927a413beb88210d8bded59b95809e7bd596ec2ae2c79d1f0d,5,checkpoint.pth;pred.npy;true.npy;metrics.npy;run.log,checkpoint.pth;pred.npy;true.npy;metrics.npy;run.log,,106830
stage_a_cpu,reproduction/results/phase1/calibration-cpu,CPU calibration,A_calibration,A02_BOND10Y_DeReFusion_h24_s2021,A02_BOND10Y_DeReFusion_h24_s2021,calibration_pass,BOND10Y,DeReFusion,24,2021,,,cpu,,phase1-v1.1-2026-09-19,,6c5dd44c33e233b0d5d06a732e587cdc77808fd19fb10953578c104031a41049,5,checkpoint.pth;pred.npy;true.npy;metrics.npy;run.log,checkpoint.pth;pred.npy;true.npy;metrics.npy;run.log,,207662
stage_a_cpu,reproduction/results/phase1/calibration-cpu,CPU calibration,A_calibration,A03_BOND10Y_revin-PatchTST_h24_s2021,A03_BOND10Y_revin-PatchTST_h24_s2021,calibration_pass,BOND10Y,revin-PatchTST,24,2021,,,cpu,,phase1-v1.1-2026-09-19,,2853eb65f8930f46d33fee7f8abf8dff5e730c2dac2cf5e50944d323147a8690,5,checkpoint.pth;pred.npy;true.npy;metrics.npy;run.log,checkpoint.pth;pred.npy;true.npy;metrics.npy;run.log,,1878016
stage_a_cpu,reproduction/results/phase1/calibration-cpu,CPU calibration,A_calibration,A04_BOND10Y_revin-iTransformer_h24_s2021,A04_BOND10Y_revin-iTransformer_h24_s2021,calibration_pass,BOND10Y,revin-iTransformer,24,2021,,,cpu,,phase1-v1.1-2026-09-19,,347fb244c91fe0eb58c593ebbfcd3cb914a8320b71da8aa8d076fa0d1bb0c513,5,checkpoint.pth;pred.npy;true.npy;metrics.npy;run.log,checkpoint.pth;pred.npy;true.npy;metrics.npy;run.log,,1216054
stage_a_cpu,reproduction/results/phase1/calibration-cpu,CPU calibration,A_calibration,A05_BOND10Y_revin-TimesNet_h24_s2021,A05_BOND10Y_revin-TimesNet_h24_s2021,resource_blocked,BOND10Y,revin-TimesNet,24,2021,,,cpu,,phase1-v1.1-2026-09-19,,d33e7ffb6feea6a8667d6ae18a4f96f6aeeac944c3f640a7079d109e99974d39,1,run.log,run.log,,3551
stage_a_cpu,reproduction/results/phase1/calibration-cpu,CPU calibration,A_calibration,A06_BONDETF_revin-DLinear_h24_s2021,A06_BONDETF_revin-DLinear_h24_s2021,calibration_pass,BONDETF,revin-DLinear,24,2021,,,cpu,,phase1-v1.1-2026-09-19,,d0d17147951264ea16b01f8005e5c6cb8bf327a0062bded5c970735c7c5f56dd,5,checkpoint.pth;pred.npy;true.npy;metrics.npy;run.log,checkpoint.pth;pred.npy;true.npy;metrics.npy;run.log,,122400
stage_a_cpu,reproduction/results/phase1/calibration-cpu,CPU calibration,A_calibration,A07_BONDETF_DeReFusion_h24_s2021,A07_BONDETF_DeReFusion_h24_s2021,calibration_pass,BONDETF,DeReFusion,24,2021,,,cpu,,phase1-v1.1-2026-09-19,,7df586a7a413e266664ce4283428ffbd8ed15ddc473ab8a2baa9ed2b631a043a,5,checkpoint.pth;pred.npy;true.npy;metrics.npy;run.log,checkpoint.pth;pred.npy;true.npy;metrics.npy;run.log,,224549
stage_a_cpu,reproduction/results/phase1/calibration-cpu,CPU calibration,A_calibration,A08_BONDETF_revin-PatchTST_h24_s2021,A08_BONDETF_revin-PatchTST_h24_s2021,calibration_pass,BONDETF,revin-PatchTST,24,2021,,,cpu,,phase1-v1.1-2026-09-19,,b32e5cef9bc3e7f3baf7a2175c630acb3ae3e5f1b89038e7b2f9a657d037f99e,5,checkpoint.pth;pred.npy;true.npy;metrics.npy;run.log,checkpoint.pth;pred.npy;true.npy;metrics.npy;run.log,,1892778
stage_a_cpu,reproduction/results/phase1/calibration-cpu,CPU calibration,A_calibration,A09_BONDETF_revin-iTransformer_h24_s2021,A09_BONDETF_revin-iTransformer_h24_s2021,calibration_pass,BONDETF,revin-iTransformer,24,2021,,,cpu,,phase1-v1.1-2026-09-19,,0917a9f76613d59c95d21fde6f63decd122b30443e96abd5835a06ad12df042c,5,checkpoint.pth;pred.npy;true.npy;metrics.npy;run.log,checkpoint.pth;pred.npy;true.npy;metrics.npy;run.log,,1231568
stage_a_cpu,reproduction/results/phase1/calibration-cpu,CPU calibration,A_calibration,A10_BONDETF_revin-TimesNet_h24_s2021,A10_BONDETF_revin-TimesNet_h24_s2021,calibration_pass,BONDETF,revin-TimesNet,24,2021,,,cpu,,phase1-v1.1-2026-09-19,,e18acfaac328d2c3b6a1f3da015b57348d7a1b26f83a3dba80f7e8ca713277d4,5,checkpoint.pth;pred.npy;true.npy;metrics.npy;run.log,checkpoint.pth;pred.npy;true.npy;metrics.npy;run.log,,300798256
stage_a_cpu,reproduction/results/phase1/calibration-cpu,CPU calibration,A_calibration,A11_CITICSEC_revin-DLinear_h24_s2021,A11_CITICSEC_revin-DLinear_h24_s2021,calibration_pass,CITICSEC,revin-DLinear,24,2021,,,cpu,,phase1-v1.1-2026-09-19,,e60fcb299c167b0d27f5d37632428d35131c05a1327109718e81f80c73faa74a,5,checkpoint.pth;pred.npy;true.npy;metrics.npy;run.log,checkpoint.pth;pred.npy;true.npy;metrics.npy;run.log,,117198
stage_a_cpu,reproduction/results/phase1/calibration-cpu,CPU calibration,A_calibration,A12_CITICSEC_DeReFusion_h24_s2021,A12_CITICSEC_DeReFusion_h24_s2021,calibration_pass,CITICSEC,DeReFusion,24,2021,,,cpu,,phase1-v1.1-2026-09-19,,d539615fe55b8cc8ab724e6a8c7ac201e8ea460aeb2934b3d6d86b56ea8c6ff7,5,checkpoint.pth;pred.npy;true.npy;metrics.npy;run.log,checkpoint.pth;pred.npy;true.npy;metrics.npy;run.log,,223967
stage_a_cpu,reproduction/results/phase1/calibration-cpu,CPU calibration,A_calibration,A13_CITICSEC_revin-PatchTST_h24_s2021,A13_CITICSEC_revin-PatchTST_h24_s2021,calibration_pass,CITICSEC,revin-PatchTST,24,2021,,,cpu,,phase1-v1.1-2026-09-19,,eebbf6b1dba4188d6ac82d9002b2101f398d27aadf2ad4702e947c0a3a8d65fc,5,checkpoint.pth;pred.npy;true.npy;metrics.npy;run.log,checkpoint.pth;pred.npy;true.npy;metrics.npy;run.log,,1893290
stage_a_cpu,reproduction/results/phase1/calibration-cpu,CPU calibration,A_calibration,A14_CITICSEC_revin-iTransformer_h24_s2021,A14_CITICSEC_revin-iTransformer_h24_s2021,calibration_pass,CITICSEC,revin-iTransformer,24,2021,,,cpu,,phase1-v1.1-2026-09-19,,9ab0e7c338885f0ac48683930702dba533ab1350751ffb6b817a60b96d82ab18,5,checkpoint.pth;pred.npy;true.npy;metrics.npy;run.log,checkpoint.pth;pred.npy;true.npy;metrics.npy;run.log,,1227360
stage_b_p4,reproduction/results/phase1/p4-partial-20260929/attempts,P4; partial B_screen,B_screen,B_screen_AAPL_DeReFusion_h1_s2021,B_screen_AAPL_DeReFusion_h1_s2021__attempt-01,completed_unreviewed,,,,,,,cuda,,phase1-v1.1-2026-09-19,bf738b9c42104197ee6204f9bcbd223fe0b3c3e2,d498c5deafdd9a6106be3fc3a5a3b4a316d864cd4cb90a6c2b804ae93eeb9db2,5,checkpoint.pth;pred.npy;true.npy;metrics.npy;run.log,checkpoint.pth;pred.npy;true.npy;metrics.npy;run.log,,113905
stage_b_p4,reproduction/results/phase1/p4-partial-20260929/attempts,P4; partial B_screen,B_screen,B_screen_AAPL_DeReFusion_h24_s2021,B_screen_AAPL_DeReFusion_h24_s2021__attempt-01,completed_unreviewed,,,,,,,cuda,,phase1-v1.1-2026-09-19,bf738b9c42104197ee6204f9bcbd223fe0b3c3e2,11d43e38ab8d97ab77d670d86bec260082be5d1d32576249c24090ebb0f778da,5,checkpoint.pth;pred.npy;true.npy;metrics.npy;run.log,checkpoint.pth;pred.npy;true.npy;metrics.npy;run.log,,225019
stage_b_p4,reproduction/results/phase1/p4-partial-20260929/attempts,P4; partial B_screen,B_screen,B_screen_AAPL_revin-DLinear_h1_s2021,B_screen_AAPL_revin-DLinear_h1_s2021__attempt-01,completed_unreviewed,,,,,,,cuda,,phase1-v1.1-2026-09-19,bf738b9c42104197ee6204f9bcbd223fe0b3c3e2,68e9c5aca8d0136c574add752f787f92c821dee8d2f27927aeb37df879955cb6,5,checkpoint.pth;pred.npy;true.npy;metrics.npy;run.log,checkpoint.pth;pred.npy;true.npy;metrics.npy;run.log,,20666
stage_b_p4,reproduction/results/phase1/p4-partial-20260929/attempts,P4; partial B_screen,B_screen,B_screen_AAPL_revin-DLinear_h24_s2021,B_screen_AAPL_revin-DLinear_h24_s2021__attempt-01,completed_unreviewed,,,,,,,cuda,,phase1-v1.1-2026-09-19,bf738b9c42104197ee6204f9bcbd223fe0b3c3e2,764875fdfa4998df43cf34da595e9a0920f1b026746702a01bb4ff6e08bfbb93,5,checkpoint.pth;pred.npy;true.npy;metrics.npy;run.log,checkpoint.pth;pred.npy;true.npy;metrics.npy;run.log,,124878
stage_b_p4,reproduction/results/phase1/p4-partial-20260929/attempts,P4; partial B_screen,B_screen,B_screen_AAPL_revin-iTransformer_h1_s2021,B_screen_AAPL_revin-iTransformer_h1_s2021__attempt-01,completed_unreviewed,,,,,,,cuda,,phase1-v1.1-2026-09-19,bf738b9c42104197ee6204f9bcbd223fe0b3c3e2,ed1463edabc118bd67e2961fc020cb60288b7c027570da882f6afb0cf806bf8b,5,checkpoint.pth;pred.npy;true.npy;metrics.npy;run.log,checkpoint.pth;pred.npy;true.npy;metrics.npy;run.log,,1140817
stage_b_p4,reproduction/results/phase1/p4-partial-20260929/attempts,P4; partial B_screen,B_screen,B_screen_AAPL_revin-iTransformer_h24_s2021,B_screen_AAPL_revin-iTransformer_h24_s2021__attempt-01,completed_unreviewed,,,,,,,cuda,,phase1-v1.1-2026-09-19,bf738b9c42104197ee6204f9bcbd223fe0b3c3e2,e47f2a7dcfc4b9cea8b9c1d137b17a61526f68668098b5d7580c97840c3b4b89,5,checkpoint.pth;pred.npy;true.npy;metrics.npy;run.log,checkpoint.pth;pred.npy;true.npy;metrics.npy;run.log,,1234147
stage_b_p4,reproduction/results/phase1/p4-partial-20260929/attempts,P4; partial B_screen,B_screen,B_screen_AAPL_revin-PatchTST_h1_s2021,B_screen_AAPL_revin-PatchTST_h1_s2021__attempt-01,completed_unreviewed,,,,,,,cuda,,phase1-v1.1-2026-09-19,bf738b9c42104197ee6204f9bcbd223fe0b3c3e2,1b80f7d0d686f0330ba392886e201b0ff0c0e9a3cd30339d9c87d03551467e9b,5,checkpoint.pth;pred.npy;true.npy;metrics.npy;run.log,checkpoint.pth;pred.npy;true.npy;metrics.npy;run.log,,1773376
stage_b_p4,reproduction/results/phase1/p4-partial-20260929/attempts,P4; partial B_screen,B_screen,B_screen_AAPL_revin-PatchTST_h24_s2021,B_screen_AAPL_revin-PatchTST_h24_s2021__attempt-01,completed_unreviewed,,,,,,,cuda,,phase1-v1.1-2026-09-19,bf738b9c42104197ee6204f9bcbd223fe0b3c3e2,cac8d6de803fb58494e998db7aaadb0998271818cb9fac6df68dc3f5054358a2,5,checkpoint.pth;pred.npy;true.npy;metrics.npy;run.log,checkpoint.pth;pred.npy;true.npy;metrics.npy;run.log,,1896718
stage_b_p4,reproduction/results/phase1/p4-partial-20260929/attempts,P4; partial B_screen,B_screen,B_screen_AAPL_revin-TimesNet_h1_s2021,B_screen_AAPL_revin-TimesNet_h1_s2021__attempt-01,completed_unreviewed,,,,,,,cuda,,phase1-v1.1-2026-09-19,bf738b9c42104197ee6204f9bcbd223fe0b3c3e2,259bd7e58fc804b3c22becfa629ed04d4263b157ccdf52ad89a9807b9341d12f,5,checkpoint.pth;pred.npy;true.npy;metrics.npy;run.log,checkpoint.pth;pred.npy;true.npy;metrics.npy;run.log,,300706566
stage_b_p4,reproduction/results/phase1/p4-partial-20260929/attempts,P4; partial B_screen,B_screen,B_screen_AAPL_revin-TimesNet_h24_s2021,B_screen_AAPL_revin-TimesNet_h24_s2021__attempt-01,completed_unreviewed,,,,,,,cuda,,phase1-v1.1-2026-09-19,bf738b9c42104197ee6204f9bcbd223fe0b3c3e2,2b0f7ca80559c1a2fb48b108329fd4e671c92bf01e22f5acd6aa5325fad07c11,5,checkpoint.pth;pred.npy;true.npy;metrics.npy;run.log,checkpoint.pth;pred.npy;true.npy;metrics.npy;run.log,,300802857
stage_b_p4,reproduction/results/phase1/p4-partial-20260929/attempts,P4; partial B_screen,B_screen,B_screen_AMZN_DeReFusion_h1_s2021,B_screen_AMZN_DeReFusion_h1_s2021__attempt-01,completed_unreviewed,,,,,,,cuda,,phase1-v1.1-2026-09-19,bf738b9c42104197ee6204f9bcbd223fe0b3c3e2,fe0cfc8dae6f8c02cee7a766abb0b92ccd352069fb6b178f09e635709d37f9e5,5,checkpoint.pth;pred.npy;true.npy;metrics.npy;run.log,checkpoint.pth;pred.npy;true.npy;metrics.npy;run.log,,113867
stage_b_p4,reproduction/results/phase1/p4-partial-20260929/attempts,P4; partial B_screen,B_screen,B_screen_AMZN_DeReFusion_h24_s2021,B_screen_AMZN_DeReFusion_h24_s2021__attempt-01,completed_unreviewed,,,,,,,cuda,,phase1-v1.1-2026-09-19,bf738b9c42104197ee6204f9bcbd223fe0b3c3e2,e2ce7ea9bce936df8daae1bd95c9f5d9968c93fd08e732a483968b71a74a45b9,5,checkpoint.pth;pred.npy;true.npy;metrics.npy;run.log,checkpoint.pth;pred.npy;true.npy;metrics.npy;run.log,,227845
stage_b_p4,reproduction/results/phase1/p4-partial-20260929/attempts,P4; partial B_screen,B_screen,B_screen_AMZN_revin-DLinear_h1_s2021,B_screen_AMZN_revin-DLinear_h1_s2021__attempt-01,completed_unreviewed,,,,,,,cuda,,phase1-v1.1-2026-09-19,bf738b9c42104197ee6204f9bcbd223fe0b3c3e2,12335af8dc7d3ad5162e0473dfa6e94493b108db077c56dbdd2cdabfce50b5b7,5,checkpoint.pth;pred.npy;true.npy;metrics.npy;run.log,checkpoint.pth;pred.npy;true.npy;metrics.npy;run.log,,20631
stage_b_p4,reproduction/results/phase1/p4-partial-20260929/attempts,P4; partial B_screen,B_screen,B_screen_AMZN_revin-DLinear_h24_s2021,B_screen_AMZN_revin-DLinear_h24_s2021__attempt-01,completed_unreviewed,,,,,,,cuda,,phase1-v1.1-2026-09-19,bf738b9c42104197ee6204f9bcbd223fe0b3c3e2,908ab04c4e78f08ab5a5661735714168d2dda4e981b7f0fc1eba93ff9b51a810,5,checkpoint.pth;pred.npy;true.npy;metrics.npy;run.log,checkpoint.pth;pred.npy;true.npy;metrics.npy;run.log,,125490
stage_b_p4,reproduction/results/phase1/p4-partial-20260929/attempts,P4; partial B_screen,B_screen,B_screen_AMZN_revin-iTransformer_h1_s2021,B_screen_AMZN_revin-iTransformer_h1_s2021__attempt-01,completed_unreviewed,,,,,,,cuda,,phase1-v1.1-2026-09-19,bf738b9c42104197ee6204f9bcbd223fe0b3c3e2,d667038d5e2f2e1dacdfe9efbf5add6cd94e83009bb58522d3248d634eef805e,5,checkpoint.pth;pred.npy;true.npy;metrics.npy;run.log,checkpoint.pth;pred.npy;true.npy;metrics.npy;run.log,,1142414
stage_b_p4,reproduction/results/phase1/p4-partial-20260929/attempts,P4; partial B_screen,B_screen,B_screen_AMZN_revin-iTransformer_h24_s2021,B_screen_AMZN_revin-iTransformer_h24_s2021__attempt-01,completed_unreviewed,,,,,,,cuda,,phase1-v1.1-2026-09-19,bf738b9c42104197ee6204f9bcbd223fe0b3c3e2,557404973b5ce99a54bec28362e4031eeb76b323104f9c82f9a376bec5724013,5,checkpoint.pth;pred.npy;true.npy;metrics.npy;run.log,checkpoint.pth;pred.npy;true.npy;metrics.npy;run.log,,1233287
stage_b_p4,reproduction/results/phase1/p4-partial-20260929/attempts,P4; partial B_screen,B_screen,B_screen_AMZN_revin-PatchTST_h1_s2021,B_screen_AMZN_revin-PatchTST_h1_s2021__attempt-01,completed_unreviewed,,,,,,,cuda,,phase1-v1.1-2026-09-19,bf738b9c42104197ee6204f9bcbd223fe0b3c3e2,5c3ed05c300830bc9aeb6cc478ac18a8966df939ba8714ba7e2d139edcdef1d4,5,checkpoint.pth;pred.npy;true.npy;metrics.npy;run.log,checkpoint.pth;pred.npy;true.npy;metrics.npy;run.log,,1776172
stage_b_p4,reproduction/results/phase1/p4-partial-20260929/attempts,P4; partial B_screen,B_screen,B_screen_AMZN_revin-PatchTST_h24_s2021,B_screen_AMZN_revin-PatchTST_h24_s2021__attempt-01,completed_unreviewed,,,,,,,cuda,,phase1-v1.1-2026-09-19,bf738b9c42104197ee6204f9bcbd223fe0b3c3e2,e448654ac3688c0afbdccdd6dcad918d17198b52902d8650bc93061b40301ebd,5,checkpoint.pth;pred.npy;true.npy;metrics.npy;run.log,checkpoint.pth;pred.npy;true.npy;metrics.npy;run.log,,1896754
stage_b_p4,reproduction/results/phase1/p4-partial-20260929/attempts,P4; partial B_screen,B_screen,B_screen_AMZN_revin-TimesNet_h1_s2021,B_screen_AMZN_revin-TimesNet_h1_s2021__attempt-01,completed_unreviewed,,,,,,,cuda,,phase1-v1.1-2026-09-19,bf738b9c42104197ee6204f9bcbd223fe0b3c3e2,066d0d02a3ad57aa4dbbfb517da6bc6def219fb8f9045285210280519ca327d9,5,checkpoint.pth;pred.npy;true.npy;metrics.npy;run.log,checkpoint.pth;pred.npy;true.npy;metrics.npy;run.log,,300706788
stage_b_p4,reproduction/results/phase1/p4-partial-20260929/attempts,P4; partial B_screen,B_screen,B_screen_AMZN_revin-TimesNet_h24_s2021,B_screen_AMZN_revin-TimesNet_h24_s2021__attempt-01,completed_unreviewed,,,,,,,cuda,,phase1-v1.1-2026-09-19,bf738b9c42104197ee6204f9bcbd223fe0b3c3e2,cfca2b781265c23077f66ea4c5679f4cb6b10e67f4e5522ee467e443bf88184c,5,checkpoint.pth;pred.npy;true.npy;metrics.npy;run.log,checkpoint.pth;pred.npy;true.npy;metrics.npy;run.log,,300803481
stage_b_p4,reproduction/results/phase1/p4-partial-20260929/attempts,P4; partial B_screen,B_screen,B_screen_AUDUSD_DeReFusion_h1_s2021,B_screen_AUDUSD_DeReFusion_h1_s2021__attempt-01,completed_unreviewed,,,,,,,cuda,,phase1-v1.1-2026-09-19,bf738b9c42104197ee6204f9bcbd223fe0b3c3e2,79976c7478dc570e2b6e28e88c4917b6fd46362f21313df208bb971972aa1f64,5,checkpoint.pth;pred.npy;true.npy;metrics.npy;run.log,checkpoint.pth;pred.npy;true.npy;metrics.npy;run.log,,113752
stage_b_p4,reproduction/results/phase1/p4-partial-20260929/attempts,P4; partial B_screen,B_screen,B_screen_AUDUSD_DeReFusion_h24_s2021,B_screen_AUDUSD_DeReFusion_h24_s2021__attempt-01,completed_unreviewed,,,,,,,cuda,,phase1-v1.1-2026-09-19,bf738b9c42104197ee6204f9bcbd223fe0b3c3e2,bae3c131ed4a8c218d4088f8443e809f7a65c0d9255860a1d80b0e1ccced95cb,5,checkpoint.pth;pred.npy;true.npy;metrics.npy;run.log,checkpoint.pth;pred.npy;true.npy;metrics.npy;run.log,,230537
stage_b_p4,reproduction/results/phase1/p4-partial-20260929/attempts,P4; partial B_screen,B_screen,B_screen_AUDUSD_revin-DLinear_h1_s2021,B_screen_AUDUSD_revin-DLinear_h1_s2021__attempt-01,completed_unreviewed,,,,,,,cuda,,phase1-v1.1-2026-09-19,bf738b9c42104197ee6204f9bcbd223fe0b3c3e2,a89b5ca4b0e45c03b9436a98e2d5a4556b1f2a41f4c573c7e23af57afb756543,5,checkpoint.pth;pred.npy;true.npy;metrics.npy;run.log,checkpoint.pth;pred.npy;true.npy;metrics.npy;run.log,,20374
stage_b_p4,reproduction/results/phase1/p4-partial-20260929/attempts,P4; partial B_screen,B_screen,B_screen_AUDUSD_revin-DLinear_h24_s2021,B_screen_AUDUSD_revin-DLinear_h24_s2021__attempt-01,completed_unreviewed,,,,,,,cuda,,phase1-v1.1-2026-09-19,bf738b9c42104197ee6204f9bcbd223fe0b3c3e2,fd0258a03b952e7899a8157c84e9fdfe32cf6b744685ade4e77934232a6d64df,5,checkpoint.pth;pred.npy;true.npy;metrics.npy;run.log,checkpoint.pth;pred.npy;true.npy;metrics.npy;run.log,,126203
stage_b_p4,reproduction/results/phase1/p4-partial-20260929/attempts,P4; partial B_screen,B_screen,B_screen_AUDUSD_revin-iTransformer_h1_s2021,B_screen_AUDUSD_revin-iTransformer_h1_s2021__attempt-01,completed_unreviewed,,,,,,,cuda,,phase1-v1.1-2026-09-19,bf738b9c42104197ee6204f9bcbd223fe0b3c3e2,9d1a50ff911a359a0bf8840d04eb8ee78ca8d51262da15a5cabc17962f9b4e69,5,checkpoint.pth;pred.npy;true.npy;metrics.npy;run.log,checkpoint.pth;pred.npy;true.npy;metrics.npy;run.log,,1143357
stage_b_p4,reproduction/results/phase1/p4-partial-20260929/attempts,P4; partial B_screen,B_screen,B_screen_AUDUSD_revin-iTransformer_h24_s2021,B_screen_AUDUSD_revin-iTransformer_h24_s2021__attempt-01,completed_unreviewed,,,,,,,cuda,,phase1-v1.1-2026-09-19,bf738b9c42104197ee6204f9bcbd223fe0b3c3e2,196efcb5aa0028d9dccbe1e7a52d395adbb9cf33f6395d6e047b9319e3cae31f,5,checkpoint.pth;pred.npy;true.npy;metrics.npy;run.log,checkpoint.pth;pred.npy;true.npy;metrics.npy;run.log,,1236728
stage_b_p4,reproduction/results/phase1/p4-partial-20260929/attempts,P4; partial B_screen,B_screen,B_screen_AUDUSD_revin-PatchTST_h1_s2021,B_screen_AUDUSD_revin-PatchTST_h1_s2021__attempt-01,completed_unreviewed,,,,,,,cuda,,phase1-v1.1-2026-09-19,bf738b9c42104197ee6204f9bcbd223fe0b3c3e2,f4800c50210b67d5e5b617ffe2653a5575d729883eb621d42534e527fab70b0d,5,checkpoint.pth;pred.npy;true.npy;metrics.npy;run.log,checkpoint.pth;pred.npy;true.npy;metrics.npy;run.log,,1773540
stage_b_p4,reproduction/results/phase1/p4-partial-20260929/attempts,P4; partial B_screen,B_screen,B_screen_AUDUSD_revin-PatchTST_h24_s2021,B_screen_AUDUSD_revin-PatchTST_h24_s2021__attempt-01,completed_unreviewed,,,,,,,cuda,,phase1-v1.1-2026-09-19,bf738b9c42104197ee6204f9bcbd223fe0b3c3e2,6dad5656a239b632c10526b2b6740f274524c50f7b10dbc302a4d0e929c3fb0f,5,checkpoint.pth;pred.npy;true.npy;metrics.npy;run.log,checkpoint.pth;pred.npy;true.npy;metrics.npy;run.log,,1899785
stage_b_p4,reproduction/results/phase1/p4-partial-20260929/attempts,P4; partial B_screen,B_screen,B_screen_AUDUSD_revin-TimesNet_h1_s2021,B_screen_AUDUSD_revin-TimesNet_h1_s2021__attempt-01,completed_unreviewed,,,,,,,cuda,,phase1-v1.1-2026-09-19,bf738b9c42104197ee6204f9bcbd223fe0b3c3e2,d191b5ed6fc30caac19bcfb7a78620e42b8c135d0b5ffd143e0d59f11560e76b,5,checkpoint.pth;pred.npy;true.npy;metrics.npy;run.log,checkpoint.pth;pred.npy;true.npy;metrics.npy;run.log,,300713609
stage_b_p4,reproduction/results/phase1/p4-partial-20260929/attempts,P4; partial B_screen,B_screen,B_screen_BABA_DeReFusion_h1_s2021,B_screen_BABA_DeReFusion_h1_s2021__attempt-01,completed_unreviewed,,,,,,,cuda,,phase1-v1.1-2026-09-19,bf738b9c42104197ee6204f9bcbd223fe0b3c3e2,faf6febf5718bbd2b4f8706753f1ca6d77de407fcd62071077680bdc9eeba827,5,checkpoint.pth;pred.npy;true.npy;metrics.npy;run.log,checkpoint.pth;pred.npy;true.npy;metrics.npy;run.log,,113908
stage_b_p4,reproduction/results/phase1/p4-partial-20260929/attempts,P4; partial B_screen,B_screen,B_screen_BABA_DeReFusion_h24_s2021,B_screen_BABA_DeReFusion_h24_s2021__attempt-01,completed_unreviewed,,,,,,,cuda,,phase1-v1.1-2026-09-19,bf738b9c42104197ee6204f9bcbd223fe0b3c3e2,b046b69dc5fe05b1ece18e6f2c50fcc6b0f025d5b3405d96acd2ac74557487dd,5,checkpoint.pth;pred.npy;true.npy;metrics.npy;run.log,checkpoint.pth;pred.npy;true.npy;metrics.npy;run.log,,225231
stage_b_p4,reproduction/results/phase1/p4-partial-20260929/attempts,P4; partial B_screen,B_screen,B_screen_BABA_revin-DLinear_h1_s2021,B_screen_BABA_revin-DLinear_h1_s2021__attempt-01,completed_unreviewed,,,,,,,cuda,,phase1-v1.1-2026-09-19,bf738b9c42104197ee6204f9bcbd223fe0b3c3e2,4a1e962bce55fd199d0abecc04775f7683c57f17bd3fec5e6dd20bb6b04ef598,5,checkpoint.pth;pred.npy;true.npy;metrics.npy;run.log,checkpoint.pth;pred.npy;true.npy;metrics.npy;run.log,,20636
stage_b_p4,reproduction/results/phase1/p4-partial-20260929/attempts,P4; partial B_screen,B_screen,B_screen_BABA_revin-DLinear_h24_s2021,B_screen_BABA_revin-DLinear_h24_s2021__attempt-01,completed_unreviewed,,,,,,,cuda,,phase1-v1.1-2026-09-19,bf738b9c42104197ee6204f9bcbd223fe0b3c3e2,73c67635a6266a9ab498417607f7470a460bfd971fa189d72b664a08a6e7c904,5,checkpoint.pth;pred.npy;true.npy;metrics.npy;run.log,checkpoint.pth;pred.npy;true.npy;metrics.npy;run.log,,121649
stage_b_p4,reproduction/results/phase1/p4-partial-20260929/attempts,P4; partial B_screen,B_screen,B_screen_BABA_revin-iTransformer_h1_s2021,B_screen_BABA_revin-iTransformer_h1_s2021__attempt-01,completed_unreviewed,,,,,,,cuda,,phase1-v1.1-2026-09-19,bf738b9c42104197ee6204f9bcbd223fe0b3c3e2,5174a3dc4ec896689f9c11935b8333f1aba23e7a6282b471178f5c6e4b184137,5,checkpoint.pth;pred.npy;true.npy;metrics.npy;run.log,checkpoint.pth;pred.npy;true.npy;metrics.npy;run.log,,1143949
stage_b_p4,reproduction/results/phase1/p4-partial-20260929/attempts,P4; partial B_screen,B_screen,B_screen_BABA_revin-iTransformer_h24_s2021,B_screen_BABA_revin-iTransformer_h24_s2021__attempt-01,completed_unreviewed,,,,,,,cuda,,phase1-v1.1-2026-09-19,bf738b9c42104197ee6204f9bcbd223fe0b3c3e2,3f5e001445adf73b455b5e1ee46a1768746356294d0a15d2f47576ee95bea84a,5,checkpoint.pth;pred.npy;true.npy;metrics.npy;run.log,checkpoint.pth;pred.npy;true.npy;metrics.npy;run.log,,1231067
stage_b_p4,reproduction/results/phase1/p4-partial-20260929/attempts,P4; partial B_screen,B_screen,B_screen_BABA_revin-PatchTST_h1_s2021,B_screen_BABA_revin-PatchTST_h1_s2021__attempt-01,completed_unreviewed,,,,,,,cuda,,phase1-v1.1-2026-09-19,bf738b9c42104197ee6204f9bcbd223fe0b3c3e2,c5e634ded670ba951d9accaf199aa9474ef3d5c551a7633ae2e410f50d259770,5,checkpoint.pth;pred.npy;true.npy;metrics.npy;run.log,checkpoint.pth;pred.npy;true.npy;metrics.npy;run.log,,1777395
stage_b_p4,reproduction/results/phase1/p4-partial-20260929/attempts,P4; partial B_screen,B_screen,B_screen_BABA_revin-PatchTST_h24_s2021,B_screen_BABA_revin-PatchTST_h24_s2021__attempt-01,completed_unreviewed,,,,,,,cuda,,phase1-v1.1-2026-09-19,bf738b9c42104197ee6204f9bcbd223fe0b3c3e2,62a299caebe1e77c13f56b80a948653bcfc4918010781ecb6b41020d5ac408d3,5,checkpoint.pth;pred.npy;true.npy;metrics.npy;run.log,checkpoint.pth;pred.npy;true.npy;metrics.npy;run.log,,1896231
stage_b_p4,reproduction/results/phase1/p4-partial-20260929/attempts,P4; partial B_screen,B_screen,B_screen_BTCUSD_DeReFusion_h1_s2021,B_screen_BTCUSD_DeReFusion_h1_s2021__attempt-01,completed_unreviewed,,,,,,,cuda,,phase1-v1.1-2026-09-19,bf738b9c42104197ee6204f9bcbd223fe0b3c3e2,9611edd8edb9e7ec7a2231aace5dc0d4eaf618f91b869e8f51e254b4a47a02b2,5,checkpoint.pth;pred.npy;true.npy;metrics.npy;run.log,checkpoint.pth;pred.npy;true.npy;metrics.npy;run.log,,115146
stage_b_p4,reproduction/results/phase1/p4-partial-20260929/attempts,P4; partial B_screen,B_screen,B_screen_BTCUSD_DeReFusion_h24_s2021,B_screen_BTCUSD_DeReFusion_h24_s2021__attempt-01,completed_unreviewed,,,,,,,cuda,,phase1-v1.1-2026-09-19,bf738b9c42104197ee6204f9bcbd223fe0b3c3e2,d1f029949de271724eb3992b1120e3d4c88dfc75f902c799d221586bcd0d6117,5,checkpoint.pth;pred.npy;true.npy;metrics.npy;run.log,checkpoint.pth;pred.npy;true.npy;metrics.npy;run.log,,270740
stage_b_p4,reproduction/results/phase1/p4-partial-20260929/attempts,P4; partial B_screen,B_screen,B_screen_BTCUSD_revin-DLinear_h1_s2021,B_screen_BTCUSD_revin-DLinear_h1_s2021__attempt-01,completed_unreviewed,,,,,,,cuda,,phase1-v1.1-2026-09-19,bf738b9c42104197ee6204f9bcbd223fe0b3c3e2,be78808473127eee9f7e3ddae5b95a54d6d9136f5341b751247a374670cee1ba,5,checkpoint.pth;pred.npy;true.npy;metrics.npy;run.log,checkpoint.pth;pred.npy;true.npy;metrics.npy;run.log,,22333
stage_b_p4,reproduction/results/phase1/p4-partial-20260929/attempts,P4; partial B_screen,B_screen,B_screen_BTCUSD_revin-DLinear_h24_s2021,B_screen_BTCUSD_revin-DLinear_h24_s2021__attempt-01,completed_unreviewed,,,,,,,cuda,,phase1-v1.1-2026-09-19,bf738b9c42104197ee6204f9bcbd223fe0b3c3e2,a56663ae55b7a71b381988c39c1b389432d6ac64d9b82bf969f4e0091621661f,5,checkpoint.pth;pred.npy;true.npy;metrics.npy;run.log,checkpoint.pth;pred.npy;true.npy;metrics.npy;run.log,,170139
stage_b_p4,reproduction/results/phase1/p4-partial-20260929/attempts,P4; partial B_screen,B_screen,B_screen_BTCUSD_revin-iTransformer_h1_s2021,B_screen_BTCUSD_revin-iTransformer_h1_s2021__attempt-01,completed_unreviewed,,,,,,,cuda,,phase1-v1.1-2026-09-19,bf738b9c42104197ee6204f9bcbd223fe0b3c3e2,23997569cea8cf46416bf4f993d03ed9fcb06495ab75839aba48a2be5911a827,5,checkpoint.pth;pred.npy;true.npy;metrics.npy;run.log,checkpoint.pth;pred.npy;true.npy;metrics.npy;run.log,,1142626
stage_b_p4,reproduction/results/phase1/p4-partial-20260929/attempts,P4; partial B_screen,B_screen,B_screen_BTCUSD_revin-iTransformer_h24_s2021,B_screen_BTCUSD_revin-iTransformer_h24_s2021__attempt-01,completed_unreviewed,,,,,,,cuda,,phase1-v1.1-2026-09-19,bf738b9c42104197ee6204f9bcbd223fe0b3c3e2,d2e8d261a49feb50bba0df65cff3eee493fa2beb35eca0de81eba8541f566038,5,checkpoint.pth;pred.npy;true.npy;metrics.npy;run.log,checkpoint.pth;pred.npy;true.npy;metrics.npy;run.log,,1278166
stage_b_p4,reproduction/results/phase1/p4-partial-20260929/attempts,P4; partial B_screen,B_screen,B_screen_BTCUSD_revin-PatchTST_h1_s2021,B_screen_BTCUSD_revin-PatchTST_h1_s2021__attempt-01,completed_unreviewed,,,,,,,cuda,,phase1-v1.1-2026-09-19,bf738b9c42104197ee6204f9bcbd223fe0b3c3e2,b9a09ea3685706d968bdc17a1519e771f1b74e1b44544422c561553d9a67ddc5,5,checkpoint.pth;pred.npy;true.npy;metrics.npy;run.log,checkpoint.pth;pred.npy;true.npy;metrics.npy;run.log,,1775369
stage_b_p4,reproduction/results/phase1/p4-partial-20260929/attempts,P4; partial B_screen,B_screen,B_screen_BTCUSD_revin-PatchTST_h24_s2021,B_screen_BTCUSD_revin-PatchTST_h24_s2021__attempt-01,completed_unreviewed,,,,,,,cuda,,phase1-v1.1-2026-09-19,bf738b9c42104197ee6204f9bcbd223fe0b3c3e2,d63c0b8c9998c6de197869c21eac4a68ab99789fcb57dd3aa8292e5f6008c866,5,checkpoint.pth;pred.npy;true.npy;metrics.npy;run.log,checkpoint.pth;pred.npy;true.npy;metrics.npy;run.log,,1941544
stage_b_p4,reproduction/results/phase1/p4-partial-20260929/attempts,P4; partial B_screen,B_screen,B_screen_DJI_DeReFusion_h1_s2021,B_screen_DJI_DeReFusion_h1_s2021__attempt-01,completed_unreviewed,,,,,,,cuda,,phase1-v1.1-2026-09-19,bf738b9c42104197ee6204f9bcbd223fe0b3c3e2,bc2495ff95c0068f1da06fe030d26c5adf5d1a800ae9273ffb426f2a887d177e,5,checkpoint.pth;pred.npy;true.npy;metrics.npy;run.log,checkpoint.pth;pred.npy;true.npy;metrics.npy;run.log,,113863
stage_b_p4,reproduction/results/phase1/p4-partial-20260929/attempts,P4; partial B_screen,B_screen,B_screen_DJI_DeReFusion_h24_s2021,B_screen_DJI_DeReFusion_h24_s2021__attempt-01,completed_unreviewed,,,,,,,cuda,,phase1-v1.1-2026-09-19,bf738b9c42104197ee6204f9bcbd223fe0b3c3e2,7425ea0afebf5ea2cbbcb178c6b137eef88cb35c2c2572968376a0ba427dc3ad,5,checkpoint.pth;pred.npy;true.npy;metrics.npy;run.log,checkpoint.pth;pred.npy;true.npy;metrics.npy;run.log,,227979
stage_b_p4,reproduction/results/phase1/p4-partial-20260929/attempts,P4; partial B_screen,B_screen,B_screen_DJI_revin-DLinear_h1_s2021,B_screen_DJI_revin-DLinear_h1_s2021__attempt-01,completed_unreviewed,,,,,,,cuda,,phase1-v1.1-2026-09-19,bf738b9c42104197ee6204f9bcbd223fe0b3c3e2,40c7c0764548d863ea2979f77d950cfd2bec5b4361bf02b087fdf30261796f35,5,checkpoint.pth;pred.npy;true.npy;metrics.npy;run.log,checkpoint.pth;pred.npy;true.npy;metrics.npy;run.log,,20587
stage_b_p4,reproduction/results/phase1/p4-partial-20260929/attempts,P4; partial B_screen,B_screen,B_screen_DJI_revin-DLinear_h24_s2021,B_screen_DJI_revin-DLinear_h24_s2021__attempt-01,completed_unreviewed,,,,,,,cuda,,phase1-v1.1-2026-09-19,bf738b9c42104197ee6204f9bcbd223fe0b3c3e2,9f08ee77029f91965ac20ac8d6d270670cd8cee8bafc35b8df76b90969ecdeb3,5,checkpoint.pth;pred.npy;true.npy;metrics.npy;run.log,checkpoint.pth;pred.npy;true.npy;metrics.npy;run.log,,121154
stage_b_p4,reproduction/results/phase1/p4-partial-20260929/attempts,P4; partial B_screen,B_screen,B_screen_DJI_revin-iTransformer_h1_s2021,B_screen_DJI_revin-iTransformer_h1_s2021__attempt-01,completed_unreviewed,,,,,,,cuda,,phase1-v1.1-2026-09-19,bf738b9c42104197ee6204f9bcbd223fe0b3c3e2,47cbfe995443c2f342bf232371436c9d4765fab31ba7515ca614937850344ee5,5,checkpoint.pth;pred.npy;true.npy;metrics.npy;run.log,checkpoint.pth;pred.npy;true.npy;metrics.npy;run.log,,1140998
stage_b_p4,reproduction/results/phase1/p4-partial-20260929/attempts,P4; partial B_screen,B_screen,B_screen_DJI_revin-iTransformer_h24_s2021,B_screen_DJI_revin-iTransformer_h24_s2021__attempt-01,completed_unreviewed,,,,,,,cuda,,phase1-v1.1-2026-09-19,bf738b9c42104197ee6204f9bcbd223fe0b3c3e2,be43e040a975b683d247f4f8dd11af57b6e4268176a4ff5452f46e968398b61d,5,checkpoint.pth;pred.npy;true.npy;metrics.npy;run.log,checkpoint.pth;pred.npy;true.npy;metrics.npy;run.log,,1231355
stage_b_p4,reproduction/results/phase1/p4-partial-20260929/attempts,P4; partial B_screen,B_screen,B_screen_DJI_revin-PatchTST_h1_s2021,B_screen_DJI_revin-PatchTST_h1_s2021__attempt-01,completed_unreviewed,,,,,,,cuda,,phase1-v1.1-2026-09-19,bf738b9c42104197ee6204f9bcbd223fe0b3c3e2,48c3ed9fc89b6fca86dde96c53bd577704dd08e98a735504da312b8de4dbd671,5,checkpoint.pth;pred.npy;true.npy;metrics.npy;run.log,checkpoint.pth;pred.npy;true.npy;metrics.npy;run.log,,1773668
stage_b_p4,reproduction/results/phase1/p4-partial-20260929/attempts,P4; partial B_screen,B_screen,B_screen_DJI_revin-PatchTST_h24_s2021,B_screen_DJI_revin-PatchTST_h24_s2021__attempt-01,completed_unreviewed,,,,,,,cuda,,phase1-v1.1-2026-09-19,bf738b9c42104197ee6204f9bcbd223fe0b3c3e2,1c536725f764619cdda50547eba2e9a7124b9a5b5c8418ff7e6c0275d1df54ee,5,checkpoint.pth;pred.npy;true.npy;metrics.npy;run.log,checkpoint.pth;pred.npy;true.npy;metrics.npy;run.log,,1898493
stage_b_p4,reproduction/results/phase1/p4-partial-20260929/attempts,P4; partial B_screen,B_screen,B_screen_ETHUSD_DeReFusion_h1_s2021,B_screen_ETHUSD_DeReFusion_h1_s2021__attempt-01,completed_unreviewed,,,,,,,cuda,,phase1-v1.1-2026-09-19,bf738b9c42104197ee6204f9bcbd223fe0b3c3e2,ab17af82227f9e0296fee76cce6d923a39ecc31e74b454206caefe3be1fe4a5f,5,checkpoint.pth;pred.npy;true.npy;metrics.npy;run.log,checkpoint.pth;pred.npy;true.npy;metrics.npy;run.log,,114151
stage_b_p4,reproduction/results/phase1/p4-partial-20260929/attempts,P4; partial B_screen,B_screen,B_screen_ETHUSD_DeReFusion_h24_s2021,B_screen_ETHUSD_DeReFusion_h24_s2021__attempt-01,completed_unreviewed,,,,,,,cuda,,phase1-v1.1-2026-09-19,bf738b9c42104197ee6204f9bcbd223fe0b3c3e2,347d5d447a3902c34543ded20cd302998ad817e021be70bcdd229c7828b3ba54,5,checkpoint.pth;pred.npy;true.npy;metrics.npy;run.log,checkpoint.pth;pred.npy;true.npy;metrics.npy;run.log,,246134
stage_b_p4,reproduction/results/phase1/p4-partial-20260929/attempts,P4; partial B_screen,B_screen,B_screen_ETHUSD_revin-DLinear_h1_s2021,B_screen_ETHUSD_revin-DLinear_h1_s2021__attempt-01,completed_unreviewed,,,,,,,cuda,,phase1-v1.1-2026-09-19,bf738b9c42104197ee6204f9bcbd223fe0b3c3e2,9c38d35e6dfebabfb8c573b4d6f827377bfb56c2de26c9ebb777b69220b2811a,5,checkpoint.pth;pred.npy;true.npy;metrics.npy;run.log,checkpoint.pth;pred.npy;true.npy;metrics.npy;run.log,,21077
stage_b_p4,reproduction/results/phase1/p4-partial-20260929/attempts,P4; partial B_screen,B_screen,B_screen_ETHUSD_revin-DLinear_h24_s2021,B_screen_ETHUSD_revin-DLinear_h24_s2021__attempt-01,completed_unreviewed,,,,,,,cuda,,phase1-v1.1-2026-09-19,bf738b9c42104197ee6204f9bcbd223fe0b3c3e2,095d935451c89bddecc78fb8fab382cec938ae03384027a4ae8fc16c26b9f03b,5,checkpoint.pth;pred.npy;true.npy;metrics.npy;run.log,checkpoint.pth;pred.npy;true.npy;metrics.npy;run.log,,142873
stage_b_p4,reproduction/results/phase1/p4-partial-20260929/attempts,P4; partial B_screen,B_screen,B_screen_ETHUSD_revin-iTransformer_h1_s2021,B_screen_ETHUSD_revin-iTransformer_h1_s2021__attempt-01,completed_unreviewed,,,,,,,cuda,,phase1-v1.1-2026-09-19,bf738b9c42104197ee6204f9bcbd223fe0b3c3e2,c7851202f854f0c521e2a1c1b2d2c03a1f18b35024f02a200de9a64dd0959275,5,checkpoint.pth;pred.npy;true.npy;metrics.npy;run.log,checkpoint.pth;pred.npy;true.npy;metrics.npy;run.log,,1141359
stage_b_p4,reproduction/results/phase1/p4-partial-20260929/attempts,P4; partial B_screen,B_screen,B_screen_ETHUSD_revin-iTransformer_h24_s2021,B_screen_ETHUSD_revin-iTransformer_h24_s2021__attempt-01,completed_unreviewed,,,,,,,cuda,,phase1-v1.1-2026-09-19,bf738b9c42104197ee6204f9bcbd223fe0b3c3e2,06d7b2a41524e0f15c25d0e826fb000ecd7e5b32c557eb07c2affb2efb4f3c7e,5,checkpoint.pth;pred.npy;true.npy;metrics.npy;run.log,checkpoint.pth;pred.npy;true.npy;metrics.npy;run.log,,1252539
stage_b_p4,reproduction/results/phase1/p4-partial-20260929/attempts,P4; partial B_screen,B_screen,B_screen_ETHUSD_revin-PatchTST_h1_s2021,B_screen_ETHUSD_revin-PatchTST_h1_s2021__attempt-01,completed_unreviewed,,,,,,,cuda,,phase1-v1.1-2026-09-19,bf738b9c42104197ee6204f9bcbd223fe0b3c3e2,10548d0a74d7c5b4d4b0cbcbb81039d4bf5cced0a4aabfdedda2fa490e422742,5,checkpoint.pth;pred.npy;true.npy;metrics.npy;run.log,checkpoint.pth;pred.npy;true.npy;metrics.npy;run.log,,1776780
stage_b_p4,reproduction/results/phase1/p4-partial-20260929/attempts,P4; partial B_screen,B_screen,B_screen_ETHUSD_revin-PatchTST_h24_s2021,B_screen_ETHUSD_revin-PatchTST_h24_s2021__attempt-01,completed_unreviewed,,,,,,,cuda,,phase1-v1.1-2026-09-19,bf738b9c42104197ee6204f9bcbd223fe0b3c3e2,a52a03e67923171a8d783b6cfb3e9b66c0d78030590e3439f6ff66ca70fada11,5,checkpoint.pth;pred.npy;true.npy;metrics.npy;run.log,checkpoint.pth;pred.npy;true.npy;metrics.npy;run.log,,1916700
stage_b_p4,reproduction/results/phase1/p4-partial-20260929/attempts,P4; partial B_screen,B_screen,B_screen_EURUSD_DeReFusion_h1_s2021,B_screen_EURUSD_DeReFusion_h1_s2021__attempt-01,completed_unreviewed,,,,,,,cuda,,phase1-v1.1-2026-09-19,bf738b9c42104197ee6204f9bcbd223fe0b3c3e2,4f8b6f58cbd8ac6a1678635622cc64345406b52aa84cfeca85ae5d06d8266dd2,5,checkpoint.pth;pred.npy;true.npy;metrics.npy;run.log,checkpoint.pth;pred.npy;true.npy;metrics.npy;run.log,,113318
stage_b_p4,reproduction/results/phase1/p4-partial-20260929/attempts,P4; partial B_screen,B_screen,B_screen_EURUSD_DeReFusion_h24_s2021,B_screen_EURUSD_DeReFusion_h24_s2021__attempt-01,completed_unreviewed,,,,,,,cuda,,phase1-v1.1-2026-09-19,bf738b9c42104197ee6204f9bcbd223fe0b3c3e2,8da08921d35d01eb2596022939dff21e9ec1ce69043fba73146a5fa77e361f32,5,checkpoint.pth;pred.npy;true.npy;metrics.npy;run.log,checkpoint.pth;pred.npy;true.npy;metrics.npy;run.log,,229367
stage_b_p4,reproduction/results/phase1/p4-partial-20260929/attempts,P4; partial B_screen,B_screen,B_screen_EURUSD_revin-DLinear_h1_s2021,B_screen_EURUSD_revin-DLinear_h1_s2021__attempt-01,completed_unreviewed,,,,,,,cuda,,phase1-v1.1-2026-09-19,bf738b9c42104197ee6204f9bcbd223fe0b3c3e2,b8b06917fa49c46199d2470f8ee3af30416aa37f780cf0199a9c436c324cce4e,5,checkpoint.pth;pred.npy;true.npy;metrics.npy;run.log,checkpoint.pth;pred.npy;true.npy;metrics.npy;run.log,,19829
stage_b_p4,reproduction/results/phase1/p4-partial-20260929/attempts,P4; partial B_screen,B_screen,B_screen_EURUSD_revin-DLinear_h24_s2021,B_screen_EURUSD_revin-DLinear_h24_s2021__attempt-01,completed_unreviewed,,,,,,,cuda,,phase1-v1.1-2026-09-19,bf738b9c42104197ee6204f9bcbd223fe0b3c3e2,0041bc6ae70e913f24ff4cbd1cf9c6c8ef765fc8e5381a0be9b8b4bfa13c493b,5,checkpoint.pth;pred.npy;true.npy;metrics.npy;run.log,checkpoint.pth;pred.npy;true.npy;metrics.npy;run.log,,126710
stage_b_p4,reproduction/results/phase1/p4-partial-20260929/attempts,P4; partial B_screen,B_screen,B_screen_EURUSD_revin-iTransformer_h1_s2021,B_screen_EURUSD_revin-iTransformer_h1_s2021__attempt-01,completed_unreviewed,,,,,,,cuda,,phase1-v1.1-2026-09-19,bf738b9c42104197ee6204f9bcbd223fe0b3c3e2,6e446bd275c4705177380feb7fd56051724d8cfddf70320921875d38876db518,5,checkpoint.pth;pred.npy;true.npy;metrics.npy;run.log,checkpoint.pth;pred.npy;true.npy;metrics.npy;run.log,,1142185
stage_b_p4,reproduction/results/phase1/p4-partial-20260929/attempts,P4; partial B_screen,B_screen,B_screen_EURUSD_revin-iTransformer_h24_s2021,B_screen_EURUSD_revin-iTransformer_h24_s2021__attempt-01,completed_unreviewed,,,,,,,cuda,,phase1-v1.1-2026-09-19,bf738b9c42104197ee6204f9bcbd223fe0b3c3e2,80c6c32c2642f99c44d99f88d08b2594430c8719a676e506f8ace9b25be518c2,5,checkpoint.pth;pred.npy;true.npy;metrics.npy;run.log,checkpoint.pth;pred.npy;true.npy;metrics.npy;run.log,,1235952
stage_b_p4,reproduction/results/phase1/p4-partial-20260929/attempts,P4; partial B_screen,B_screen,B_screen_EURUSD_revin-PatchTST_h1_s2021,B_screen_EURUSD_revin-PatchTST_h1_s2021__attempt-01,completed_unreviewed,,,,,,,cuda,,phase1-v1.1-2026-09-19,bf738b9c42104197ee6204f9bcbd223fe0b3c3e2,0db4140904e6feac7c1f5c8af6a113860869f2ab14d9ce6b88dbf7e1695a956a,5,checkpoint.pth;pred.npy;true.npy;metrics.npy;run.log,checkpoint.pth;pred.npy;true.npy;metrics.npy;run.log,,1773948
stage_b_p4,reproduction/results/phase1/p4-partial-20260929/attempts,P4; partial B_screen,B_screen,B_screen_EURUSD_revin-PatchTST_h24_s2021,B_screen_EURUSD_revin-PatchTST_h24_s2021__attempt-01,completed_unreviewed,,,,,,,cuda,,phase1-v1.1-2026-09-19,bf738b9c42104197ee6204f9bcbd223fe0b3c3e2,fb939002d27b063ab13684eef52439ac62742d401527ad03dceb8dbd21c0710a,5,checkpoint.pth;pred.npy;true.npy;metrics.npy;run.log,checkpoint.pth;pred.npy;true.npy;metrics.npy;run.log,,1901286
stage_b_p4,reproduction/results/phase1/p4-partial-20260929/attempts,P4; partial B_screen,B_screen,B_screen_FTSE_DeReFusion_h1_s2021,B_screen_FTSE_DeReFusion_h1_s2021__attempt-01,completed_unreviewed,,,,,,,cuda,,phase1-v1.1-2026-09-19,bf738b9c42104197ee6204f9bcbd223fe0b3c3e2,3f1f617808e7edd380c49de32b46f500248c5c40080a50b0f305544bc06df95b,5,checkpoint.pth;pred.npy;true.npy;metrics.npy;run.log,checkpoint.pth;pred.npy;true.npy;metrics.npy;run.log,,113856
stage_b_p4,reproduction/results/phase1/p4-partial-20260929/attempts,P4; partial B_screen,B_screen,B_screen_FTSE_DeReFusion_h24_s2021,B_screen_FTSE_DeReFusion_h24_s2021__attempt-01,completed_unreviewed,,,,,,,cuda,,phase1-v1.1-2026-09-19,bf738b9c42104197ee6204f9bcbd223fe0b3c3e2,363ede6fe3ebe799d62715d45da621def2e5a4dc0ca6e6202365a8889b9ebd40,5,checkpoint.pth;pred.npy;true.npy;metrics.npy;run.log,checkpoint.pth;pred.npy;true.npy;metrics.npy;run.log,,224735
stage_b_p4,reproduction/results/phase1/p4-partial-20260929/attempts,P4; partial B_screen,B_screen,B_screen_FTSE_revin-DLinear_h1_s2021,B_screen_FTSE_revin-DLinear_h1_s2021__attempt-01,completed_unreviewed,,,,,,,cuda,,phase1-v1.1-2026-09-19,bf738b9c42104197ee6204f9bcbd223fe0b3c3e2,7f90700b7eaa4072ee321432d1e063213bc45d4fe183a15bdea81b2bbc6b83e3,5,checkpoint.pth;pred.npy;true.npy;metrics.npy;run.log,checkpoint.pth;pred.npy;true.npy;metrics.npy;run.log,,20650
stage_b_p4,reproduction/results/phase1/p4-partial-20260929/attempts,P4; partial B_screen,B_screen,B_screen_FTSE_revin-DLinear_h24_s2021,B_screen_FTSE_revin-DLinear_h24_s2021__attempt-01,completed_unreviewed,,,,,,,cuda,,phase1-v1.1-2026-09-19,bf738b9c42104197ee6204f9bcbd223fe0b3c3e2,e62aa99af4852c98e3bc206f35599da7009594f21bb4498c202edbca8cc460bf,5,checkpoint.pth;pred.npy;true.npy;metrics.npy;run.log,checkpoint.pth;pred.npy;true.npy;metrics.npy;run.log,,124155
stage_b_p4,reproduction/results/phase1/p4-partial-20260929/attempts,P4; partial B_screen,B_screen,B_screen_FTSE_revin-iTransformer_h1_s2021,B_screen_FTSE_revin-iTransformer_h1_s2021__attempt-01,completed_unreviewed,,,,,,,cuda,,phase1-v1.1-2026-09-19,bf738b9c42104197ee6204f9bcbd223fe0b3c3e2,6bca63ff9893e8098374972fde98f9b5dbf7411905c8d75cf0c36895cb86889e,5,checkpoint.pth;pred.npy;true.npy;metrics.npy;run.log,checkpoint.pth;pred.npy;true.npy;metrics.npy;run.log,,1141801
stage_b_p4,reproduction/results/phase1/p4-partial-20260929/attempts,P4; partial B_screen,B_screen,B_screen_FTSE_revin-iTransformer_h24_s2021,B_screen_FTSE_revin-iTransformer_h24_s2021__attempt-01,completed_unreviewed,,,,,,,cuda,,phase1-v1.1-2026-09-19,bf738b9c42104197ee6204f9bcbd223fe0b3c3e2,4f21f5e63db0c4d0f90f89ca41c176e00879d73789faa33ed6c37657483bb53e,5,checkpoint.pth;pred.npy;true.npy;metrics.npy;run.log,checkpoint.pth;pred.npy;true.npy;metrics.npy;run.log,,1235624
stage_b_p4,reproduction/results/phase1/p4-partial-20260929/attempts,P4; partial B_screen,B_screen,B_screen_FTSE_revin-PatchTST_h1_s2021,B_screen_FTSE_revin-PatchTST_h1_s2021__attempt-01,completed_unreviewed,,,,,,,cuda,,phase1-v1.1-2026-09-19,bf738b9c42104197ee6204f9bcbd223fe0b3c3e2,f0434496549a009ec31c2cd8d6923c0352ca63b8d103ef6dff76223c28f87e10,5,checkpoint.pth;pred.npy;true.npy;metrics.npy;run.log,checkpoint.pth;pred.npy;true.npy;metrics.npy;run.log,,1775475
stage_b_p4,reproduction/results/phase1/p4-partial-20260929/attempts,P4; partial B_screen,B_screen,B_screen_FTSE_revin-PatchTST_h24_s2021,B_screen_FTSE_revin-PatchTST_h24_s2021__attempt-01,completed_unreviewed,,,,,,,cuda,,phase1-v1.1-2026-09-19,bf738b9c42104197ee6204f9bcbd223fe0b3c3e2,34efcf5d1269d0ad04de1f0d7a38f2e2c784f302649f7ae700df50a0454a3359,5,checkpoint.pth;pred.npy;true.npy;metrics.npy;run.log,checkpoint.pth;pred.npy;true.npy;metrics.npy;run.log,,1898288
stage_b_p4,reproduction/results/phase1/p4-partial-20260929/attempts,P4; partial B_screen,B_screen,B_screen_GBPUSD_DeReFusion_h1_s2021,B_screen_GBPUSD_DeReFusion_h1_s2021__attempt-01,completed_unreviewed,,,,,,,cuda,,phase1-v1.1-2026-09-19,bf738b9c42104197ee6204f9bcbd223fe0b3c3e2,2723078ec320482e48cf02d7c6dc4187bb5ae2dcf7e9204621226d913ac961f3,5,checkpoint.pth;pred.npy;true.npy;metrics.npy;run.log,checkpoint.pth;pred.npy;true.npy;metrics.npy;run.log,,112910
stage_b_p4,reproduction/results/phase1/p4-partial-20260929/attempts,P4; partial B_screen,B_screen,B_screen_GBPUSD_DeReFusion_h24_s2021,B_screen_GBPUSD_DeReFusion_h24_s2021__attempt-01,completed_unreviewed,,,,,,,cuda,,phase1-v1.1-2026-09-19,bf738b9c42104197ee6204f9bcbd223fe0b3c3e2,6efcedb9dea7048997b52f00f886d3b583399f7dbc2e0d8d04809793dda88ab5,5,checkpoint.pth;pred.npy;true.npy;metrics.npy;run.log,checkpoint.pth;pred.npy;true.npy;metrics.npy;run.log,,231306
stage_b_p4,reproduction/results/phase1/p4-partial-20260929/attempts,P4; partial B_screen,B_screen,B_screen_GBPUSD_revin-DLinear_h1_s2021,B_screen_GBPUSD_revin-DLinear_h1_s2021__attempt-01,completed_unreviewed,,,,,,,cuda,,phase1-v1.1-2026-09-19,bf738b9c42104197ee6204f9bcbd223fe0b3c3e2,062150c68536ab5cb06972755f38589f58cfe56623e2dd62a6ca2ba4dbcaa53e,5,checkpoint.pth;pred.npy;true.npy;metrics.npy;run.log,checkpoint.pth;pred.npy;true.npy;metrics.npy;run.log,,19824
stage_b_p4,reproduction/results/phase1/p4-partial-20260929/attempts,P4; partial B_screen,B_screen,B_screen_GBPUSD_revin-DLinear_h24_s2021,B_screen_GBPUSD_revin-DLinear_h24_s2021__attempt-01,completed_unreviewed,,,,,,,cuda,,phase1-v1.1-2026-09-19,bf738b9c42104197ee6204f9bcbd223fe0b3c3e2,dbb1e07567a14d9a60dca9e75fe79b6fe06bb47648b8c4a14ba876080871ea68,5,checkpoint.pth;pred.npy;true.npy;metrics.npy;run.log,checkpoint.pth;pred.npy;true.npy;metrics.npy;run.log,,129499
stage_b_p4,reproduction/results/phase1/p4-partial-20260929/attempts,P4; partial B_screen,B_screen,B_screen_GBPUSD_revin-iTransformer_h1_s2021,B_screen_GBPUSD_revin-iTransformer_h1_s2021__attempt-01,completed_unreviewed,,,,,,,cuda,,phase1-v1.1-2026-09-19,bf738b9c42104197ee6204f9bcbd223fe0b3c3e2,d8cde5b8b4f1c191f1ec5f8cafd432a78371cbabb482596fcb1a5662ce861c15,5,checkpoint.pth;pred.npy;true.npy;metrics.npy;run.log,checkpoint.pth;pred.npy;true.npy;metrics.npy;run.log,,1144868
stage_b_p4,reproduction/results/phase1/p4-partial-20260929/attempts,P4; partial B_screen,B_screen,B_screen_GBPUSD_revin-iTransformer_h24_s2021,B_screen_GBPUSD_revin-iTransformer_h24_s2021__attempt-01,completed_unreviewed,,,,,,,cuda,,phase1-v1.1-2026-09-19,bf738b9c42104197ee6204f9bcbd223fe0b3c3e2,db7a120897ab68a8ba65ba849863fae91df0d4e3cba2040dcc8a2401920adb5b,5,checkpoint.pth;pred.npy;true.npy;metrics.npy;run.log,checkpoint.pth;pred.npy;true.npy;metrics.npy;run.log,,1236505
stage_b_p4,reproduction/results/phase1/p4-partial-20260929/attempts,P4; partial B_screen,B_screen,B_screen_GBPUSD_revin-PatchTST_h1_s2021,B_screen_GBPUSD_revin-PatchTST_h1_s2021__attempt-01,completed_unreviewed,,,,,,,cuda,,phase1-v1.1-2026-09-19,bf738b9c42104197ee6204f9bcbd223fe0b3c3e2,a645d24cd3bcfc4ba655f6f26164a21d89190a13be4937c393b566a8ad3cdaef,5,checkpoint.pth;pred.npy;true.npy;metrics.npy;run.log,checkpoint.pth;pred.npy;true.npy;metrics.npy;run.log,,1776145
stage_b_p4,reproduction/results/phase1/p4-partial-20260929/attempts,P4; partial B_screen,B_screen,B_screen_GBPUSD_revin-PatchTST_h24_s2021,B_screen_GBPUSD_revin-PatchTST_h24_s2021__attempt-01,completed_unreviewed,,,,,,,cuda,,phase1-v1.1-2026-09-19,bf738b9c42104197ee6204f9bcbd223fe0b3c3e2,7df8d48f1ed8ed43fa8169e942daf75994a59dc181fe08dcf47f446d2ebff080,5,checkpoint.pth;pred.npy;true.npy;metrics.npy;run.log,checkpoint.pth;pred.npy;true.npy;metrics.npy;run.log,,1901086
stage_b_p4,reproduction/results/phase1/p4-partial-20260929/attempts,P4; partial B_screen,B_screen,B_screen_GDAXI_DeReFusion_h1_s2021,B_screen_GDAXI_DeReFusion_h1_s2021__attempt-01,completed_unreviewed,,,,,,,cuda,,phase1-v1.1-2026-09-19,bf738b9c42104197ee6204f9bcbd223fe0b3c3e2,dac73fef01dadec1eaed6601015e08b8ac2e5010fa02078fa7d2b6b33a4d3b22,5,checkpoint.pth;pred.npy;true.npy;metrics.npy;run.log,checkpoint.pth;pred.npy;true.npy;metrics.npy;run.log,,113883
stage_b_p4,reproduction/results/phase1/p4-partial-20260929/attempts,P4; partial B_screen,B_screen,B_screen_GDAXI_DeReFusion_h24_s2021,B_screen_GDAXI_DeReFusion_h24_s2021__attempt-01,completed_unreviewed,,,,,,,cuda,,phase1-v1.1-2026-09-19,bf738b9c42104197ee6204f9bcbd223fe0b3c3e2,751ebfeaca8bad2fb790bb2f23e348076419d2fc558243c744c181ddc65e2fd3,5,checkpoint.pth;pred.npy;true.npy;metrics.npy;run.log,checkpoint.pth;pred.npy;true.npy;metrics.npy;run.log,,227652
stage_b_p4,reproduction/results/phase1/p4-partial-20260929/attempts,P4; partial B_screen,B_screen,B_screen_GDAXI_revin-DLinear_h1_s2021,B_screen_GDAXI_revin-DLinear_h1_s2021__attempt-01,completed_unreviewed,,,,,,,cuda,,phase1-v1.1-2026-09-19,bf738b9c42104197ee6204f9bcbd223fe0b3c3e2,4f8d9d960ad269ebfd67455b0a2d657eb3f0adeecc4682d8b3fc1b4d5d1d15a9,5,checkpoint.pth;pred.npy;true.npy;metrics.npy;run.log,checkpoint.pth;pred.npy;true.npy;metrics.npy;run.log,,20715
stage_b_p4,reproduction/results/phase1/p4-partial-20260929/attempts,P4; partial B_screen,B_screen,B_screen_GDAXI_revin-DLinear_h24_s2021,B_screen_GDAXI_revin-DLinear_h24_s2021__attempt-01,completed_unreviewed,,,,,,,cuda,,phase1-v1.1-2026-09-19,bf738b9c42104197ee6204f9bcbd223fe0b3c3e2,b34ed5151772b03c1ae47e96164c7f86c775ec6ff2cd9c802f636c73aefe5347,5,checkpoint.pth;pred.npy;true.npy;metrics.npy;run.log,checkpoint.pth;pred.npy;true.npy;metrics.npy;run.log,,126222
stage_b_p4,reproduction/results/phase1/p4-partial-20260929/attempts,P4; partial B_screen,B_screen,B_screen_GDAXI_revin-iTransformer_h1_s2021,B_screen_GDAXI_revin-iTransformer_h1_s2021__attempt-01,completed_unreviewed,,,,,,,cuda,,phase1-v1.1-2026-09-19,bf738b9c42104197ee6204f9bcbd223fe0b3c3e2,aaeefb94443eb45d291490b15f532094ba69250ad1458984f94285720e2c7301,5,checkpoint.pth;pred.npy;true.npy;metrics.npy;run.log,checkpoint.pth;pred.npy;true.npy;metrics.npy;run.log,,1140236
stage_b_p4,reproduction/results/phase1/p4-partial-20260929/attempts,P4; partial B_screen,B_screen,B_screen_GDAXI_revin-iTransformer_h24_s2021,B_screen_GDAXI_revin-iTransformer_h24_s2021__attempt-01,completed_unreviewed,,,,,,,cuda,,phase1-v1.1-2026-09-19,bf738b9c42104197ee6204f9bcbd223fe0b3c3e2,0e5fa47ed14ffd4620a7a54f190789755911bc4673b1329a8a3769c96c7c1c2e,5,checkpoint.pth;pred.npy;true.npy;metrics.npy;run.log,checkpoint.pth;pred.npy;true.npy;metrics.npy;run.log,,1234446
stage_b_p4,reproduction/results/phase1/p4-partial-20260929/attempts,P4; partial B_screen,B_screen,B_screen_GDAXI_revin-PatchTST_h1_s2021,B_screen_GDAXI_revin-PatchTST_h1_s2021__attempt-01,completed_unreviewed,,,,,,,cuda,,phase1-v1.1-2026-09-19,bf738b9c42104197ee6204f9bcbd223fe0b3c3e2,88e087337f5c370ac25cde6e6993139b0d170a3a252e8786bb55f0aab7012bc8,5,checkpoint.pth;pred.npy;true.npy;metrics.npy;run.log,checkpoint.pth;pred.npy;true.npy;metrics.npy;run.log,,1773646
stage_b_p4,reproduction/results/phase1/p4-partial-20260929/attempts,P4; partial B_screen,B_screen,B_screen_GDAXI_revin-PatchTST_h24_s2021,B_screen_GDAXI_revin-PatchTST_h24_s2021__attempt-01,completed_unreviewed,,,,,,,cuda,,phase1-v1.1-2026-09-19,bf738b9c42104197ee6204f9bcbd223fe0b3c3e2,b79340c51799744527313d76c6f2bbd4cb129c51748ddda9d43fdb18ca4922b1,5,checkpoint.pth;pred.npy;true.npy;metrics.npy;run.log,checkpoint.pth;pred.npy;true.npy;metrics.npy;run.log,,1897944
stage_b_p4,reproduction/results/phase1/p4-partial-20260929/attempts,P4; partial B_screen,B_screen,B_screen_GLD_DeReFusion_h1_s2021,B_screen_GLD_DeReFusion_h1_s2021__attempt-01,completed_unreviewed,,,,,,,cuda,,phase1-v1.1-2026-09-19,bf738b9c42104197ee6204f9bcbd223fe0b3c3e2,fce9feb8d3d9b517fc50ed34203a7522b229759ea7bfb4cc99e8a53db5098b07,5,checkpoint.pth;pred.npy;true.npy;metrics.npy;run.log,checkpoint.pth;pred.npy;true.npy;metrics.npy;run.log,,113856
stage_b_p4,reproduction/results/phase1/p4-partial-20260929/attempts,P4; partial B_screen,B_screen,B_screen_GLD_DeReFusion_h24_s2021,B_screen_GLD_DeReFusion_h24_s2021__attempt-01,completed_unreviewed,,,,,,,cuda,,phase1-v1.1-2026-09-19,bf738b9c42104197ee6204f9bcbd223fe0b3c3e2,946f4d6cb8e2582305cde951bb115d343cce7e115bb760133a473d0f12ee4bea,5,checkpoint.pth;pred.npy;true.npy;metrics.npy;run.log,checkpoint.pth;pred.npy;true.npy;metrics.npy;run.log,,227872
stage_b_p4,reproduction/results/phase1/p4-partial-20260929/attempts,P4; partial B_screen,B_screen,B_screen_GLD_revin-DLinear_h1_s2021,B_screen_GLD_revin-DLinear_h1_s2021__attempt-01,completed_unreviewed,,,,,,,cuda,,phase1-v1.1-2026-09-19,bf738b9c42104197ee6204f9bcbd223fe0b3c3e2,f63da0705da1a35cfc1204cd100fd5f9214a13e3e065cf412536c896be5bfbb0,5,checkpoint.pth;pred.npy;true.npy;metrics.npy;run.log,checkpoint.pth;pred.npy;true.npy;metrics.npy;run.log,,20658
stage_b_p4,reproduction/results/phase1/p4-partial-20260929/attempts,P4; partial B_screen,B_screen,B_screen_GLD_revin-DLinear_h24_s2021,B_screen_GLD_revin-DLinear_h24_s2021__attempt-01,completed_unreviewed,,,,,,,cuda,,phase1-v1.1-2026-09-19,bf738b9c42104197ee6204f9bcbd223fe0b3c3e2,15f87e1e6ccff97f7b920f96e9be709cbc50567d8bbaafec895f2e322569bc3e,5,checkpoint.pth;pred.npy;true.npy;metrics.npy;run.log,checkpoint.pth;pred.npy;true.npy;metrics.npy;run.log,,124278
stage_b_p4,reproduction/results/phase1/p4-partial-20260929/attempts,P4; partial B_screen,B_screen,B_screen_GLD_revin-iTransformer_h1_s2021,B_screen_GLD_revin-iTransformer_h1_s2021__attempt-01,completed_unreviewed,,,,,,,cuda,,phase1-v1.1-2026-09-19,bf738b9c42104197ee6204f9bcbd223fe0b3c3e2,3a7aa0592d5258e67324afb0c57eeef6283950e404e2173357fecf46e05262a9,5,checkpoint.pth;pred.npy;true.npy;metrics.npy;run.log,checkpoint.pth;pred.npy;true.npy;metrics.npy;run.log,,1144696
stage_b_p4,reproduction/results/phase1/p4-partial-20260929/attempts,P4; partial B_screen,B_screen,B_screen_GLD_revin-iTransformer_h24_s2021,B_screen_GLD_revin-iTransformer_h24_s2021__attempt-01,completed_unreviewed,,,,,,,cuda,,phase1-v1.1-2026-09-19,bf738b9c42104197ee6204f9bcbd223fe0b3c3e2,95cd9345f0a42d2e1b8e50dcbd436f51b702201f154e915334ba5a3c39dca90d,5,checkpoint.pth;pred.npy;true.npy;metrics.npy;run.log,checkpoint.pth;pred.npy;true.npy;metrics.npy;run.log,,1232659
stage_b_p4,reproduction/results/phase1/p4-partial-20260929/attempts,P4; partial B_screen,B_screen,B_screen_GLD_revin-PatchTST_h1_s2021,B_screen_GLD_revin-PatchTST_h1_s2021__attempt-01,completed_unreviewed,,,,,,,cuda,,phase1-v1.1-2026-09-19,bf738b9c42104197ee6204f9bcbd223fe0b3c3e2,be2d4da764884a341838045fe7c499e2e3faf208a8211fad21611c656daf38e5,5,checkpoint.pth;pred.npy;true.npy;metrics.npy;run.log,checkpoint.pth;pred.npy;true.npy;metrics.npy;run.log,,1774476
stage_b_p4,reproduction/results/phase1/p4-partial-20260929/attempts,P4; partial B_screen,B_screen,B_screen_GLD_revin-PatchTST_h24_s2021,B_screen_GLD_revin-PatchTST_h24_s2021__attempt-01,completed_unreviewed,,,,,,,cuda,,phase1-v1.1-2026-09-19,bf738b9c42104197ee6204f9bcbd223fe0b3c3e2,3d0be8da168cf9a33237b2637c21d03f89dfdd6d26a6b04e6e07d0adcf1eb488,5,checkpoint.pth;pred.npy;true.npy;metrics.npy;run.log,checkpoint.pth;pred.npy;true.npy;metrics.npy;run.log,,1896114
stage_b_p4,reproduction/results/phase1/p4-partial-20260929/attempts,P4; partial B_screen,B_screen,B_screen_GOLD_DeReFusion_h1_s2021,B_screen_GOLD_DeReFusion_h1_s2021__attempt-01,completed_unreviewed,,,,,,,cuda,,phase1-v1.1-2026-09-19,bf738b9c42104197ee6204f9bcbd223fe0b3c3e2,8f4e3e1d562f3f6a6f68ccbcb9923b820578413cd331e48a36ce11beec019926,5,checkpoint.pth;pred.npy;true.npy;metrics.npy;run.log,checkpoint.pth;pred.npy;true.npy;metrics.npy;run.log,,113827
stage_b_p4,reproduction/results/phase1/p4-partial-20260929/attempts,P4; partial B_screen,B_screen,B_screen_GOLD_DeReFusion_h24_s2021,B_screen_GOLD_DeReFusion_h24_s2021__attempt-01,completed_unreviewed,,,,,,,cuda,,phase1-v1.1-2026-09-19,bf738b9c42104197ee6204f9bcbd223fe0b3c3e2,1a7cc26809c9741acb08666b855c8ce6a0c3c1c98ecca6d6ec3815c3c8dab951,5,checkpoint.pth;pred.npy;true.npy;metrics.npy;run.log,checkpoint.pth;pred.npy;true.npy;metrics.npy;run.log,,227557
stage_b_p4,reproduction/results/phase1/p4-partial-20260929/attempts,P4; partial B_screen,B_screen,B_screen_GOLD_revin-DLinear_h1_s2021,B_screen_GOLD_revin-DLinear_h1_s2021__attempt-01,completed_unreviewed,,,,,,,cuda,,phase1-v1.1-2026-09-19,bf738b9c42104197ee6204f9bcbd223fe0b3c3e2,b44512a7bd8cf66dac9b6f35c56f15b5c1ac43668081f7c015c0a8bf4bc3ecde,5,checkpoint.pth;pred.npy;true.npy;metrics.npy;run.log,checkpoint.pth;pred.npy;true.npy;metrics.npy;run.log,,20628
stage_b_p4,reproduction/results/phase1/p4-partial-20260929/attempts,P4; partial B_screen,B_screen,B_screen_GOLD_revin-DLinear_h24_s2021,B_screen_GOLD_revin-DLinear_h24_s2021__attempt-01,completed_unreviewed,,,,,,,cuda,,phase1-v1.1-2026-09-19,bf738b9c42104197ee6204f9bcbd223fe0b3c3e2,8fdb2ed9f45b138c1b3e2bbe9954980b7643db738a5bf8aa5d29d475da98989a,5,checkpoint.pth;pred.npy;true.npy;metrics.npy;run.log,checkpoint.pth;pred.npy;true.npy;metrics.npy;run.log,,124029
stage_b_p4,reproduction/results/phase1/p4-partial-20260929/attempts,P4; partial B_screen,B_screen,B_screen_GOLD_revin-iTransformer_h1_s2021,B_screen_GOLD_revin-iTransformer_h1_s2021__attempt-01,completed_unreviewed,,,,,,,cuda,,phase1-v1.1-2026-09-19,bf738b9c42104197ee6204f9bcbd223fe0b3c3e2,3273dd309533673803b037357ec9dcf3da6c7765fe33923ee4580efa40656fb7,5,checkpoint.pth;pred.npy;true.npy;metrics.npy;run.log,checkpoint.pth;pred.npy;true.npy;metrics.npy;run.log,,1141812
stage_b_p4,reproduction/results/phase1/p4-partial-20260929/attempts,P4; partial B_screen,B_screen,B_screen_GOLD_revin-iTransformer_h24_s2021,B_screen_GOLD_revin-iTransformer_h24_s2021__attempt-01,completed_unreviewed,,,,,,,cuda,,phase1-v1.1-2026-09-19,bf738b9c42104197ee6204f9bcbd223fe0b3c3e2,8ba62825758496a46f59b6e5ee360d981d804584ff41d590a8b5128b3ac83e97,5,checkpoint.pth;pred.npy;true.npy;metrics.npy;run.log,checkpoint.pth;pred.npy;true.npy;metrics.npy;run.log,,1234417
stage_b_p4,reproduction/results/phase1/p4-partial-20260929/attempts,P4; partial B_screen,B_screen,B_screen_GOLD_revin-PatchTST_h1_s2021,B_screen_GOLD_revin-PatchTST_h1_s2021__attempt-01,completed_unreviewed,,,,,,,cuda,,phase1-v1.1-2026-09-19,bf738b9c42104197ee6204f9bcbd223fe0b3c3e2,c81d6601814496be56771c5eb557b6654e0335d41281851c3e7708a881f4c901,5,checkpoint.pth;pred.npy;true.npy;metrics.npy;run.log,checkpoint.pth;pred.npy;true.npy;metrics.npy;run.log,,1774736
stage_b_p4,reproduction/results/phase1/p4-partial-20260929/attempts,P4; partial B_screen,B_screen,B_screen_GOLD_revin-PatchTST_h24_s2021,B_screen_GOLD_revin-PatchTST_h24_s2021__attempt-01,completed_unreviewed,,,,,,,cuda,,phase1-v1.1-2026-09-19,bf738b9c42104197ee6204f9bcbd223fe0b3c3e2,057004a279762216dcd3c8ba48914d163ca40d250e25b607a2f355cf8faab199,5,checkpoint.pth;pred.npy;true.npy;metrics.npy;run.log,checkpoint.pth;pred.npy;true.npy;metrics.npy;run.log,,1896125
stage_b_p4,reproduction/results/phase1/p4-partial-20260929/attempts,P4; partial B_screen,B_screen,B_screen_GSPC_DeReFusion_h1_s2021,B_screen_GSPC_DeReFusion_h1_s2021__attempt-01,completed_unreviewed,,,,,,,cuda,,phase1-v1.1-2026-09-19,bf738b9c42104197ee6204f9bcbd223fe0b3c3e2,d6401c03d647a49facb08eda75dc083bb073468ee7c618c301b1a042b9d6ac8d,5,checkpoint.pth;pred.npy;true.npy;metrics.npy;run.log,checkpoint.pth;pred.npy;true.npy;metrics.npy;run.log,,113872
stage_b_p4,reproduction/results/phase1/p4-partial-20260929/attempts,P4; partial B_screen,B_screen,B_screen_GSPC_DeReFusion_h24_s2021,B_screen_GSPC_DeReFusion_h24_s2021__attempt-01,completed_unreviewed,,,,,,,cuda,,phase1-v1.1-2026-09-19,bf738b9c42104197ee6204f9bcbd223fe0b3c3e2,a559f0eb9436cd308130aa3d0735de438e5e24ba0760fe4971446bf45722758e,5,checkpoint.pth;pred.npy;true.npy;metrics.npy;run.log,checkpoint.pth;pred.npy;true.npy;metrics.npy;run.log,,226053
stage_b_p4,reproduction/results/phase1/p4-partial-20260929/attempts,P4; partial B_screen,B_screen,B_screen_GSPC_revin-DLinear_h1_s2021,B_screen_GSPC_revin-DLinear_h1_s2021__attempt-01,completed_unreviewed,,,,,,,cuda,,phase1-v1.1-2026-09-19,bf738b9c42104197ee6204f9bcbd223fe0b3c3e2,f9a95d02ac6612a73ca53d9a3f0c9b497c61a1593bc2440dceb803836b155117,5,checkpoint.pth;pred.npy;true.npy;metrics.npy;run.log,checkpoint.pth;pred.npy;true.npy;metrics.npy;run.log,,20633
stage_b_p4,reproduction/results/phase1/p4-partial-20260929/attempts,P4; partial B_screen,B_screen,B_screen_GSPC_revin-DLinear_h24_s2021,B_screen_GSPC_revin-DLinear_h24_s2021__attempt-01,completed_unreviewed,,,,,,,cuda,,phase1-v1.1-2026-09-19,bf738b9c42104197ee6204f9bcbd223fe0b3c3e2,58004b90d82558ec33d254e50b9bc343ae602f5530df3256acf2d84b293460fe,5,checkpoint.pth;pred.npy;true.npy;metrics.npy;run.log,checkpoint.pth;pred.npy;true.npy;metrics.npy;run.log,,124033
stage_b_p4,reproduction/results/phase1/p4-partial-20260929/attempts,P4; partial B_screen,B_screen,B_screen_GSPC_revin-iTransformer_h1_s2021,B_screen_GSPC_revin-iTransformer_h1_s2021__attempt-01,completed_unreviewed,,,,,,,cuda,,phase1-v1.1-2026-09-19,bf738b9c42104197ee6204f9bcbd223fe0b3c3e2,d022c19043f859adf3c43d2956d15a88c23ad4f73b6b98a0ed7e826f0d958bed,5,checkpoint.pth;pred.npy;true.npy;metrics.npy;run.log,checkpoint.pth;pred.npy;true.npy;metrics.npy;run.log,,1141567
stage_b_p4,reproduction/results/phase1/p4-partial-20260929/attempts,P4; partial B_screen,B_screen,B_screen_GSPC_revin-iTransformer_h24_s2021,B_screen_GSPC_revin-iTransformer_h24_s2021__attempt-01,completed_unreviewed,,,,,,,cuda,,phase1-v1.1-2026-09-19,bf738b9c42104197ee6204f9bcbd223fe0b3c3e2,07e60e8a53671cea92b1ce7852a156b04efea0ce05086f5ddec0cbc3088fa74f,5,checkpoint.pth;pred.npy;true.npy;metrics.npy;run.log,checkpoint.pth;pred.npy;true.npy;metrics.npy;run.log,,1232841
stage_b_p4,reproduction/results/phase1/p4-partial-20260929/attempts,P4; partial B_screen,B_screen,B_screen_GSPC_revin-PatchTST_h1_s2021,B_screen_GSPC_revin-PatchTST_h1_s2021__attempt-01,completed_unreviewed,,,,,,,cuda,,phase1-v1.1-2026-09-19,bf738b9c42104197ee6204f9bcbd223fe0b3c3e2,571a6f1925f50b23ed7666729ce2fcd072a1a0303a6a73fb897000d6da7b146e,5,checkpoint.pth;pred.npy;true.npy;metrics.npy;run.log,checkpoint.pth;pred.npy;true.npy;metrics.npy;run.log,,1773903
stage_b_p4,reproduction/results/phase1/p4-partial-20260929/attempts,P4; partial B_screen,B_screen,B_screen_GSPC_revin-PatchTST_h24_s2021,B_screen_GSPC_revin-PatchTST_h24_s2021__attempt-01,completed_unreviewed,,,,,,,cuda,,phase1-v1.1-2026-09-19,bf738b9c42104197ee6204f9bcbd223fe0b3c3e2,884ffdf848ef0f292305926be21b9c67267364d3324249dc52f0c25cdecb0bb1,5,checkpoint.pth;pred.npy;true.npy;metrics.npy;run.log,checkpoint.pth;pred.npy;true.npy;metrics.npy;run.log,,1896125
stage_b_p4,reproduction/results/phase1/p4-partial-20260929/attempts,P4; partial B_screen,B_screen,B_screen_HSI_DeReFusion_h1_s2021,B_screen_HSI_DeReFusion_h1_s2021__attempt-01,completed_unreviewed,,,,,,,cuda,,phase1-v1.1-2026-09-19,bf738b9c42104197ee6204f9bcbd223fe0b3c3e2,151fc8533f0ec1d08718532fc3b112a86d41f03d3b55388b2399e4259b3d3115,5,checkpoint.pth;pred.npy;true.npy;metrics.npy;run.log,checkpoint.pth;pred.npy;true.npy;metrics.npy;run.log,,113590
stage_b_p4,reproduction/results/phase1/p4-partial-20260929/attempts,P4; partial B_screen,B_screen,B_screen_HSI_DeReFusion_h24_s2021,B_screen_HSI_DeReFusion_h24_s2021__attempt-01,completed_unreviewed,,,,,,,cuda,,phase1-v1.1-2026-09-19,bf738b9c42104197ee6204f9bcbd223fe0b3c3e2,fba827425b8b9b997f6ec629f0d88d473fefc8f1e3d6527d82af8e8fda75a772,5,checkpoint.pth;pred.npy;true.npy;metrics.npy;run.log,checkpoint.pth;pred.npy;true.npy;metrics.npy;run.log,,226208
stage_b_p4,reproduction/results/phase1/p4-partial-20260929/attempts,P4; partial B_screen,B_screen,B_screen_HSI_revin-DLinear_h1_s2021,B_screen_HSI_revin-DLinear_h1_s2021__attempt-01,completed_unreviewed,,,,,,,cuda,,phase1-v1.1-2026-09-19,bf738b9c42104197ee6204f9bcbd223fe0b3c3e2,f701c3a46af44af25e5a378709536fb1131758eb3e3d99abb97adfd514108079,5,checkpoint.pth;pred.npy;true.npy;metrics.npy;run.log,checkpoint.pth;pred.npy;true.npy;metrics.npy;run.log,,20355
stage_b_p4,reproduction/results/phase1/p4-partial-20260929/attempts,P4; partial B_screen,B_screen,B_screen_HSI_revin-DLinear_h24_s2021,B_screen_HSI_revin-DLinear_h24_s2021__attempt-01,completed_unreviewed,,,,,,,cuda,,phase1-v1.1-2026-09-19,bf738b9c42104197ee6204f9bcbd223fe0b3c3e2,899194ffbc06e3afc17d9630ab88b18d89d78ec816e9b14b44a9d9ec276a5333,5,checkpoint.pth;pred.npy;true.npy;metrics.npy;run.log,checkpoint.pth;pred.npy;true.npy;metrics.npy;run.log,,124362
stage_b_p4,reproduction/results/phase1/p4-partial-20260929/attempts,P4; partial B_screen,B_screen,B_screen_HSI_revin-iTransformer_h1_s2021,B_screen_HSI_revin-iTransformer_h1_s2021__attempt-01,completed_unreviewed,,,,,,,cuda,,phase1-v1.1-2026-09-19,bf738b9c42104197ee6204f9bcbd223fe0b3c3e2,15321821660988daa27eed947e2cc89fb8a5a75ccdd1ca66fd1088a852851794,5,checkpoint.pth;pred.npy;true.npy;metrics.npy;run.log,checkpoint.pth;pred.npy;true.npy;metrics.npy;run.log,,1143319
stage_b_p4,reproduction/results/phase1/p4-partial-20260929/attempts,P4; partial B_screen,B_screen,B_screen_HSI_revin-iTransformer_h24_s2021,B_screen_HSI_revin-iTransformer_h24_s2021__attempt-01,completed_unreviewed,,,,,,,cuda,,phase1-v1.1-2026-09-19,bf738b9c42104197ee6204f9bcbd223fe0b3c3e2,30e8cefecc46d778f92c487673067deaa28bb85190b5af8b0d7859d7cc848414,5,checkpoint.pth;pred.npy;true.npy;metrics.npy;run.log,checkpoint.pth;pred.npy;true.npy;metrics.npy;run.log,,1229976
stage_b_p4,reproduction/results/phase1/p4-partial-20260929/attempts,P4; partial B_screen,B_screen,B_screen_HSI_revin-PatchTST_h1_s2021,B_screen_HSI_revin-PatchTST_h1_s2021__attempt-01,completed_unreviewed,,,,,,,cuda,,phase1-v1.1-2026-09-19,bf738b9c42104197ee6204f9bcbd223fe0b3c3e2,546d484adda78c1c6826201fc2e6cffa3622bb3fb5d4ee5f5bcf355bb6c61995,5,checkpoint.pth;pred.npy;true.npy;metrics.npy;run.log,checkpoint.pth;pred.npy;true.npy;metrics.npy;run.log,,1774796
stage_b_p4,reproduction/results/phase1/p4-partial-20260929/attempts,P4; partial B_screen,B_screen,B_screen_HSI_revin-PatchTST_h24_s2021,B_screen_HSI_revin-PatchTST_h24_s2021__attempt-01,completed_unreviewed,,,,,,,cuda,,phase1-v1.1-2026-09-19,bf738b9c42104197ee6204f9bcbd223fe0b3c3e2,435d59cc4213bc40dcd5255f684f481de454fe8c3e28fa300cdef55faf266227,5,checkpoint.pth;pred.npy;true.npy;metrics.npy;run.log,checkpoint.pth;pred.npy;true.npy;metrics.npy;run.log,,1895330
stage_b_p4,reproduction/results/phase1/p4-partial-20260929/attempts,P4; partial B_screen,B_screen,B_screen_JPM_DeReFusion_h1_s2021,B_screen_JPM_DeReFusion_h1_s2021__attempt-01,completed_unreviewed,,,,,,,cuda,,phase1-v1.1-2026-09-19,bf738b9c42104197ee6204f9bcbd223fe0b3c3e2,2df8b351080456418384491ad6d9d2e4403052c36f453c97d8f0816dc41e600d,5,checkpoint.pth;pred.npy;true.npy;metrics.npy;run.log,checkpoint.pth;pred.npy;true.npy;metrics.npy;run.log,,113791
stage_b_p4,reproduction/results/phase1/p4-partial-20260929/attempts,P4; partial B_screen,B_screen,B_screen_JPM_DeReFusion_h24_s2021,B_screen_JPM_DeReFusion_h24_s2021__attempt-01,completed_unreviewed,,,,,,,cuda,,phase1-v1.1-2026-09-19,bf738b9c42104197ee6204f9bcbd223fe0b3c3e2,de1c116ee32901591253696529617db409080ff3a74168d80fe9ef2c882822a6,5,checkpoint.pth;pred.npy;true.npy;metrics.npy;run.log,checkpoint.pth;pred.npy;true.npy;metrics.npy;run.log,,226792
stage_b_p4,reproduction/results/phase1/p4-partial-20260929/attempts,P4; partial B_screen,B_screen,B_screen_JPM_revin-DLinear_h1_s2021,B_screen_JPM_revin-DLinear_h1_s2021__attempt-01,completed_unreviewed,,,,,,,cuda,,phase1-v1.1-2026-09-19,bf738b9c42104197ee6204f9bcbd223fe0b3c3e2,c8c320005291ad438e13f11f83ea95feec54b585e2d844ada121fc969efdaa3d,5,checkpoint.pth;pred.npy;true.npy;metrics.npy;run.log,checkpoint.pth;pred.npy;true.npy;metrics.npy;run.log,,20621
stage_b_p4,reproduction/results/phase1/p4-partial-20260929/attempts,P4; partial B_screen,B_screen,B_screen_JPM_revin-DLinear_h24_s2021,B_screen_JPM_revin-DLinear_h24_s2021__attempt-01,completed_unreviewed,,,,,,,cuda,,phase1-v1.1-2026-09-19,bf738b9c42104197ee6204f9bcbd223fe0b3c3e2,941cc041a856dc5d17e5bf8349b7e34bc2f474275e9efc2860123dee7c7a5cda,5,checkpoint.pth;pred.npy;true.npy;metrics.npy;run.log,checkpoint.pth;pred.npy;true.npy;metrics.npy;run.log,,125038
stage_b_p4,reproduction/results/phase1/p4-partial-20260929/attempts,P4; partial B_screen,B_screen,B_screen_JPM_revin-iTransformer_h1_s2021,B_screen_JPM_revin-iTransformer_h1_s2021__attempt-01,completed_unreviewed,,,,,,,cuda,,phase1-v1.1-2026-09-19,bf738b9c42104197ee6204f9bcbd223fe0b3c3e2,ad68745a10b7668d7a54a75e4c78f1c50dc4c2c80478e2684857f3105d7f3756,5,checkpoint.pth;pred.npy;true.npy;metrics.npy;run.log,checkpoint.pth;pred.npy;true.npy;metrics.npy;run.log,,1141409
stage_b_p4,reproduction/results/phase1/p4-partial-20260929/attempts,P4; partial B_screen,B_screen,B_screen_JPM_revin-iTransformer_h24_s2021,B_screen_JPM_revin-iTransformer_h24_s2021__attempt-01,completed_unreviewed,,,,,,,cuda,,phase1-v1.1-2026-09-19,bf738b9c42104197ee6204f9bcbd223fe0b3c3e2,d34852f17c8cdd19f37a5caea13a0bc581ae0cb8b597352d87d0ffa8bf2aaa19,5,checkpoint.pth;pred.npy;true.npy;metrics.npy;run.log,checkpoint.pth;pred.npy;true.npy;metrics.npy;run.log,,1232246
stage_b_p4,reproduction/results/phase1/p4-partial-20260929/attempts,P4; partial B_screen,B_screen,B_screen_JPM_revin-PatchTST_h1_s2021,B_screen_JPM_revin-PatchTST_h1_s2021__attempt-01,completed_unreviewed,,,,,,,cuda,,phase1-v1.1-2026-09-19,bf738b9c42104197ee6204f9bcbd223fe0b3c3e2,d670bfc1e5598c8a3560865d57adff5982037afe8a567f5c1add6de419a7a1fb,5,checkpoint.pth;pred.npy;true.npy;metrics.npy;run.log,checkpoint.pth;pred.npy;true.npy;metrics.npy;run.log,,1773809
stage_b_p4,reproduction/results/phase1/p4-partial-20260929/attempts,P4; partial B_screen,B_screen,B_screen_JPM_revin-PatchTST_h24_s2021,B_screen_JPM_revin-PatchTST_h24_s2021__attempt-01,completed_unreviewed,,,,,,,cuda,,phase1-v1.1-2026-09-19,bf738b9c42104197ee6204f9bcbd223fe0b3c3e2,4dcc469bd93e2a85204e087530db04912f36cbeac8847ffbe667361aaa507aab,5,checkpoint.pth;pred.npy;true.npy;metrics.npy;run.log,checkpoint.pth;pred.npy;true.npy;metrics.npy;run.log,,1897376
stage_b_p4,reproduction/results/phase1/p4-partial-20260929/attempts,P4; partial B_screen,B_screen,B_screen_META_DeReFusion_h1_s2021,B_screen_META_DeReFusion_h1_s2021__attempt-01,completed_unreviewed,,,,,,,cuda,,phase1-v1.1-2026-09-19,bf738b9c42104197ee6204f9bcbd223fe0b3c3e2,fcdfb2f8ce3911da10aad631cb0dccb46430ec378acb3b941f659a6b6af6a2eb,5,checkpoint.pth;pred.npy;true.npy;metrics.npy;run.log,checkpoint.pth;pred.npy;true.npy;metrics.npy;run.log,,113487
stage_b_p4,reproduction/results/phase1/p4-partial-20260929/attempts,P4; partial B_screen,B_screen,B_screen_META_DeReFusion_h24_s2021,B_screen_META_DeReFusion_h24_s2021__attempt-01,completed_unreviewed,,,,,,,cuda,,phase1-v1.1-2026-09-19,bf738b9c42104197ee6204f9bcbd223fe0b3c3e2,427cd827b9af957024fa6b793c23480fb9de9e3625e98f967297551694bfed81,5,checkpoint.pth;pred.npy;true.npy;metrics.npy;run.log,checkpoint.pth;pred.npy;true.npy;metrics.npy;run.log,,225893
stage_b_p4,reproduction/results/phase1/p4-partial-20260929/attempts,P4; partial B_screen,B_screen,B_screen_META_revin-DLinear_h1_s2021,B_screen_META_revin-DLinear_h1_s2021__attempt-01,completed_unreviewed,,,,,,,cuda,,phase1-v1.1-2026-09-19,bf738b9c42104197ee6204f9bcbd223fe0b3c3e2,6838607b77bae0da32e472c51dd1458de265620fe4074c1a95e03d6cbf29f154,5,checkpoint.pth;pred.npy;true.npy;metrics.npy;run.log,checkpoint.pth;pred.npy;true.npy;metrics.npy;run.log,,20660
stage_b_p4,reproduction/results/phase1/p4-partial-20260929/attempts,P4; partial B_screen,B_screen,B_screen_META_revin-DLinear_h24_s2021,B_screen_META_revin-DLinear_h24_s2021__attempt-01,completed_unreviewed,,,,,,,cuda,,phase1-v1.1-2026-09-19,bf738b9c42104197ee6204f9bcbd223fe0b3c3e2,ac98ecaaf5e88506c139b22115c61cf629cb74447c1d49f4a010813e307c6b6c,5,checkpoint.pth;pred.npy;true.npy;metrics.npy;run.log,checkpoint.pth;pred.npy;true.npy;metrics.npy;run.log,,125377
stage_b_p4,reproduction/results/phase1/p4-partial-20260929/attempts,P4; partial B_screen,B_screen,B_screen_META_revin-iTransformer_h1_s2021,B_screen_META_revin-iTransformer_h1_s2021__attempt-01,completed_unreviewed,,,,,,,cuda,,phase1-v1.1-2026-09-19,bf738b9c42104197ee6204f9bcbd223fe0b3c3e2,a37278b39acfb9667ac546978da45b3919bcb1f4db8cf62a56ba3a633a766a69,5,checkpoint.pth;pred.npy;true.npy;metrics.npy;run.log,checkpoint.pth;pred.npy;true.npy;metrics.npy;run.log,,1142442
stage_b_p4,reproduction/results/phase1/p4-partial-20260929/attempts,P4; partial B_screen,B_screen,B_screen_META_revin-iTransformer_h24_s2021,B_screen_META_revin-iTransformer_h24_s2021__attempt-01,completed_unreviewed,,,,,,,cuda,,phase1-v1.1-2026-09-19,bf738b9c42104197ee6204f9bcbd223fe0b3c3e2,7681125e0d5edb4bd4f2168ade58b83eacea4f0a3f5835708646617cb77764e6,5,checkpoint.pth;pred.npy;true.npy;metrics.npy;run.log,checkpoint.pth;pred.npy;true.npy;metrics.npy;run.log,,1235875
stage_b_p4,reproduction/results/phase1/p4-partial-20260929/attempts,P4; partial B_screen,B_screen,B_screen_META_revin-PatchTST_h1_s2021,B_screen_META_revin-PatchTST_h1_s2021__attempt-01,completed_unreviewed,,,,,,,cuda,,phase1-v1.1-2026-09-19,bf738b9c42104197ee6204f9bcbd223fe0b3c3e2,88b3508b553aa89936e850a37c7f73a5fd142ed1cc35c035df03a36881c7a1bb,5,checkpoint.pth;pred.npy;true.npy;metrics.npy;run.log,checkpoint.pth;pred.npy;true.npy;metrics.npy;run.log,,1773154
stage_b_p4,reproduction/results/phase1/p4-partial-20260929/attempts,P4; partial B_screen,B_screen,B_screen_META_revin-PatchTST_h24_s2021,B_screen_META_revin-PatchTST_h24_s2021__attempt-01,completed_unreviewed,,,,,,,cuda,,phase1-v1.1-2026-09-19,bf738b9c42104197ee6204f9bcbd223fe0b3c3e2,3aafce4cd2ad6bf8d18cfb04587de940fc73903a23ee37f37c88af7b1df07cc6,5,checkpoint.pth;pred.npy;true.npy;metrics.npy;run.log,checkpoint.pth;pred.npy;true.npy;metrics.npy;run.log,,1896561
stage_b_p4,reproduction/results/phase1/p4-partial-20260929/attempts,P4; partial B_screen,B_screen,B_screen_MSFT_DeReFusion_h1_s2021,B_screen_MSFT_DeReFusion_h1_s2021__attempt-01,completed_unreviewed,,,,,,,cuda,,phase1-v1.1-2026-09-19,bf738b9c42104197ee6204f9bcbd223fe0b3c3e2,ebbf80c81bd66a1a428912d17a5f4bff96f4d2dfa67fd936078f4cdf0ab0055a,5,checkpoint.pth;pred.npy;true.npy;metrics.npy;run.log,checkpoint.pth;pred.npy;true.npy;metrics.npy;run.log,,113802
stage_b_p4,reproduction/results/phase1/p4-partial-20260929/attempts,P4; partial B_screen,B_screen,B_screen_MSFT_DeReFusion_h24_s2021,B_screen_MSFT_DeReFusion_h24_s2021__attempt-01,completed_unreviewed,,,,,,,cuda,,phase1-v1.1-2026-09-19,bf738b9c42104197ee6204f9bcbd223fe0b3c3e2,e2d95bd493224d7c21bf4b70f15102fec1fe59199a4bca5130d9279a792cc968,5,checkpoint.pth;pred.npy;true.npy;metrics.npy;run.log,checkpoint.pth;pred.npy;true.npy;metrics.npy;run.log,,228113
stage_b_p4,reproduction/results/phase1/p4-partial-20260929/attempts,P4; partial B_screen,B_screen,B_screen_MSFT_revin-DLinear_h1_s2021,B_screen_MSFT_revin-DLinear_h1_s2021__attempt-01,completed_unreviewed,,,,,,,cuda,,phase1-v1.1-2026-09-19,bf738b9c42104197ee6204f9bcbd223fe0b3c3e2,176b3723772793ff9e915ed6cd9d9641293d2ccdf8b5baa34740963298521064,5,checkpoint.pth;pred.npy;true.npy;metrics.npy;run.log,checkpoint.pth;pred.npy;true.npy;metrics.npy;run.log,,20632
stage_b_p4,reproduction/results/phase1/p4-partial-20260929/attempts,P4; partial B_screen,B_screen,B_screen_MSFT_revin-DLinear_h24_s2021,B_screen_MSFT_revin-DLinear_h24_s2021__attempt-01,completed_unreviewed,,,,,,,cuda,,phase1-v1.1-2026-09-19,bf738b9c42104197ee6204f9bcbd223fe0b3c3e2,5fe17bb6a3a72ce4af434f21d9a072bbbdb244d38b6a23f73b07781629141997,5,checkpoint.pth;pred.npy;true.npy;metrics.npy;run.log,checkpoint.pth;pred.npy;true.npy;metrics.npy;run.log,,124707
stage_b_p4,reproduction/results/phase1/p4-partial-20260929/attempts,P4; partial B_screen,B_screen,B_screen_MSFT_revin-iTransformer_h1_s2021,B_screen_MSFT_revin-iTransformer_h1_s2021__attempt-01,completed_unreviewed,,,,,,,cuda,,phase1-v1.1-2026-09-19,bf738b9c42104197ee6204f9bcbd223fe0b3c3e2,4276fcb06dbf54160a6f6dd6bb6b2ce7c530846f7ffbf0a6d500f563db795d7f,5,checkpoint.pth;pred.npy;true.npy;metrics.npy;run.log,checkpoint.pth;pred.npy;true.npy;metrics.npy;run.log,,1141574
stage_b_p4,reproduction/results/phase1/p4-partial-20260929/attempts,P4; partial B_screen,B_screen,B_screen_MSFT_revin-iTransformer_h24_s2021,B_screen_MSFT_revin-iTransformer_h24_s2021__attempt-01,completed_unreviewed,,,,,,,cuda,,phase1-v1.1-2026-09-19,bf738b9c42104197ee6204f9bcbd223fe0b3c3e2,e52222fb975aa76a4118084d093ed0aaa259ee85aee3bef1e01b1ba68196b5f6,5,checkpoint.pth;pred.npy;true.npy;metrics.npy;run.log,checkpoint.pth;pred.npy;true.npy;metrics.npy;run.log,,1235084
stage_b_p4,reproduction/results/phase1/p4-partial-20260929/attempts,P4; partial B_screen,B_screen,B_screen_MSFT_revin-PatchTST_h1_s2021,B_screen_MSFT_revin-PatchTST_h1_s2021__attempt-01,completed_unreviewed,,,,,,,cuda,,phase1-v1.1-2026-09-19,bf738b9c42104197ee6204f9bcbd223fe0b3c3e2,c7fe6dd183eb7110d88e039f389c9abadbcc8d8e6563d19dd139955cabe8742d,5,checkpoint.pth;pred.npy;true.npy;metrics.npy;run.log,checkpoint.pth;pred.npy;true.npy;metrics.npy;run.log,,1773868
stage_b_p4,reproduction/results/phase1/p4-partial-20260929/attempts,P4; partial B_screen,B_screen,B_screen_MSFT_revin-PatchTST_h24_s2021,B_screen_MSFT_revin-PatchTST_h24_s2021__attempt-01,completed_unreviewed,,,,,,,cuda,,phase1-v1.1-2026-09-19,bf738b9c42104197ee6204f9bcbd223fe0b3c3e2,b03dd43e1f4f0d07d3e3876fdb98ca1e891ee2019f183c3f3c4c2c3159f8ce58,5,checkpoint.pth;pred.npy;true.npy;metrics.npy;run.log,checkpoint.pth;pred.npy;true.npy;metrics.npy;run.log,,1897749
stage_b_p4,reproduction/results/phase1/p4-partial-20260929/attempts,P4; partial B_screen,B_screen,B_screen_N225_DeReFusion_h1_s2021,B_screen_N225_DeReFusion_h1_s2021__attempt-01,completed_unreviewed,,,,,,,cuda,,phase1-v1.1-2026-09-19,bf738b9c42104197ee6204f9bcbd223fe0b3c3e2,25176c96f7b3f16bdf7a04f8ffd22d99d3e1608ea286af6fdee2483ea4f04a4c,5,checkpoint.pth;pred.npy;true.npy;metrics.npy;run.log,checkpoint.pth;pred.npy;true.npy;metrics.npy;run.log,,113651
stage_b_p4,reproduction/results/phase1/p4-partial-20260929/attempts,P4; partial B_screen,B_screen,B_screen_N225_DeReFusion_h24_s2021,B_screen_N225_DeReFusion_h24_s2021__attempt-01,completed_unreviewed,,,,,,,cuda,,phase1-v1.1-2026-09-19,bf738b9c42104197ee6204f9bcbd223fe0b3c3e2,a54480e89fb6f29bcea99b370e4871d266886517cade4c7f20c55eb8f29f9d1c,5,checkpoint.pth;pred.npy;true.npy;metrics.npy;run.log,checkpoint.pth;pred.npy;true.npy;metrics.npy;run.log,,222400
stage_b_p4,reproduction/results/phase1/p4-partial-20260929/attempts,P4; partial B_screen,B_screen,B_screen_N225_revin-DLinear_h1_s2021,B_screen_N225_revin-DLinear_h1_s2021__attempt-01,completed_unreviewed,,,,,,,cuda,,phase1-v1.1-2026-09-19,bf738b9c42104197ee6204f9bcbd223fe0b3c3e2,0c3829c62ce5de7a2ba4ec6092fff81d8e64af56dab35bd61fb472563679ee29,5,checkpoint.pth;pred.npy;true.npy;metrics.npy;run.log,checkpoint.pth;pred.npy;true.npy;metrics.npy;run.log,,20416
stage_b_p4,reproduction/results/phase1/p4-partial-20260929/attempts,P4; partial B_screen,B_screen,B_screen_N225_revin-DLinear_h24_s2021,B_screen_N225_revin-DLinear_h24_s2021__attempt-01,completed_unreviewed,,,,,,,cuda,,phase1-v1.1-2026-09-19,bf738b9c42104197ee6204f9bcbd223fe0b3c3e2,62a3b9f331375ac1123f979aafc2280b93805b3bf0f56de6464e5caabf16dc95,5,checkpoint.pth;pred.npy;true.npy;metrics.npy;run.log,checkpoint.pth;pred.npy;true.npy;metrics.npy;run.log,,123715
stage_b_p4,reproduction/results/phase1/p4-partial-20260929/attempts,P4; partial B_screen,B_screen,B_screen_N225_revin-iTransformer_h1_s2021,B_screen_N225_revin-iTransformer_h1_s2021__attempt-01,completed_unreviewed,,,,,,,cuda,,phase1-v1.1-2026-09-19,bf738b9c42104197ee6204f9bcbd223fe0b3c3e2,a1f7a331f57c4ef0c1f421b7c5b7d451e9d17777655784a3b3e2782d34fb9503,5,checkpoint.pth;pred.npy;true.npy;metrics.npy;run.log,checkpoint.pth;pred.npy;true.npy;metrics.npy;run.log,,1140671
stage_b_p4,reproduction/results/phase1/p4-partial-20260929/attempts,P4; partial B_screen,B_screen,B_screen_N225_revin-iTransformer_h24_s2021,B_screen_N225_revin-iTransformer_h24_s2021__attempt-01,completed_unreviewed,,,,,,,cuda,,phase1-v1.1-2026-09-19,bf738b9c42104197ee6204f9bcbd223fe0b3c3e2,dd6e1e9e4aa2b79e6a8ddd88ccd83ebf420d7923a4c50ec2778a46c94b07e920,5,checkpoint.pth;pred.npy;true.npy;metrics.npy;run.log,checkpoint.pth;pred.npy;true.npy;metrics.npy;run.log,,1232045
stage_b_p4,reproduction/results/phase1/p4-partial-20260929/attempts,P4; partial B_screen,B_screen,B_screen_N225_revin-PatchTST_h1_s2021,B_screen_N225_revin-PatchTST_h1_s2021__attempt-01,completed_unreviewed,,,,,,,cuda,,phase1-v1.1-2026-09-19,bf738b9c42104197ee6204f9bcbd223fe0b3c3e2,1933bc67eb7daa7aaa52b7c98c7fc8b6c91692092299902b2a5e6beb6999dcd7,5,checkpoint.pth;pred.npy;true.npy;metrics.npy;run.log,checkpoint.pth;pred.npy;true.npy;metrics.npy;run.log,,1775940
stage_b_p4,reproduction/results/phase1/p4-partial-20260929/attempts,P4; partial B_screen,B_screen,B_screen_N225_revin-PatchTST_h24_s2021,B_screen_N225_revin-PatchTST_h24_s2021__attempt-01,completed_unreviewed,,,,,,,cuda,,phase1-v1.1-2026-09-19,bf738b9c42104197ee6204f9bcbd223fe0b3c3e2,daa07b8c71cf95b3a8d24f5158881c97b7f74e412b302c3c58de8246e1033977,5,checkpoint.pth;pred.npy;true.npy;metrics.npy;run.log,checkpoint.pth;pred.npy;true.npy;metrics.npy;run.log,,1897302
stage_b_p4,reproduction/results/phase1/p4-partial-20260929/attempts,P4; partial B_screen,B_screen,B_screen_NVO_DeReFusion_h1_s2021,B_screen_NVO_DeReFusion_h1_s2021__attempt-01,completed_unreviewed,,,,,,,cuda,,phase1-v1.1-2026-09-19,bf738b9c42104197ee6204f9bcbd223fe0b3c3e2,8654828936ea6c3faabe2c19dc5f3c1265d8a930cebba10b743e24a0577525e5,5,checkpoint.pth;pred.npy;true.npy;metrics.npy;run.log,checkpoint.pth;pred.npy;true.npy;metrics.npy;run.log,,113855
stage_b_p4,reproduction/results/phase1/p4-partial-20260929/attempts,P4; partial B_screen,B_screen,B_screen_NVO_DeReFusion_h24_s2021,B_screen_NVO_DeReFusion_h24_s2021__attempt-01,completed_unreviewed,,,,,,,cuda,,phase1-v1.1-2026-09-19,bf738b9c42104197ee6204f9bcbd223fe0b3c3e2,8709c4e38832d49b30491eded932b47bae670334655ad8695fc87092ba92175d,5,checkpoint.pth;pred.npy;true.npy;metrics.npy;run.log,checkpoint.pth;pred.npy;true.npy;metrics.npy;run.log,,226518
stage_b_p4,reproduction/results/phase1/p4-partial-20260929/attempts,P4; partial B_screen,B_screen,B_screen_NVO_revin-DLinear_h1_s2021,B_screen_NVO_revin-DLinear_h1_s2021__attempt-01,completed_unreviewed,,,,,,,cuda,,phase1-v1.1-2026-09-19,bf738b9c42104197ee6204f9bcbd223fe0b3c3e2,9a869e1342a9f53d05db6d9daac988dd9cb5f97eab985be24edda1f597589b6a,5,checkpoint.pth;pred.npy;true.npy;metrics.npy;run.log,checkpoint.pth;pred.npy;true.npy;metrics.npy;run.log,,20515
stage_b_p4,reproduction/results/phase1/p4-partial-20260929/attempts,P4; partial B_screen,B_screen,B_screen_NVO_revin-DLinear_h24_s2021,B_screen_NVO_revin-DLinear_h24_s2021__attempt-01,completed_unreviewed,,,,,,,cuda,,phase1-v1.1-2026-09-19,bf738b9c42104197ee6204f9bcbd223fe0b3c3e2,ff1bd60abc31798c1247a26a0dfe13324324919f35e2d948b74c31abf267bd73,5,checkpoint.pth;pred.npy;true.npy;metrics.npy;run.log,checkpoint.pth;pred.npy;true.npy;metrics.npy;run.log,,124607
stage_b_p4,reproduction/results/phase1/p4-partial-20260929/attempts,P4; partial B_screen,B_screen,B_screen_NVO_revin-iTransformer_h1_s2021,B_screen_NVO_revin-iTransformer_h1_s2021__attempt-01,completed_unreviewed,,,,,,,cuda,,phase1-v1.1-2026-09-19,bf738b9c42104197ee6204f9bcbd223fe0b3c3e2,9cb844944cde56adb191163556faafc0bd4b6021b5b0431bcfe78c5414d69c52,5,checkpoint.pth;pred.npy;true.npy;metrics.npy;run.log,checkpoint.pth;pred.npy;true.npy;metrics.npy;run.log,,1141767
stage_b_p4,reproduction/results/phase1/p4-partial-20260929/attempts,P4; partial B_screen,B_screen,B_screen_NVO_revin-iTransformer_h24_s2021,B_screen_NVO_revin-iTransformer_h24_s2021__attempt-01,completed_unreviewed,,,,,,,cuda,,phase1-v1.1-2026-09-19,bf738b9c42104197ee6204f9bcbd223fe0b3c3e2,995da7d6806abf299492cecf6eb2b35a419306411ed0c5764fd7de42dbb78cee,5,checkpoint.pth;pred.npy;true.npy;metrics.npy;run.log,checkpoint.pth;pred.npy;true.npy;metrics.npy;run.log,,1232683
stage_b_p4,reproduction/results/phase1/p4-partial-20260929/attempts,P4; partial B_screen,B_screen,B_screen_NVO_revin-PatchTST_h1_s2021,B_screen_NVO_revin-PatchTST_h1_s2021__attempt-01,completed_unreviewed,,,,,,,cuda,,phase1-v1.1-2026-09-19,bf738b9c42104197ee6204f9bcbd223fe0b3c3e2,92bd9dea2977ea901cd6e07a94951174766b75128b18c740fb3a125c28fd495e,5,checkpoint.pth;pred.npy;true.npy;metrics.npy;run.log,checkpoint.pth;pred.npy;true.npy;metrics.npy;run.log,,1774769
stage_b_p4,reproduction/results/phase1/p4-partial-20260929/attempts,P4; partial B_screen,B_screen,B_screen_NVO_revin-PatchTST_h24_s2021,B_screen_NVO_revin-PatchTST_h24_s2021__attempt-01,completed_unreviewed,,,,,,,cuda,,phase1-v1.1-2026-09-19,bf738b9c42104197ee6204f9bcbd223fe0b3c3e2,ca3162fb36cb56d8a001dd74e9883033b7044d8705ef4f68c4a0ece1ca9174a8,5,checkpoint.pth;pred.npy;true.npy;metrics.npy;run.log,checkpoint.pth;pred.npy;true.npy;metrics.npy;run.log,,1896964
stage_b_p4,reproduction/results/phase1/p4-partial-20260929/attempts,P4; partial B_screen,B_screen,B_screen_RUT_DeReFusion_h1_s2021,B_screen_RUT_DeReFusion_h1_s2021__attempt-01,completed_unreviewed,,,,,,,cuda,,phase1-v1.1-2026-09-19,bf738b9c42104197ee6204f9bcbd223fe0b3c3e2,dc26e0917609625782e0bb102f8a6e6113de7a76f5187eab782b8919cc821cad,5,checkpoint.pth;pred.npy;true.npy;metrics.npy;run.log,checkpoint.pth;pred.npy;true.npy;metrics.npy;run.log,,113856
stage_b_p4,reproduction/results/phase1/p4-partial-20260929/attempts,P4; partial B_screen,B_screen,B_screen_RUT_DeReFusion_h24_s2021,B_screen_RUT_DeReFusion_h24_s2021__attempt-01,completed_unreviewed,,,,,,,cuda,,phase1-v1.1-2026-09-19,bf738b9c42104197ee6204f9bcbd223fe0b3c3e2,afe9bd8e905d8eec33e94752938062a41273830323d02b194b8b0f2fa05954a6,5,checkpoint.pth;pred.npy;true.npy;metrics.npy;run.log,checkpoint.pth;pred.npy;true.npy;metrics.npy;run.log,,225851
stage_b_p4,reproduction/results/phase1/p4-partial-20260929/attempts,P4; partial B_screen,B_screen,B_screen_RUT_revin-DLinear_h1_s2021,B_screen_RUT_revin-DLinear_h1_s2021__attempt-01,completed_unreviewed,,,,,,,cuda,,phase1-v1.1-2026-09-19,bf738b9c42104197ee6204f9bcbd223fe0b3c3e2,f59be6f908cc034cee570dae11b53904d334864c5daee6bdd34f2ada58e81304,5,checkpoint.pth;pred.npy;true.npy;metrics.npy;run.log,checkpoint.pth;pred.npy;true.npy;metrics.npy;run.log,,20618
stage_b_p4,reproduction/results/phase1/p4-partial-20260929/attempts,P4; partial B_screen,B_screen,B_screen_RUT_revin-DLinear_h24_s2021,B_screen_RUT_revin-DLinear_h24_s2021__attempt-01,completed_unreviewed,,,,,,,cuda,,phase1-v1.1-2026-09-19,bf738b9c42104197ee6204f9bcbd223fe0b3c3e2,b9ed1e91a5511a1b8af77c7dca94ae4167a00772ad8b7f227c5468cdd3aa3901,5,checkpoint.pth;pred.npy;true.npy;metrics.npy;run.log,checkpoint.pth;pred.npy;true.npy;metrics.npy;run.log,,125803
stage_b_p4,reproduction/results/phase1/p4-partial-20260929/attempts,P4; partial B_screen,B_screen,B_screen_RUT_revin-iTransformer_h1_s2021,B_screen_RUT_revin-iTransformer_h1_s2021__attempt-01,completed_unreviewed,,,,,,,cuda,,phase1-v1.1-2026-09-19,bf738b9c42104197ee6204f9bcbd223fe0b3c3e2,43fc8fc9ad38254b341a7ec3fcd25d71d0a811bcb2f67525f73d591cb172802b,5,checkpoint.pth;pred.npy;true.npy;metrics.npy;run.log,checkpoint.pth;pred.npy;true.npy;metrics.npy;run.log,,1141372
stage_b_p4,reproduction/results/phase1/p4-partial-20260929/attempts,P4; partial B_screen,B_screen,B_screen_RUT_revin-iTransformer_h24_s2021,B_screen_RUT_revin-iTransformer_h24_s2021__attempt-01,completed_unreviewed,,,,,,,cuda,,phase1-v1.1-2026-09-19,bf738b9c42104197ee6204f9bcbd223fe0b3c3e2,12fbefae9e9afe6739e3a463ae281ca57d8698a0cf80d52179dafb6f5f802e99,5,checkpoint.pth;pred.npy;true.npy;metrics.npy;run.log,checkpoint.pth;pred.npy;true.npy;metrics.npy;run.log,,1232247
stage_b_p4,reproduction/results/phase1/p4-partial-20260929/attempts,P4; partial B_screen,B_screen,B_screen_RUT_revin-PatchTST_h1_s2021,B_screen_RUT_revin-PatchTST_h1_s2021__attempt-01,completed_unreviewed,,,,,,,cuda,,phase1-v1.1-2026-09-19,bf738b9c42104197ee6204f9bcbd223fe0b3c3e2,c1ce29c3cf5ddcdf34645a38984eba3f26774932bbbff8f4456bd980bfa714e8,5,checkpoint.pth;pred.npy;true.npy;metrics.npy;run.log,checkpoint.pth;pred.npy;true.npy;metrics.npy;run.log,,1776193
stage_b_p4,reproduction/results/phase1/p4-partial-20260929/attempts,P4; partial B_screen,B_screen,B_screen_RUT_revin-PatchTST_h24_s2021,B_screen_RUT_revin-PatchTST_h24_s2021__attempt-01,completed_unreviewed,,,,,,,cuda,,phase1-v1.1-2026-09-19,bf738b9c42104197ee6204f9bcbd223fe0b3c3e2,5698dd1af0534dc716fa872e5b7a5a10ffb53c8b16991bfb23e9e0db1ca00718,5,checkpoint.pth;pred.npy;true.npy;metrics.npy;run.log,checkpoint.pth;pred.npy;true.npy;metrics.npy;run.log,,1896746
stage_b_p4,reproduction/results/phase1/p4-partial-20260929/attempts,P4; partial B_screen,B_screen,B_screen_SOX_DeReFusion_h1_s2021,B_screen_SOX_DeReFusion_h1_s2021__attempt-01,completed_unreviewed,,,,,,,cuda,,phase1-v1.1-2026-09-19,bf738b9c42104197ee6204f9bcbd223fe0b3c3e2,0c3757ab0bb4c5a912083ffc7855cc7ebabe0652df6edbd4fee8bcec99ccfb7b,5,checkpoint.pth;pred.npy;true.npy;metrics.npy;run.log,checkpoint.pth;pred.npy;true.npy;metrics.npy;run.log,,113824
stage_b_p4,reproduction/results/phase1/p4-partial-20260929/attempts,P4; partial B_screen,B_screen,B_screen_SOX_DeReFusion_h24_s2021,B_screen_SOX_DeReFusion_h24_s2021__attempt-01,completed_unreviewed,,,,,,,cuda,,phase1-v1.1-2026-09-19,bf738b9c42104197ee6204f9bcbd223fe0b3c3e2,49e67e0a46598f8dfd3f6fcc22cbe1159cb9104885b92509bd773ddbf0ad0eb5,5,checkpoint.pth;pred.npy;true.npy;metrics.npy;run.log,checkpoint.pth;pred.npy;true.npy;metrics.npy;run.log,,227804
stage_b_p4,reproduction/results/phase1/p4-partial-20260929/attempts,P4; partial B_screen,B_screen,B_screen_SOX_revin-DLinear_h1_s2021,B_screen_SOX_revin-DLinear_h1_s2021__attempt-01,completed_unreviewed,,,,,,,cuda,,phase1-v1.1-2026-09-19,bf738b9c42104197ee6204f9bcbd223fe0b3c3e2,bb8e13c955684db4b6fa0e89e37978ea899bae449ff4fa026debdf1560b05ada,5,checkpoint.pth;pred.npy;true.npy;metrics.npy;run.log,checkpoint.pth;pred.npy;true.npy;metrics.npy;run.log,,20584
stage_b_p4,reproduction/results/phase1/p4-partial-20260929/attempts,P4; partial B_screen,B_screen,B_screen_SOX_revin-DLinear_h24_s2021,B_screen_SOX_revin-DLinear_h24_s2021__attempt-01,completed_unreviewed,,,,,,,cuda,,phase1-v1.1-2026-09-19,bf738b9c42104197ee6204f9bcbd223fe0b3c3e2,1568ed3cd18a02089bbd99b9cbc14744db595ff95f4ff5446b18bab468526127,5,checkpoint.pth;pred.npy;true.npy;metrics.npy;run.log,checkpoint.pth;pred.npy;true.npy;metrics.npy;run.log,,122863
stage_b_p4,reproduction/results/phase1/p4-partial-20260929/attempts,P4; partial B_screen,B_screen,B_screen_SOX_revin-iTransformer_h1_s2021,B_screen_SOX_revin-iTransformer_h1_s2021__attempt-01,completed_unreviewed,,,,,,,cuda,,phase1-v1.1-2026-09-19,bf738b9c42104197ee6204f9bcbd223fe0b3c3e2,0e597fd436998db151d5aa007d5d39b7519e9db2b080fcf237948fb75b280a1a,5,checkpoint.pth;pred.npy;true.npy;metrics.npy;run.log,checkpoint.pth;pred.npy;true.npy;metrics.npy;run.log,,1141804
stage_b_p4,reproduction/results/phase1/p4-partial-20260929/attempts,P4; partial B_screen,B_screen,B_screen_SOX_revin-iTransformer_h24_s2021,B_screen_SOX_revin-iTransformer_h24_s2021__attempt-01,completed_unreviewed,,,,,,,cuda,,phase1-v1.1-2026-09-19,bf738b9c42104197ee6204f9bcbd223fe0b3c3e2,3f7af80884101235fe7d65a353f66bd6c5fa36afd445d2d9d94616058ddc70ef,5,checkpoint.pth;pred.npy;true.npy;metrics.npy;run.log,checkpoint.pth;pred.npy;true.npy;metrics.npy;run.log,,1233621
stage_b_p4,reproduction/results/phase1/p4-partial-20260929/attempts,P4; partial B_screen,B_screen,B_screen_SOX_revin-PatchTST_h1_s2021,B_screen_SOX_revin-PatchTST_h1_s2021__attempt-01,completed_unreviewed,,,,,,,cuda,,phase1-v1.1-2026-09-19,bf738b9c42104197ee6204f9bcbd223fe0b3c3e2,809b5f94000d2b329422bb47298ec43cfcafeb0a7029c90b107124f10209cd91,5,checkpoint.pth;pred.npy;true.npy;metrics.npy;run.log,checkpoint.pth;pred.npy;true.npy;metrics.npy;run.log,,1776194
stage_b_p4,reproduction/results/phase1/p4-partial-20260929/attempts,P4; partial B_screen,B_screen,B_screen_SOX_revin-PatchTST_h24_s2021,B_screen_SOX_revin-PatchTST_h24_s2021__attempt-01,completed_unreviewed,,,,,,,cuda,,phase1-v1.1-2026-09-19,bf738b9c42104197ee6204f9bcbd223fe0b3c3e2,7568a3a8b08d3ac50ba2232c268752f80efbe2adfa494c87dd29d7906a2280c5,5,checkpoint.pth;pred.npy;true.npy;metrics.npy;run.log,checkpoint.pth;pred.npy;true.npy;metrics.npy;run.log,,1897989
stage_b_p4,reproduction/results/phase1/p4-partial-20260929/attempts,P4; partial B_screen,B_screen,B_screen_TLT_DeReFusion_h1_s2021,B_screen_TLT_DeReFusion_h1_s2021__attempt-01,completed_unreviewed,,,,,,,cuda,,phase1-v1.1-2026-09-19,bf738b9c42104197ee6204f9bcbd223fe0b3c3e2,190346fb24b1a73082ead7602498a1ef0c1af1bdb42a5a0a4ae69c373d9f8418,5,checkpoint.pth;pred.npy;true.npy;metrics.npy;run.log,checkpoint.pth;pred.npy;true.npy;metrics.npy;run.log,,113755
stage_b_p4,reproduction/results/phase1/p4-partial-20260929/attempts,P4; partial B_screen,B_screen,B_screen_TLT_DeReFusion_h24_s2021,B_screen_TLT_DeReFusion_h24_s2021__attempt-01,completed_unreviewed,,,,,,,cuda,,phase1-v1.1-2026-09-19,bf738b9c42104197ee6204f9bcbd223fe0b3c3e2,c392b33eaf60c6679f59a3966499550163b3bfb99e92ea9631af1d236eb91ff8,5,checkpoint.pth;pred.npy;true.npy;metrics.npy;run.log,checkpoint.pth;pred.npy;true.npy;metrics.npy;run.log,,225662
stage_b_p4,reproduction/results/phase1/p4-partial-20260929/attempts,P4; partial B_screen,B_screen,B_screen_TLT_revin-DLinear_h1_s2021,B_screen_TLT_revin-DLinear_h1_s2021__attempt-01,completed_unreviewed,,,,,,,cuda,,phase1-v1.1-2026-09-19,bf738b9c42104197ee6204f9bcbd223fe0b3c3e2,a8f992a4c50784348b31af5b3f5afef76c0ae8c98d3886fb6c77666e0042340d,5,checkpoint.pth;pred.npy;true.npy;metrics.npy;run.log,checkpoint.pth;pred.npy;true.npy;metrics.npy;run.log,,20655
stage_b_p4,reproduction/results/phase1/p4-partial-20260929/attempts,P4; partial B_screen,B_screen,B_screen_TLT_revin-DLinear_h24_s2021,B_screen_TLT_revin-DLinear_h24_s2021__attempt-01,completed_unreviewed,,,,,,,cuda,,phase1-v1.1-2026-09-19,bf738b9c42104197ee6204f9bcbd223fe0b3c3e2,aabe9940b4195e64d270b20957be47f7f5640dce7310cbdd5ca1cf6d27e583c4,5,checkpoint.pth;pred.npy;true.npy;metrics.npy;run.log,checkpoint.pth;pred.npy;true.npy;metrics.npy;run.log,,124696
stage_b_p4,reproduction/results/phase1/p4-partial-20260929/attempts,P4; partial B_screen,B_screen,B_screen_TLT_revin-iTransformer_h1_s2021,B_screen_TLT_revin-iTransformer_h1_s2021__attempt-01,completed_unreviewed,,,,,,,cuda,,phase1-v1.1-2026-09-19,bf738b9c42104197ee6204f9bcbd223fe0b3c3e2,398328c1b97739e5afcc5f2a562af5243971c5c4f9352c2b0c8a2764bc96d4d6,5,checkpoint.pth;pred.npy;true.npy;metrics.npy;run.log,checkpoint.pth;pred.npy;true.npy;metrics.npy;run.log,,1142926
stage_b_p4,reproduction/results/phase1/p4-partial-20260929/attempts,P4; partial B_screen,B_screen,B_screen_TLT_revin-iTransformer_h24_s2021,B_screen_TLT_revin-iTransformer_h24_s2021__attempt-01,completed_unreviewed,,,,,,,cuda,,phase1-v1.1-2026-09-19,bf738b9c42104197ee6204f9bcbd223fe0b3c3e2,117a539902ea2988aed206df198110603d50b0266c9e7ced36454654d765585d,5,checkpoint.pth;pred.npy;true.npy;metrics.npy;run.log,checkpoint.pth;pred.npy;true.npy;metrics.npy;run.log,,1233773
stage_b_p4,reproduction/results/phase1/p4-partial-20260929/attempts,P4; partial B_screen,B_screen,B_screen_TLT_revin-PatchTST_h1_s2021,B_screen_TLT_revin-PatchTST_h1_s2021__attempt-01,completed_unreviewed,,,,,,,cuda,,phase1-v1.1-2026-09-19,bf738b9c42104197ee6204f9bcbd223fe0b3c3e2,4fbbdb030b34711255ac1ef0c0f57bf3d3e759018f6d83a9c840ac8227008f05,5,checkpoint.pth;pred.npy;true.npy;metrics.npy;run.log,checkpoint.pth;pred.npy;true.npy;metrics.npy;run.log,,1774309
stage_b_p4,reproduction/results/phase1/p4-partial-20260929/attempts,P4; partial B_screen,B_screen,B_screen_TLT_revin-PatchTST_h24_s2021,B_screen_TLT_revin-PatchTST_h24_s2021__attempt-01,completed_unreviewed,,,,,,,cuda,,phase1-v1.1-2026-09-19,bf738b9c42104197ee6204f9bcbd223fe0b3c3e2,d9e3984269b8b232863a0c768756fb23347274ffcdd77e2d1821af312ae24501,5,checkpoint.pth;pred.npy;true.npy;metrics.npy;run.log,checkpoint.pth;pred.npy;true.npy;metrics.npy;run.log,,1898116
stage_b_p4,reproduction/results/phase1/p4-partial-20260929/attempts,P4; partial B_screen,B_screen,B_screen_TM_DeReFusion_h1_s2021,B_screen_TM_DeReFusion_h1_s2021__attempt-01,completed_unreviewed,,,,,,,cuda,,phase1-v1.1-2026-09-19,bf738b9c42104197ee6204f9bcbd223fe0b3c3e2,3cb59ef06dec5dc0b67307a71c16ff7e62ecc68b7fc58dc54929017a5548ba49,5,checkpoint.pth;pred.npy;true.npy;metrics.npy;run.log,checkpoint.pth;pred.npy;true.npy;metrics.npy;run.log,,113844
stage_b_p4,reproduction/results/phase1/p4-partial-20260929/attempts,P4; partial B_screen,B_screen,B_screen_TM_DeReFusion_h24_s2021,B_screen_TM_DeReFusion_h24_s2021__attempt-01,completed_unreviewed,,,,,,,cuda,,phase1-v1.1-2026-09-19,bf738b9c42104197ee6204f9bcbd223fe0b3c3e2,a864ee41c35b6842b7241e7142947112529a7c927eb46267ac12867512dc5065,5,checkpoint.pth;pred.npy;true.npy;metrics.npy;run.log,checkpoint.pth;pred.npy;true.npy;metrics.npy;run.log,,224964
stage_b_p4,reproduction/results/phase1/p4-partial-20260929/attempts,P4; partial B_screen,B_screen,B_screen_TM_revin-DLinear_h1_s2021,B_screen_TM_revin-DLinear_h1_s2021__attempt-01,completed_unreviewed,,,,,,,cuda,,phase1-v1.1-2026-09-19,bf738b9c42104197ee6204f9bcbd223fe0b3c3e2,5dea863a5c336bd423af5337079a56e6bb016042feeb3dadf5dc9e4b80481937,5,checkpoint.pth;pred.npy;true.npy;metrics.npy;run.log,checkpoint.pth;pred.npy;true.npy;metrics.npy;run.log,,20573
stage_b_p4,reproduction/results/phase1/p4-partial-20260929/attempts,P4; partial B_screen,B_screen,B_screen_TM_revin-DLinear_h24_s2021,B_screen_TM_revin-DLinear_h24_s2021__attempt-01,completed_unreviewed,,,,,,,cuda,,phase1-v1.1-2026-09-19,bf738b9c42104197ee6204f9bcbd223fe0b3c3e2,f95573c7c1d5012ad8fdf6f9bf508fbd22a105d3d7805c99398fe1ac8899e386,5,checkpoint.pth;pred.npy;true.npy;metrics.npy;run.log,checkpoint.pth;pred.npy;true.npy;metrics.npy;run.log,,125669
stage_b_p4,reproduction/results/phase1/p4-partial-20260929/attempts,P4; partial B_screen,B_screen,B_screen_TM_revin-iTransformer_h1_s2021,B_screen_TM_revin-iTransformer_h1_s2021__attempt-01,completed_unreviewed,,,,,,,cuda,,phase1-v1.1-2026-09-19,bf738b9c42104197ee6204f9bcbd223fe0b3c3e2,492cdc13c516c3825fd93aad9f63772e88838b88a2e97b0057dc88c5df0f4651,5,checkpoint.pth;pred.npy;true.npy;metrics.npy;run.log,checkpoint.pth;pred.npy;true.npy;metrics.npy;run.log,,1144754
stage_b_p4,reproduction/results/phase1/p4-partial-20260929/attempts,P4; partial B_screen,B_screen,B_screen_TM_revin-iTransformer_h24_s2021,B_screen_TM_revin-iTransformer_h24_s2021__attempt-01,completed_unreviewed,,,,,,,cuda,,phase1-v1.1-2026-09-19,bf738b9c42104197ee6204f9bcbd223fe0b3c3e2,1127dd0419c3621b633b0f10593c732e7885062fb6ad9f76742092c38ef8a85c,5,checkpoint.pth;pred.npy;true.npy;metrics.npy;run.log,checkpoint.pth;pred.npy;true.npy;metrics.npy;run.log,,1234158
stage_b_p4,reproduction/results/phase1/p4-partial-20260929/attempts,P4; partial B_screen,B_screen,B_screen_TM_revin-PatchTST_h1_s2021,B_screen_TM_revin-PatchTST_h1_s2021__attempt-01,completed_unreviewed,,,,,,,cuda,,phase1-v1.1-2026-09-19,bf738b9c42104197ee6204f9bcbd223fe0b3c3e2,aa917d4797ff41885a560e6a97fd3099a4d781d5067177baac3037587b6d1421,5,checkpoint.pth;pred.npy;true.npy;metrics.npy;run.log,checkpoint.pth;pred.npy;true.npy;metrics.npy;run.log,,1774178
stage_b_p4,reproduction/results/phase1/p4-partial-20260929/attempts,P4; partial B_screen,B_screen,B_screen_TM_revin-PatchTST_h24_s2021,B_screen_TM_revin-PatchTST_h24_s2021__attempt-01,completed_unreviewed,,,,,,,cuda,,phase1-v1.1-2026-09-19,bf738b9c42104197ee6204f9bcbd223fe0b3c3e2,267b6fa2a398dfaf4c4f7564dffafcdb17a92ee9899ed3a77bb37c954accfdb6,5,checkpoint.pth;pred.npy;true.npy;metrics.npy;run.log,checkpoint.pth;pred.npy;true.npy;metrics.npy;run.log,,1896284
stage_b_p4,reproduction/results/phase1/p4-partial-20260929/attempts,P4; partial B_screen,B_screen,B_screen_TSLA_DeReFusion_h1_s2021,B_screen_TSLA_DeReFusion_h1_s2021__attempt-01,completed_unreviewed,,,,,,,cuda,,phase1-v1.1-2026-09-19,bf738b9c42104197ee6204f9bcbd223fe0b3c3e2,d89a10baf6f4f7061bf14806571d6e6ea8c672c6ffd977f94a01a6e7e11bb824,5,checkpoint.pth;pred.npy;true.npy;metrics.npy;run.log,checkpoint.pth;pred.npy;true.npy;metrics.npy;run.log,,113832
stage_b_p4,reproduction/results/phase1/p4-partial-20260929/attempts,P4; partial B_screen,B_screen,B_screen_TSLA_DeReFusion_h24_s2021,B_screen_TSLA_DeReFusion_h24_s2021__attempt-01,completed_unreviewed,,,,,,,cuda,,phase1-v1.1-2026-09-19,bf738b9c42104197ee6204f9bcbd223fe0b3c3e2,dab5b222e7ca2c073356ec4b3e029326cf24faab7ac69202bf33ce39157523a1,5,checkpoint.pth;pred.npy;true.npy;metrics.npy;run.log,checkpoint.pth;pred.npy;true.npy;metrics.npy;run.log,,227176
stage_b_p4,reproduction/results/phase1/p4-partial-20260929/attempts,P4; partial B_screen,B_screen,B_screen_TSLA_revin-DLinear_h1_s2021,B_screen_TSLA_revin-DLinear_h1_s2021__attempt-01,completed_unreviewed,,,,,,,cuda,,phase1-v1.1-2026-09-19,bf738b9c42104197ee6204f9bcbd223fe0b3c3e2,898ba410cc280afb78040cba57afa07645d1c5f649fbf6c9e6502f662e165726,5,checkpoint.pth;pred.npy;true.npy;metrics.npy;run.log,checkpoint.pth;pred.npy;true.npy;metrics.npy;run.log,,20600
stage_b_p4,reproduction/results/phase1/p4-partial-20260929/attempts,P4; partial B_screen,B_screen,B_screen_TSLA_revin-DLinear_h24_s2021,B_screen_TSLA_revin-DLinear_h24_s2021__attempt-01,completed_unreviewed,,,,,,,cuda,,phase1-v1.1-2026-09-19,bf738b9c42104197ee6204f9bcbd223fe0b3c3e2,85b47c053445470162168a91cf622ce3e85595c6c0f341e8fe945651a71a1d9f,5,checkpoint.pth;pred.npy;true.npy;metrics.npy;run.log,checkpoint.pth;pred.npy;true.npy;metrics.npy;run.log,,124028
stage_b_p4,reproduction/results/phase1/p4-partial-20260929/attempts,P4; partial B_screen,B_screen,B_screen_TSLA_revin-iTransformer_h1_s2021,B_screen_TSLA_revin-iTransformer_h1_s2021__attempt-01,completed_unreviewed,,,,,,,cuda,,phase1-v1.1-2026-09-19,bf738b9c42104197ee6204f9bcbd223fe0b3c3e2,d0e5ca8bb56c7d5a0d3cfb3730273ee740df75c63f60d9afe03ec610a0e281b6,5,checkpoint.pth;pred.npy;true.npy;metrics.npy;run.log,checkpoint.pth;pred.npy;true.npy;metrics.npy;run.log,,1141226
stage_b_p4,reproduction/results/phase1/p4-partial-20260929/attempts,P4; partial B_screen,B_screen,B_screen_TSLA_revin-iTransformer_h24_s2021,B_screen_TSLA_revin-iTransformer_h24_s2021__attempt-01,completed_unreviewed,,,,,,,cuda,,phase1-v1.1-2026-09-19,bf738b9c42104197ee6204f9bcbd223fe0b3c3e2,b699210b561794629c7c4f8916db4ed33805f1ad81c0ab1c7e2b8b4d34d38f7f,5,checkpoint.pth;pred.npy;true.npy;metrics.npy;run.log,checkpoint.pth;pred.npy;true.npy;metrics.npy;run.log,,1231808
stage_b_p4,reproduction/results/phase1/p4-partial-20260929/attempts,P4; partial B_screen,B_screen,B_screen_TSLA_revin-PatchTST_h1_s2021,B_screen_TSLA_revin-PatchTST_h1_s2021__attempt-01,completed_unreviewed,,,,,,,cuda,,phase1-v1.1-2026-09-19,bf738b9c42104197ee6204f9bcbd223fe0b3c3e2,e271a5c797701cdacb047c446241ddd911f0bf8139597ca06c0de5eb519ba429,5,checkpoint.pth;pred.npy;true.npy;metrics.npy;run.log,checkpoint.pth;pred.npy;true.npy;metrics.npy;run.log,,1774165
stage_b_p4,reproduction/results/phase1/p4-partial-20260929/attempts,P4; partial B_screen,B_screen,B_screen_TSLA_revin-PatchTST_h24_s2021,B_screen_TSLA_revin-PatchTST_h24_s2021__attempt-01,completed_unreviewed,,,,,,,cuda,,phase1-v1.1-2026-09-19,bf738b9c42104197ee6204f9bcbd223fe0b3c3e2,fafacc7355e2a3df3cbae4f6ba5dd391d800c28f26a947c7a9d1d1f6eaca7944,5,checkpoint.pth;pred.npy;true.npy;metrics.npy;run.log,checkpoint.pth;pred.npy;true.npy;metrics.npy;run.log,,1898120
stage_b_p4,reproduction/results/phase1/p4-partial-20260929/attempts,P4; partial B_screen,B_screen,B_screen_USDCAD_DeReFusion_h1_s2021,B_screen_USDCAD_DeReFusion_h1_s2021__attempt-01,completed_unreviewed,,,,,,,cuda,,phase1-v1.1-2026-09-19,bf738b9c42104197ee6204f9bcbd223fe0b3c3e2,92ae6d9571cde613640e21105bdd6a2bffbf99e644d0a6396b7acd47d83bfce8,5,checkpoint.pth;pred.npy;true.npy;metrics.npy;run.log,checkpoint.pth;pred.npy;true.npy;metrics.npy;run.log,,113755
stage_b_p4,reproduction/results/phase1/p4-partial-20260929/attempts,P4; partial B_screen,B_screen,B_screen_USDCAD_DeReFusion_h24_s2021,B_screen_USDCAD_DeReFusion_h24_s2021__attempt-01,completed_unreviewed,,,,,,,cuda,,phase1-v1.1-2026-09-19,bf738b9c42104197ee6204f9bcbd223fe0b3c3e2,6e8c1672454bda33dbebdb6379b5dcc00d39c8ccaf55f74d433be8fe93e54ca3,5,checkpoint.pth;pred.npy;true.npy;metrics.npy;run.log,checkpoint.pth;pred.npy;true.npy;metrics.npy;run.log,,230159
stage_b_p4,reproduction/results/phase1/p4-partial-20260929/attempts,P4; partial B_screen,B_screen,B_screen_USDCAD_revin-DLinear_h1_s2021,B_screen_USDCAD_revin-DLinear_h1_s2021__attempt-01,completed_unreviewed,,,,,,,cuda,,phase1-v1.1-2026-09-19,bf738b9c42104197ee6204f9bcbd223fe0b3c3e2,d6ce8c753ddf59c011b73b575d5174b7deaa419243196227042fe5404d338e2f,5,checkpoint.pth;pred.npy;true.npy;metrics.npy;run.log,checkpoint.pth;pred.npy;true.npy;metrics.npy;run.log,,19761
stage_b_p4,reproduction/results/phase1/p4-partial-20260929/attempts,P4; partial B_screen,B_screen,B_screen_USDCAD_revin-DLinear_h24_s2021,B_screen_USDCAD_revin-DLinear_h24_s2021__attempt-01,completed_unreviewed,,,,,,,cuda,,phase1-v1.1-2026-09-19,bf738b9c42104197ee6204f9bcbd223fe0b3c3e2,7406d67b061fc58e5069473df2398a2c84bcfb278aa15f5aedace9aa2d4b635f,5,checkpoint.pth;pred.npy;true.npy;metrics.npy;run.log,checkpoint.pth;pred.npy;true.npy;metrics.npy;run.log,,126938
stage_b_p4,reproduction/results/phase1/p4-partial-20260929/attempts,P4; partial B_screen,B_screen,B_screen_USDCAD_revin-iTransformer_h1_s2021,B_screen_USDCAD_revin-iTransformer_h1_s2021__attempt-01,completed_unreviewed,,,,,,,cuda,,phase1-v1.1-2026-09-19,bf738b9c42104197ee6204f9bcbd223fe0b3c3e2,d4469877d9eeb63fdc4ceeac0fcaf043de3fe94a287d8649aaeaf048303f823b,5,checkpoint.pth;pred.npy;true.npy;metrics.npy;run.log,checkpoint.pth;pred.npy;true.npy;metrics.npy;run.log,,1143364
stage_b_p4,reproduction/results/phase1/p4-partial-20260929/attempts,P4; partial B_screen,B_screen,B_screen_USDCAD_revin-iTransformer_h24_s2021,B_screen_USDCAD_revin-iTransformer_h24_s2021__attempt-01,completed_unreviewed,,,,,,,cuda,,phase1-v1.1-2026-09-19,bf738b9c42104197ee6204f9bcbd223fe0b3c3e2,2f5f5e5bf1ce206083373870ad1279ad435ae935f63b8674d8c36c58d4fe6291,5,checkpoint.pth;pred.npy;true.npy;metrics.npy;run.log,checkpoint.pth;pred.npy;true.npy;metrics.npy;run.log,,1235923
stage_b_p4,reproduction/results/phase1/p4-partial-20260929/attempts,P4; partial B_screen,B_screen,B_screen_USDCAD_revin-PatchTST_h1_s2021,B_screen_USDCAD_revin-PatchTST_h1_s2021__attempt-01,completed_unreviewed,,,,,,,cuda,,phase1-v1.1-2026-09-19,bf738b9c42104197ee6204f9bcbd223fe0b3c3e2,652a69c578e2a210d52c029a3656951ded0f47f968d0465eebee6de921504d91,5,checkpoint.pth;pred.npy;true.npy;metrics.npy;run.log,checkpoint.pth;pred.npy;true.npy;metrics.npy;run.log,,1773539
stage_b_p4,reproduction/results/phase1/p4-partial-20260929/attempts,P4; partial B_screen,B_screen,B_screen_USDCAD_revin-PatchTST_h24_s2021,B_screen_USDCAD_revin-PatchTST_h24_s2021__attempt-01,completed_unreviewed,,,,,,,cuda,,phase1-v1.1-2026-09-19,bf738b9c42104197ee6204f9bcbd223fe0b3c3e2,bc051905f8ab9ea3dcd0bb99a2223c74952c29918198855436da8b9aece84151,5,checkpoint.pth;pred.npy;true.npy;metrics.npy;run.log,checkpoint.pth;pred.npy;true.npy;metrics.npy;run.log,,1900197
stage_b_p4,reproduction/results/phase1/p4-partial-20260929/attempts,P4; partial B_screen,B_screen,B_screen_USDJPY_DeReFusion_h1_s2021,B_screen_USDJPY_DeReFusion_h1_s2021__attempt-01,completed_unreviewed,,,,,,,cuda,,phase1-v1.1-2026-09-19,bf738b9c42104197ee6204f9bcbd223fe0b3c3e2,1c66f40a5f83503ebf45e47f1cd0ddd56a29206498e8bc3a28e22cd2f12c5b24,5,checkpoint.pth;pred.npy;true.npy;metrics.npy;run.log,checkpoint.pth;pred.npy;true.npy;metrics.npy;run.log,,113705
stage_b_p4,reproduction/results/phase1/p4-partial-20260929/attempts,P4; partial B_screen,B_screen,B_screen_USDJPY_DeReFusion_h24_s2021,B_screen_USDJPY_DeReFusion_h24_s2021__attempt-01,completed_unreviewed,,,,,,,cuda,,phase1-v1.1-2026-09-19,bf738b9c42104197ee6204f9bcbd223fe0b3c3e2,eefaf008f3bb8a64434a1e99c2bccda3ac113ba98dde8f13fc33b22aa10edffe,5,checkpoint.pth;pred.npy;true.npy;metrics.npy;run.log,checkpoint.pth;pred.npy;true.npy;metrics.npy;run.log,,231202
stage_b_p4,reproduction/results/phase1/p4-partial-20260929/attempts,P4; partial B_screen,B_screen,B_screen_USDJPY_revin-DLinear_h1_s2021,B_screen_USDJPY_revin-DLinear_h1_s2021__attempt-01,completed_unreviewed,,,,,,,cuda,,phase1-v1.1-2026-09-19,bf738b9c42104197ee6204f9bcbd223fe0b3c3e2,a5ed4a03b83e75f1a7b5d797d697f909dda93708253f11ee71bd2be2ad90c9eb,5,checkpoint.pth;pred.npy;true.npy;metrics.npy;run.log,checkpoint.pth;pred.npy;true.npy;metrics.npy;run.log,,20396
stage_b_p4,reproduction/results/phase1/p4-partial-20260929/attempts,P4; partial B_screen,B_screen,B_screen_USDJPY_revin-DLinear_h24_s2021,B_screen_USDJPY_revin-DLinear_h24_s2021__attempt-01,completed_unreviewed,,,,,,,cuda,,phase1-v1.1-2026-09-19,bf738b9c42104197ee6204f9bcbd223fe0b3c3e2,0109ac3d8617f0e55e8a43fc250ad5d87ac2b52a08b988ebff71baac60258323,5,checkpoint.pth;pred.npy;true.npy;metrics.npy;run.log,checkpoint.pth;pred.npy;true.npy;metrics.npy;run.log,,129681
stage_b_p4,reproduction/results/phase1/p4-partial-20260929/attempts,P4; partial B_screen,B_screen,B_screen_USDJPY_revin-iTransformer_h1_s2021,B_screen_USDJPY_revin-iTransformer_h1_s2021__attempt-01,completed_unreviewed,,,,,,,cuda,,phase1-v1.1-2026-09-19,bf738b9c42104197ee6204f9bcbd223fe0b3c3e2,f58b5edbaef931c3b7ce5a53e166ce3d497aa5198b11c8b329e84b3789c8a90e,5,checkpoint.pth;pred.npy;true.npy;metrics.npy;run.log,checkpoint.pth;pred.npy;true.npy;metrics.npy;run.log,,1141734
stage_b_p4,reproduction/results/phase1/p4-partial-20260929/attempts,P4; partial B_screen,B_screen,B_screen_USDJPY_revin-iTransformer_h24_s2021,B_screen_USDJPY_revin-iTransformer_h24_s2021__attempt-01,completed_unreviewed,,,,,,,cuda,,phase1-v1.1-2026-09-19,bf738b9c42104197ee6204f9bcbd223fe0b3c3e2,544c8af802ba1d57d2e35eb2c4189eedae9b4e8f27087796b0d75aa9e07600fc,5,checkpoint.pth;pred.npy;true.npy;metrics.npy;run.log,checkpoint.pth;pred.npy;true.npy;metrics.npy;run.log,,1237671
stage_b_p4,reproduction/results/phase1/p4-partial-20260929/attempts,P4; partial B_screen,B_screen,B_screen_USDJPY_revin-PatchTST_h1_s2021,B_screen_USDJPY_revin-PatchTST_h1_s2021__attempt-01,completed_unreviewed,,,,,,,cuda,,phase1-v1.1-2026-09-19,bf738b9c42104197ee6204f9bcbd223fe0b3c3e2,4a5eb5a6b86e28c3af0efb975d445442f79985525109db2a34cf1ec63fc569ad,5,checkpoint.pth;pred.npy;true.npy;metrics.npy;run.log,checkpoint.pth;pred.npy;true.npy;metrics.npy;run.log,,1774534
stage_b_p4,reproduction/results/phase1/p4-partial-20260929/attempts,P4; partial B_screen,B_screen,B_screen_USDJPY_revin-PatchTST_h24_s2021,B_screen_USDJPY_revin-PatchTST_h24_s2021__attempt-01,completed_unreviewed,,,,,,,cuda,,phase1-v1.1-2026-09-19,bf738b9c42104197ee6204f9bcbd223fe0b3c3e2,c8eb4db2d9e09843a7724ffa3d44f6bac460a94d1030837d94386f15ad4427e3,5,checkpoint.pth;pred.npy;true.npy;metrics.npy;run.log,checkpoint.pth;pred.npy;true.npy;metrics.npy;run.log,,1903431
stage_b_p4,reproduction/results/phase1/p4-partial-20260929/attempts,P4; partial B_screen,B_screen,B_screen_WMT_DeReFusion_h1_s2021,B_screen_WMT_DeReFusion_h1_s2021__attempt-01,completed_unreviewed,,,,,,,cuda,,phase1-v1.1-2026-09-19,bf738b9c42104197ee6204f9bcbd223fe0b3c3e2,d36f09010924db897663cca64dc3f8d16c630bc0bce390a0cf470702d3e9a2e3,5,checkpoint.pth;pred.npy;true.npy;metrics.npy;run.log,checkpoint.pth;pred.npy;true.npy;metrics.npy;run.log,,113928
stage_b_p4,reproduction/results/phase1/p4-partial-20260929/attempts,P4; partial B_screen,B_screen,B_screen_WMT_DeReFusion_h24_s2021,B_screen_WMT_DeReFusion_h24_s2021__attempt-01,completed_unreviewed,,,,,,,cuda,,phase1-v1.1-2026-09-19,bf738b9c42104197ee6204f9bcbd223fe0b3c3e2,99cf481e83d2381f5008e3b74a9e3bdd341d2d3338b97aafff5c80d768e2bd5d,5,checkpoint.pth;pred.npy;true.npy;metrics.npy;run.log,checkpoint.pth;pred.npy;true.npy;metrics.npy;run.log,,224940
stage_b_p4,reproduction/results/phase1/p4-partial-20260929/attempts,P4; partial B_screen,B_screen,B_screen_WMT_revin-DLinear_h1_s2021,B_screen_WMT_revin-DLinear_h1_s2021__attempt-01,completed_unreviewed,,,,,,,cuda,,phase1-v1.1-2026-09-19,bf738b9c42104197ee6204f9bcbd223fe0b3c3e2,e1ebf5a17102ef33c1600a72a1c2455cd075688b0dc3cb823f061f63f67cb752,5,checkpoint.pth;pred.npy;true.npy;metrics.npy;run.log,checkpoint.pth;pred.npy;true.npy;metrics.npy;run.log,,20589
stage_b_p4,reproduction/results/phase1/p4-partial-20260929/attempts,P4; partial B_screen,B_screen,B_screen_WMT_revin-DLinear_h24_s2021,B_screen_WMT_revin-DLinear_h24_s2021__attempt-01,completed_unreviewed,,,,,,,cuda,,phase1-v1.1-2026-09-19,bf738b9c42104197ee6204f9bcbd223fe0b3c3e2,4f6b1580c0be5b4df9627bc97ce2d367216c612de7ebe7bbc2f6ae4df5d9f14a,5,checkpoint.pth;pred.npy;true.npy;metrics.npy;run.log,checkpoint.pth;pred.npy;true.npy;metrics.npy;run.log,,124621
stage_b_p4,reproduction/results/phase1/p4-partial-20260929/attempts,P4; partial B_screen,B_screen,B_screen_WMT_revin-iTransformer_h1_s2021,B_screen_WMT_revin-iTransformer_h1_s2021__attempt-01,completed_unreviewed,,,,,,,cuda,,phase1-v1.1-2026-09-19,bf738b9c42104197ee6204f9bcbd223fe0b3c3e2,7600a004db29ebec06fc0675cdb01ef26e3ba4f1cd5692e0de7ef8e27e8435ec,5,checkpoint.pth;pred.npy;true.npy;metrics.npy;run.log,checkpoint.pth;pred.npy;true.npy;metrics.npy;run.log,,1143715
stage_b_p4,reproduction/results/phase1/p4-partial-20260929/attempts,P4; partial B_screen,B_screen,B_screen_WMT_revin-iTransformer_h24_s2021,B_screen_WMT_revin-iTransformer_h24_s2021__attempt-01,completed_unreviewed,,,,,,,cuda,,phase1-v1.1-2026-09-19,bf738b9c42104197ee6204f9bcbd223fe0b3c3e2,86e1e9085751fce44aafd32d65a1af2a2a653f33ab89c3a6c26eaabc0a8f4aaa,5,checkpoint.pth;pred.npy;true.npy;metrics.npy;run.log,checkpoint.pth;pred.npy;true.npy;metrics.npy;run.log,,1231387
stage_b_p4,reproduction/results/phase1/p4-partial-20260929/attempts,P4; partial B_screen,B_screen,B_screen_WMT_revin-PatchTST_h1_s2021,B_screen_WMT_revin-PatchTST_h1_s2021__attempt-01,completed_unreviewed,,,,,,,cuda,,phase1-v1.1-2026-09-19,bf738b9c42104197ee6204f9bcbd223fe0b3c3e2,3ad9db42c715e340d28328b404c183728a6c4ca7e1086d29ae2e54bc287417a2,5,checkpoint.pth;pred.npy;true.npy;metrics.npy;run.log,checkpoint.pth;pred.npy;true.npy;metrics.npy;run.log,,1775883
stage_b_p4,reproduction/results/phase1/p4-partial-20260929/attempts,P4; partial B_screen,B_screen,B_screen_WMT_revin-PatchTST_h24_s2021,B_screen_WMT_revin-PatchTST_h24_s2021__attempt-01,completed_unreviewed,,,,,,,cuda,,phase1-v1.1-2026-09-19,bf738b9c42104197ee6204f9bcbd223fe0b3c3e2,3eee18849e0a20230512840cc5a8d390d1001235e22e388b29903a1056201404,5,checkpoint.pth;pred.npy;true.npy;metrics.npy;run.log,checkpoint.pth;pred.npy;true.npy;metrics.npy;run.log,,1896112
stage_b_p4,reproduction/results/phase1/p4-partial-20260929/attempts,P4; partial B_screen,B_screen,B_screen_WTI_DeReFusion_h1_s2021,B_screen_WTI_DeReFusion_h1_s2021__attempt-01,completed_unreviewed,,,,,,,cuda,,phase1-v1.1-2026-09-19,bf738b9c42104197ee6204f9bcbd223fe0b3c3e2,f7ba6498492369a4858fdca8a9a4c00c9a432a8923197a021919560597dcaf76,5,checkpoint.pth;pred.npy;true.npy;metrics.npy;run.log,checkpoint.pth;pred.npy;true.npy;metrics.npy;run.log,,113971
stage_b_p4,reproduction/results/phase1/p4-partial-20260929/attempts,P4; partial B_screen,B_screen,B_screen_WTI_DeReFusion_h24_s2021,B_screen_WTI_DeReFusion_h24_s2021__attempt-01,completed_unreviewed,,,,,,,cuda,,phase1-v1.1-2026-09-19,bf738b9c42104197ee6204f9bcbd223fe0b3c3e2,6185acfddf55381733778829a927863cb6cb8d18b698889ddd28c9ef0ba92983,5,checkpoint.pth;pred.npy;true.npy;metrics.npy;run.log,checkpoint.pth;pred.npy;true.npy;metrics.npy;run.log,,225470
stage_b_p4,reproduction/results/phase1/p4-partial-20260929/attempts,P4; partial B_screen,B_screen,B_screen_WTI_revin-DLinear_h1_s2021,B_screen_WTI_revin-DLinear_h1_s2021__attempt-01,completed_unreviewed,,,,,,,cuda,,phase1-v1.1-2026-09-19,bf738b9c42104197ee6204f9bcbd223fe0b3c3e2,480315622eb3859e412194b43edd75eff68b6cac522b06138f443ae316845e44,5,checkpoint.pth;pred.npy;true.npy;metrics.npy;run.log,checkpoint.pth;pred.npy;true.npy;metrics.npy;run.log,,20620
stage_b_p4,reproduction/results/phase1/p4-partial-20260929/attempts,P4; partial B_screen,B_screen,B_screen_WTI_revin-DLinear_h24_s2021,B_screen_WTI_revin-DLinear_h24_s2021__attempt-01,completed_unreviewed,,,,,,,cuda,,phase1-v1.1-2026-09-19,bf738b9c42104197ee6204f9bcbd223fe0b3c3e2,caa624b124de70f691c175cca3142fde5188085dd8e040f691a821bc74c97199,5,checkpoint.pth;pred.npy;true.npy;metrics.npy;run.log,checkpoint.pth;pred.npy;true.npy;metrics.npy;run.log,,124911
stage_b_p4,reproduction/results/phase1/p4-partial-20260929/attempts,P4; partial B_screen,B_screen,B_screen_WTI_revin-iTransformer_h1_s2021,B_screen_WTI_revin-iTransformer_h1_s2021__attempt-01,completed_unreviewed,,,,,,,cuda,,phase1-v1.1-2026-09-19,bf738b9c42104197ee6204f9bcbd223fe0b3c3e2,bd5d0a55574db9474f673dff0e27acdb4d3fbcac958b57df5690e923f938af3d,5,checkpoint.pth;pred.npy;true.npy;metrics.npy;run.log,checkpoint.pth;pred.npy;true.npy;metrics.npy;run.log,,1142207
stage_b_p4,reproduction/results/phase1/p4-partial-20260929/attempts,P4; partial B_screen,B_screen,B_screen_WTI_revin-iTransformer_h24_s2021,B_screen_WTI_revin-iTransformer_h24_s2021__attempt-01,completed_unreviewed,,,,,,,cuda,,phase1-v1.1-2026-09-19,bf738b9c42104197ee6204f9bcbd223fe0b3c3e2,b8be4d71c739398b49076b9354a67228e4b450ee3c89189c99be549a3234f851,5,checkpoint.pth;pred.npy;true.npy;metrics.npy;run.log,checkpoint.pth;pred.npy;true.npy;metrics.npy;run.log,,1233909
stage_b_p4,reproduction/results/phase1/p4-partial-20260929/attempts,P4; partial B_screen,B_screen,B_screen_WTI_revin-PatchTST_h1_s2021,B_screen_WTI_revin-PatchTST_h1_s2021__attempt-01,completed_unreviewed,,,,,,,cuda,,phase1-v1.1-2026-09-19,bf738b9c42104197ee6204f9bcbd223fe0b3c3e2,04f603ca9d53ffef1acc14074d13640523dd52332f7f8bdd00f0890282e170b7,5,checkpoint.pth;pred.npy;true.npy;metrics.npy;run.log,checkpoint.pth;pred.npy;true.npy;metrics.npy;run.log,,1774069
stage_b_p4,reproduction/results/phase1/p4-partial-20260929/attempts,P4; partial B_screen,B_screen,B_screen_WTI_revin-PatchTST_h24_s2021,B_screen_WTI_revin-PatchTST_h24_s2021__attempt-01,completed_unreviewed,,,,,,,cuda,,phase1-v1.1-2026-09-19,bf738b9c42104197ee6204f9bcbd223fe0b3c3e2,fe2025c14c803f44dcf2e029b978ebb1fc3b8b5e7eeacc11b63848fa4689cee0,5,checkpoint.pth;pred.npy;true.npy;metrics.npy;run.log,checkpoint.pth;pred.npy;true.npy;metrics.npy;run.log,,1897149
stage_b_p4,reproduction/results/phase1/p4-partial-20260929/attempts,P4; partial B_screen,B_screen,B_screen_XOM_DeReFusion_h1_s2021,B_screen_XOM_DeReFusion_h1_s2021__attempt-01,completed_unreviewed,,,,,,,cuda,,phase1-v1.1-2026-09-19,bf738b9c42104197ee6204f9bcbd223fe0b3c3e2,250f1c6988403b441dc841d3e4fc6d1b01e184c6fbd37d0062f2d3ebf293f48f,5,checkpoint.pth;pred.npy;true.npy;metrics.npy;run.log,checkpoint.pth;pred.npy;true.npy;metrics.npy;run.log,,113892
stage_b_p4,reproduction/results/phase1/p4-partial-20260929/attempts,P4; partial B_screen,B_screen,B_screen_XOM_DeReFusion_h24_s2021,B_screen_XOM_DeReFusion_h24_s2021__attempt-01,completed_unreviewed,,,,,,,cuda,,phase1-v1.1-2026-09-19,bf738b9c42104197ee6204f9bcbd223fe0b3c3e2,d5c54230f629e9df2af5addb34860b4ab10a7c738224fbcd2d19fc6d6e67e6d7,5,checkpoint.pth;pred.npy;true.npy;metrics.npy;run.log,checkpoint.pth;pred.npy;true.npy;metrics.npy;run.log,,227770
stage_b_p4,reproduction/results/phase1/p4-partial-20260929/attempts,P4; partial B_screen,B_screen,B_screen_XOM_revin-DLinear_h1_s2021,B_screen_XOM_revin-DLinear_h1_s2021__attempt-01,completed_unreviewed,,,,,,,cuda,,phase1-v1.1-2026-09-19,bf738b9c42104197ee6204f9bcbd223fe0b3c3e2,111f673e6537fecadf0d622a17df898e70e83e8514444c0c61dd3fd7cc089c4a,5,checkpoint.pth;pred.npy;true.npy;metrics.npy;run.log,checkpoint.pth;pred.npy;true.npy;metrics.npy;run.log,,20591
stage_b_p4,reproduction/results/phase1/p4-partial-20260929/attempts,P4; partial B_screen,B_screen,B_screen_XOM_revin-DLinear_h24_s2021,B_screen_XOM_revin-DLinear_h24_s2021__attempt-01,completed_unreviewed,,,,,,,cuda,,phase1-v1.1-2026-09-19,bf738b9c42104197ee6204f9bcbd223fe0b3c3e2,b7aaeeff725e653e52629153a14e29ba3c8644af28e48f2b00e63cb638caa343,5,checkpoint.pth;pred.npy;true.npy;metrics.npy;run.log,checkpoint.pth;pred.npy;true.npy;metrics.npy;run.log,,123640
stage_b_p4,reproduction/results/phase1/p4-partial-20260929/attempts,P4; partial B_screen,B_screen,B_screen_XOM_revin-iTransformer_h1_s2021,B_screen_XOM_revin-iTransformer_h1_s2021__attempt-01,completed_unreviewed,,,,,,,cuda,,phase1-v1.1-2026-09-19,bf738b9c42104197ee6204f9bcbd223fe0b3c3e2,d60e464eef175178b807703fbb1e84d275f8b9d923ba7f48ccf65373c32eb24e,5,checkpoint.pth;pred.npy;true.npy;metrics.npy;run.log,checkpoint.pth;pred.npy;true.npy;metrics.npy;run.log,,1140397
stage_b_p4,reproduction/results/phase1/p4-partial-20260929/attempts,P4; partial B_screen,B_screen,B_screen_XOM_revin-iTransformer_h24_s2021,B_screen_XOM_revin-iTransformer_h24_s2021__attempt-01,completed_unreviewed,,,,,,,cuda,,phase1-v1.1-2026-09-19,bf738b9c42104197ee6204f9bcbd223fe0b3c3e2,00aab86c196506cf76736e8e74f270eedf5eeb4c29c1f6f11e77ec2d94fadba7,5,checkpoint.pth;pred.npy;true.npy;metrics.npy;run.log,checkpoint.pth;pred.npy;true.npy;metrics.npy;run.log,,1231389
stage_b_p4,reproduction/results/phase1/p4-partial-20260929/attempts,P4; partial B_screen,B_screen,B_screen_XOM_revin-PatchTST_h1_s2021,B_screen_XOM_revin-PatchTST_h1_s2021__attempt-01,completed_unreviewed,,,,,,,cuda,,phase1-v1.1-2026-09-19,bf738b9c42104197ee6204f9bcbd223fe0b3c3e2,588485b3f528863adbf52ee9de6900ea6236b7a396a44d6137e80339bf3abd44,5,checkpoint.pth;pred.npy;true.npy;metrics.npy;run.log,checkpoint.pth;pred.npy;true.npy;metrics.npy;run.log,,1775658
stage_b_p4,reproduction/results/phase1/p4-partial-20260929/attempts,P4; partial B_screen,B_screen,B_screen_XOM_revin-PatchTST_h24_s2021,B_screen_XOM_revin-PatchTST_h24_s2021__attempt-01,completed_unreviewed,,,,,,,cuda,,phase1-v1.1-2026-09-19,bf738b9c42104197ee6204f9bcbd223fe0b3c3e2,571e2056dab96275212301d1064667fa81466f83339e1b0a3790fb407f3ce30f,5,checkpoint.pth;pred.npy;true.npy;metrics.npy;run.log,checkpoint.pth;pred.npy;true.npy;metrics.npy;run.log,,1897667
stage_b_bridge_5060,reproduction/results/phase1/local-5060-bridge-v1,RTX 5060 Ti; nonconfirmatory bridge,B_screen,B_screen_AAPL_DeReFusion_h1_s2021,B_screen_AAPL_DeReFusion_h1_s2021__attempt-01,completed_unreviewed,,,,,local-5060-bridge-v1,nonconfirmatory_local_supplement,cuda,,phase1-v1.1-2026-09-19,c218ccc2cd98d3532648b7401fd2b6443cdcdf1d,f354a64c9ed455b186fdb965c395ef00248dc52340ef767b0021e01dca22e515,5,checkpoint.pth;pred.npy;true.npy;metrics.npy;run.log,checkpoint.pth;pred.npy;true.npy;metrics.npy;run.log,,114705
stage_b_bridge_5060,reproduction/results/phase1/local-5060-bridge-v1,RTX 5060 Ti; nonconfirmatory bridge,B_screen,B_screen_AAPL_DeReFusion_h24_s2021,B_screen_AAPL_DeReFusion_h24_s2021__attempt-01,completed_unreviewed,,,,,local-5060-bridge-v1,nonconfirmatory_local_supplement,cuda,,phase1-v1.1-2026-09-19,c218ccc2cd98d3532648b7401fd2b6443cdcdf1d,d95a9bb40340aca1d8b3265104583cc8560cda19bc21b709295f3d4ab41e0829,5,checkpoint.pth;pred.npy;true.npy;metrics.npy;run.log,checkpoint.pth;pred.npy;true.npy;metrics.npy;run.log,,225749
stage_b_bridge_5060,reproduction/results/phase1/local-5060-bridge-v1,RTX 5060 Ti; nonconfirmatory bridge,B_screen,B_screen_AAPL_revin-DLinear_h1_s2021,B_screen_AAPL_revin-DLinear_h1_s2021__attempt-01,completed_unreviewed,,,,,local-5060-bridge-v1,nonconfirmatory_local_supplement,cuda,,phase1-v1.1-2026-09-19,c218ccc2cd98d3532648b7401fd2b6443cdcdf1d,15bdaed531c19b56151d662b3907bb037c7e6376daa1387f75f336f20d38672d,5,checkpoint.pth;pred.npy;true.npy;metrics.npy;run.log,checkpoint.pth;pred.npy;true.npy;metrics.npy;run.log,,21458
stage_b_bridge_5060,reproduction/results/phase1/local-5060-bridge-v1,RTX 5060 Ti; nonconfirmatory bridge,B_screen,B_screen_AAPL_revin-DLinear_h24_s2021,B_screen_AAPL_revin-DLinear_h24_s2021__attempt-01,completed_unreviewed,,,,,local-5060-bridge-v1,nonconfirmatory_local_supplement,cuda,,phase1-v1.1-2026-09-19,c218ccc2cd98d3532648b7401fd2b6443cdcdf1d,b4274e74995273adfbaa7e8ed5174420c614eab66bf61632341b408369052963,5,checkpoint.pth;pred.npy;true.npy;metrics.npy;run.log,checkpoint.pth;pred.npy;true.npy;metrics.npy;run.log,,125647
stage_b_bridge_5060,reproduction/results/phase1/local-5060-bridge-v1,RTX 5060 Ti; nonconfirmatory bridge,B_screen,B_screen_AAPL_revin-iTransformer_h1_s2021,B_screen_AAPL_revin-iTransformer_h1_s2021__attempt-01,completed_unreviewed,,,,,local-5060-bridge-v1,nonconfirmatory_local_supplement,cuda,,phase1-v1.1-2026-09-19,c218ccc2cd98d3532648b7401fd2b6443cdcdf1d,1b4807c9668aaf1f3c1d606f28164d979c19becfa2717150567f86a7f2a68b50,5,checkpoint.pth;pred.npy;true.npy;metrics.npy;run.log,checkpoint.pth;pred.npy;true.npy;metrics.npy;run.log,,1141491
stage_b_bridge_5060,reproduction/results/phase1/local-5060-bridge-v1,RTX 5060 Ti; nonconfirmatory bridge,B_screen,B_screen_AAPL_revin-iTransformer_h24_s2021,B_screen_AAPL_revin-iTransformer_h24_s2021__attempt-01,completed_unreviewed,,,,,local-5060-bridge-v1,nonconfirmatory_local_supplement,cuda,,phase1-v1.1-2026-09-19,c218ccc2cd98d3532648b7401fd2b6443cdcdf1d,320dd514e731af42e4461923ca87f3268dfdc8f30aaef2934f9000341e0f09e0,5,checkpoint.pth;pred.npy;true.npy;metrics.npy;run.log,checkpoint.pth;pred.npy;true.npy;metrics.npy;run.log,,1234897
stage_b_bridge_5060,reproduction/results/phase1/local-5060-bridge-v1,RTX 5060 Ti; nonconfirmatory bridge,B_screen,B_screen_AAPL_revin-PatchTST_h1_s2021,B_screen_AAPL_revin-PatchTST_h1_s2021__attempt-01,completed_unreviewed,,,,,local-5060-bridge-v1,nonconfirmatory_local_supplement,cuda,,phase1-v1.1-2026-09-19,c218ccc2cd98d3532648b7401fd2b6443cdcdf1d,d8b81c175475d89814bef8ca3967fedcd289e2c3f8a14b7d13f146d63580cee9,5,checkpoint.pth;pred.npy;true.npy;metrics.npy;run.log,checkpoint.pth;pred.npy;true.npy;metrics.npy;run.log,,1774701
stage_b_bridge_5060,reproduction/results/phase1/local-5060-bridge-v1,RTX 5060 Ti; nonconfirmatory bridge,B_screen,B_screen_AAPL_revin-PatchTST_h24_s2021,B_screen_AAPL_revin-PatchTST_h24_s2021__attempt-01,completed_unreviewed,,,,,local-5060-bridge-v1,nonconfirmatory_local_supplement,cuda,,phase1-v1.1-2026-09-19,c218ccc2cd98d3532648b7401fd2b6443cdcdf1d,b8d4a24f3e11d298eb6df22a9518a4ceac1cf6eefe13c9fd4b121fcc0837119a,5,checkpoint.pth;pred.npy;true.npy;metrics.npy;run.log,checkpoint.pth;pred.npy;true.npy;metrics.npy;run.log,,1896819
stage_b_bridge_5060,reproduction/results/phase1/local-5060-bridge-v1,RTX 5060 Ti; nonconfirmatory bridge,B_screen,B_screen_AAPL_revin-TimesNet_h1_s2021,B_screen_AAPL_revin-TimesNet_h1_s2021__attempt-01,completed_unreviewed,,,,,local-5060-bridge-v1,nonconfirmatory_local_supplement,cuda,,phase1-v1.1-2026-09-19,c218ccc2cd98d3532648b7401fd2b6443cdcdf1d,de417b78255878eb9cb03bac2fd595ba1a4e70557837b672a1f4843f1a87cece,5,checkpoint.pth;pred.npy;true.npy;metrics.npy;run.log,checkpoint.pth;pred.npy;true.npy;metrics.npy;run.log,,300707264
stage_b_bridge_5060,reproduction/results/phase1/local-5060-bridge-v1,RTX 5060 Ti; nonconfirmatory bridge,B_screen,B_screen_AAPL_revin-TimesNet_h24_s2021,B_screen_AAPL_revin-TimesNet_h24_s2021__attempt-01,completed_unreviewed,,,,,local-5060-bridge-v1,nonconfirmatory_local_supplement,cuda,,phase1-v1.1-2026-09-19,c218ccc2cd98d3532648b7401fd2b6443cdcdf1d,94fb8a2eaa5f4686e62446cf5bf1016497865404d0b03d43bfd807d542d1590d,5,checkpoint.pth;pred.npy;true.npy;metrics.npy;run.log,checkpoint.pth;pred.npy;true.npy;metrics.npy;run.log,,300803541
stage_b_bridge_5060,reproduction/results/phase1/local-5060-bridge-v1,RTX 5060 Ti; nonconfirmatory bridge,B_screen,B_screen_BTCUSD_DeReFusion_h1_s2021,B_screen_BTCUSD_DeReFusion_h1_s2021__attempt-01,completed_unreviewed,,,,,local-5060-bridge-v1,nonconfirmatory_local_supplement,cuda,,phase1-v1.1-2026-09-19,c218ccc2cd98d3532648b7401fd2b6443cdcdf1d,47e619c0f3129efc3b14bebcd4f92b037a0624e45143f23084fa783214bedf71,5,checkpoint.pth;pred.npy;true.npy;metrics.npy;run.log,checkpoint.pth;pred.npy;true.npy;metrics.npy;run.log,,115922
stage_b_bridge_5060,reproduction/results/phase1/local-5060-bridge-v1,RTX 5060 Ti; nonconfirmatory bridge,B_screen,B_screen_BTCUSD_DeReFusion_h24_s2021,B_screen_BTCUSD_DeReFusion_h24_s2021__attempt-01,completed_unreviewed,,,,,local-5060-bridge-v1,nonconfirmatory_local_supplement,cuda,,phase1-v1.1-2026-09-19,c218ccc2cd98d3532648b7401fd2b6443cdcdf1d,6355b7c24904e1e74d3d1355bc0c17a8a0969bd8170ccd84723549fac29c3f99,5,checkpoint.pth;pred.npy;true.npy;metrics.npy;run.log,checkpoint.pth;pred.npy;true.npy;metrics.npy;run.log,,271499
stage_b_bridge_5060,reproduction/results/phase1/local-5060-bridge-v1,RTX 5060 Ti; nonconfirmatory bridge,B_screen,B_screen_BTCUSD_revin-DLinear_h1_s2021,B_screen_BTCUSD_revin-DLinear_h1_s2021__attempt-01,completed_unreviewed,,,,,local-5060-bridge-v1,nonconfirmatory_local_supplement,cuda,,phase1-v1.1-2026-09-19,c218ccc2cd98d3532648b7401fd2b6443cdcdf1d,f26694af4097f6fe814091dbeb6834e38db3db595fb32fd208c6314d2cfff90e,5,checkpoint.pth;pred.npy;true.npy;metrics.npy;run.log,checkpoint.pth;pred.npy;true.npy;metrics.npy;run.log,,23120
stage_b_bridge_5060,reproduction/results/phase1/local-5060-bridge-v1,RTX 5060 Ti; nonconfirmatory bridge,B_screen,B_screen_BTCUSD_revin-DLinear_h24_s2021,B_screen_BTCUSD_revin-DLinear_h24_s2021__attempt-01,completed_unreviewed,,,,,local-5060-bridge-v1,nonconfirmatory_local_supplement,cuda,,phase1-v1.1-2026-09-19,c218ccc2cd98d3532648b7401fd2b6443cdcdf1d,4d4a6d1526a2815f1184d891d739ee00ee172d843c898bad3e5f6ed5003da518,5,checkpoint.pth;pred.npy;true.npy;metrics.npy;run.log,checkpoint.pth;pred.npy;true.npy;metrics.npy;run.log,,170923
stage_b_bridge_5060,reproduction/results/phase1/local-5060-bridge-v1,RTX 5060 Ti; nonconfirmatory bridge,B_screen,B_screen_BTCUSD_revin-iTransformer_h1_s2021,B_screen_BTCUSD_revin-iTransformer_h1_s2021__attempt-01,completed_unreviewed,,,,,local-5060-bridge-v1,nonconfirmatory_local_supplement,cuda,,phase1-v1.1-2026-09-19,c218ccc2cd98d3532648b7401fd2b6443cdcdf1d,cf5c6bcdc7e45b91715ba73705a0b5e0c2bfc06a302ee2d07e8650af19c429ba,5,checkpoint.pth;pred.npy;true.npy;metrics.npy;run.log,checkpoint.pth;pred.npy;true.npy;metrics.npy;run.log,,1145066
stage_b_bridge_5060,reproduction/results/phase1/local-5060-bridge-v1,RTX 5060 Ti; nonconfirmatory bridge,B_screen,B_screen_BTCUSD_revin-iTransformer_h24_s2021,B_screen_BTCUSD_revin-iTransformer_h24_s2021__attempt-01,completed_unreviewed,,,,,local-5060-bridge-v1,nonconfirmatory_local_supplement,cuda,,phase1-v1.1-2026-09-19,c218ccc2cd98d3532648b7401fd2b6443cdcdf1d,4cb867d942afcdb55bb299ce463b960a2bfde8b579e6a563f940913f81cf07f5,5,checkpoint.pth;pred.npy;true.npy;metrics.npy;run.log,checkpoint.pth;pred.npy;true.npy;metrics.npy;run.log,,1278952
stage_b_bridge_5060,reproduction/results/phase1/local-5060-bridge-v1,RTX 5060 Ti; nonconfirmatory bridge,B_screen,B_screen_BTCUSD_revin-PatchTST_h1_s2021,B_screen_BTCUSD_revin-PatchTST_h1_s2021__attempt-01,completed_unreviewed,,,,,local-5060-bridge-v1,nonconfirmatory_local_supplement,cuda,,phase1-v1.1-2026-09-19,c218ccc2cd98d3532648b7401fd2b6443cdcdf1d,782651dd2737bf953c9bdbbe994831eb604901672d96de88c6908e5ad8b9b784,5,checkpoint.pth;pred.npy;true.npy;metrics.npy;run.log,checkpoint.pth;pred.npy;true.npy;metrics.npy;run.log,,1776509
stage_b_bridge_5060,reproduction/results/phase1/local-5060-bridge-v1,RTX 5060 Ti; nonconfirmatory bridge,B_screen,B_screen_BTCUSD_revin-PatchTST_h24_s2021,B_screen_BTCUSD_revin-PatchTST_h24_s2021__attempt-01,completed_unreviewed,,,,,local-5060-bridge-v1,nonconfirmatory_local_supplement,cuda,,phase1-v1.1-2026-09-19,c218ccc2cd98d3532648b7401fd2b6443cdcdf1d,ddb4b903f490f0dd7ea7c5e63ce607e14cd473df456ef02c81f3ee18699367b8,5,checkpoint.pth;pred.npy;true.npy;metrics.npy;run.log,checkpoint.pth;pred.npy;true.npy;metrics.npy;run.log,,1942274
stage_b_bridge_5060,reproduction/results/phase1/local-5060-bridge-v1,RTX 5060 Ti; nonconfirmatory bridge,B_screen,B_screen_EURUSD_DeReFusion_h1_s2021,B_screen_EURUSD_DeReFusion_h1_s2021__attempt-01,completed_unreviewed,,,,,local-5060-bridge-v1,nonconfirmatory_local_supplement,cuda,,phase1-v1.1-2026-09-19,c218ccc2cd98d3532648b7401fd2b6443cdcdf1d,09148000035f1bff2784a082a0cadd035d617c5137455e8b1be6cb56b77cbf01,5,checkpoint.pth;pred.npy;true.npy;metrics.npy;run.log,checkpoint.pth;pred.npy;true.npy;metrics.npy;run.log,,114099
stage_b_bridge_5060,reproduction/results/phase1/local-5060-bridge-v1,RTX 5060 Ti; nonconfirmatory bridge,B_screen,B_screen_EURUSD_DeReFusion_h24_s2021,B_screen_EURUSD_DeReFusion_h24_s2021__attempt-01,completed_unreviewed,,,,,local-5060-bridge-v1,nonconfirmatory_local_supplement,cuda,,phase1-v1.1-2026-09-19,c218ccc2cd98d3532648b7401fd2b6443cdcdf1d,173dc4cbef71502998b137fabc8f9f786fec4d49168e36d0089d3030b8f83b8b,5,checkpoint.pth;pred.npy;true.npy;metrics.npy;run.log,checkpoint.pth;pred.npy;true.npy;metrics.npy;run.log,,230110
stage_b_bridge_5060,reproduction/results/phase1/local-5060-bridge-v1,RTX 5060 Ti; nonconfirmatory bridge,B_screen,B_screen_EURUSD_revin-DLinear_h1_s2021,B_screen_EURUSD_revin-DLinear_h1_s2021__attempt-01,completed_unreviewed,,,,,local-5060-bridge-v1,nonconfirmatory_local_supplement,cuda,,phase1-v1.1-2026-09-19,c218ccc2cd98d3532648b7401fd2b6443cdcdf1d,32b57a375977219c33dbe132031a9d0bebe16b7e40b7452d59cc72de2dae9eb0,5,checkpoint.pth;pred.npy;true.npy;metrics.npy;run.log,checkpoint.pth;pred.npy;true.npy;metrics.npy;run.log,,20604
stage_b_bridge_5060,reproduction/results/phase1/local-5060-bridge-v1,RTX 5060 Ti; nonconfirmatory bridge,B_screen,B_screen_EURUSD_revin-DLinear_h24_s2021,B_screen_EURUSD_revin-DLinear_h24_s2021__attempt-01,completed_unreviewed,,,,,local-5060-bridge-v1,nonconfirmatory_local_supplement,cuda,,phase1-v1.1-2026-09-19,c218ccc2cd98d3532648b7401fd2b6443cdcdf1d,01a5e02dfd1ec6da61eb95ca87ac8c6bad025cf62882d1e8b3ce919e8f071c75,5,checkpoint.pth;pred.npy;true.npy;metrics.npy;run.log,checkpoint.pth;pred.npy;true.npy;metrics.npy;run.log,,127442
stage_b_bridge_5060,reproduction/results/phase1/local-5060-bridge-v1,RTX 5060 Ti; nonconfirmatory bridge,B_screen,B_screen_EURUSD_revin-iTransformer_h1_s2021,B_screen_EURUSD_revin-iTransformer_h1_s2021__attempt-01,completed_unreviewed,,,,,local-5060-bridge-v1,nonconfirmatory_local_supplement,cuda,,phase1-v1.1-2026-09-19,c218ccc2cd98d3532648b7401fd2b6443cdcdf1d,8237de6cca6001ae150dab7f0b962bdd03044e91bfe5e557816503a599d9ca2a,5,checkpoint.pth;pred.npy;true.npy;metrics.npy;run.log,checkpoint.pth;pred.npy;true.npy;metrics.npy;run.log,,1143382
stage_b_bridge_5060,reproduction/results/phase1/local-5060-bridge-v1,RTX 5060 Ti; nonconfirmatory bridge,B_screen,B_screen_EURUSD_revin-iTransformer_h24_s2021,B_screen_EURUSD_revin-iTransformer_h24_s2021__attempt-01,completed_unreviewed,,,,,local-5060-bridge-v1,nonconfirmatory_local_supplement,cuda,,phase1-v1.1-2026-09-19,c218ccc2cd98d3532648b7401fd2b6443cdcdf1d,62da3976eaeed61944b2b099307c13b4ee429389b041bd750ba516751356db45,5,checkpoint.pth;pred.npy;true.npy;metrics.npy;run.log,checkpoint.pth;pred.npy;true.npy;metrics.npy;run.log,,1236673
stage_b_bridge_5060,reproduction/results/phase1/local-5060-bridge-v1,RTX 5060 Ti; nonconfirmatory bridge,B_screen,B_screen_EURUSD_revin-PatchTST_h1_s2021,B_screen_EURUSD_revin-PatchTST_h1_s2021__attempt-01,completed_unreviewed,,,,,local-5060-bridge-v1,nonconfirmatory_local_supplement,cuda,,phase1-v1.1-2026-09-19,c218ccc2cd98d3532648b7401fd2b6443cdcdf1d,1becee1448b7225dbfe6f335adfd0ca0ababb9db954afbafc2854d36fb4765c3,5,checkpoint.pth;pred.npy;true.npy;metrics.npy;run.log,checkpoint.pth;pred.npy;true.npy;metrics.npy;run.log,,1775264
stage_b_bridge_5060,reproduction/results/phase1/local-5060-bridge-v1,RTX 5060 Ti; nonconfirmatory bridge,B_screen,B_screen_EURUSD_revin-PatchTST_h24_s2021,B_screen_EURUSD_revin-PatchTST_h24_s2021__attempt-01,completed_unreviewed,,,,,local-5060-bridge-v1,nonconfirmatory_local_supplement,cuda,,phase1-v1.1-2026-09-19,c218ccc2cd98d3532648b7401fd2b6443cdcdf1d,e7ea2db38b4fe7b84482f392374b186fdb1b9741dc519a6d884732bb45c557b2,5,checkpoint.pth;pred.npy;true.npy;metrics.npy;run.log,checkpoint.pth;pred.npy;true.npy;metrics.npy;run.log,,1902371
stage_b_bridge_5060,reproduction/results/phase1/local-5060-bridge-v1,RTX 5060 Ti; nonconfirmatory bridge,B_screen,B_screen_GSPC_DeReFusion_h1_s2021,B_screen_GSPC_DeReFusion_h1_s2021__attempt-01,completed_unreviewed,,,,,local-5060-bridge-v1,nonconfirmatory_local_supplement,cuda,,phase1-v1.1-2026-09-19,c218ccc2cd98d3532648b7401fd2b6443cdcdf1d,ae13f717ccca4bcbb236dc59b81ffd93375edebf11f460858e36b87696e67339,5,checkpoint.pth;pred.npy;true.npy;metrics.npy;run.log,checkpoint.pth;pred.npy;true.npy;metrics.npy;run.log,,114700
stage_b_bridge_5060,reproduction/results/phase1/local-5060-bridge-v1,RTX 5060 Ti; nonconfirmatory bridge,B_screen,B_screen_GSPC_DeReFusion_h24_s2021,B_screen_GSPC_DeReFusion_h24_s2021__attempt-01,completed_unreviewed,,,,,local-5060-bridge-v1,nonconfirmatory_local_supplement,cuda,,phase1-v1.1-2026-09-19,c218ccc2cd98d3532648b7401fd2b6443cdcdf1d,ec4b40cf0bcef82ec96763d061a1afdcc0d391cf7d5c4dd773f927f2215aca6e,5,checkpoint.pth;pred.npy;true.npy;metrics.npy;run.log,checkpoint.pth;pred.npy;true.npy;metrics.npy;run.log,,226763
stage_b_bridge_5060,reproduction/results/phase1/local-5060-bridge-v1,RTX 5060 Ti; nonconfirmatory bridge,B_screen,B_screen_GSPC_revin-DLinear_h1_s2021,B_screen_GSPC_revin-DLinear_h1_s2021__attempt-01,completed_unreviewed,,,,,local-5060-bridge-v1,nonconfirmatory_local_supplement,cuda,,phase1-v1.1-2026-09-19,c218ccc2cd98d3532648b7401fd2b6443cdcdf1d,d49c955b7181d14ee066e97eed09cd9d397e13874f941811b172bcb53132a537,5,checkpoint.pth;pred.npy;true.npy;metrics.npy;run.log,checkpoint.pth;pred.npy;true.npy;metrics.npy;run.log,,21426
stage_b_bridge_5060,reproduction/results/phase1/local-5060-bridge-v1,RTX 5060 Ti; nonconfirmatory bridge,B_screen,B_screen_GSPC_revin-DLinear_h24_s2021,B_screen_GSPC_revin-DLinear_h24_s2021__attempt-01,completed_unreviewed,,,,,local-5060-bridge-v1,nonconfirmatory_local_supplement,cuda,,phase1-v1.1-2026-09-19,c218ccc2cd98d3532648b7401fd2b6443cdcdf1d,40ff9a468aced0ca4035abda17bf6db09bf0303a0cf846907421a703de7957a8,5,checkpoint.pth;pred.npy;true.npy;metrics.npy;run.log,checkpoint.pth;pred.npy;true.npy;metrics.npy;run.log,,124783
stage_b_bridge_5060,reproduction/results/phase1/local-5060-bridge-v1,RTX 5060 Ti; nonconfirmatory bridge,B_screen,B_screen_GSPC_revin-iTransformer_h1_s2021,B_screen_GSPC_revin-iTransformer_h1_s2021__attempt-01,completed_unreviewed,,,,,local-5060-bridge-v1,nonconfirmatory_local_supplement,cuda,,phase1-v1.1-2026-09-19,c218ccc2cd98d3532648b7401fd2b6443cdcdf1d,aa15bbf8c0f0df406c6b8ab740a5a7fd5e76daa7af127dc76ef026ef58ac34ba,5,checkpoint.pth;pred.npy;true.npy;metrics.npy;run.log,checkpoint.pth;pred.npy;true.npy;metrics.npy;run.log,,1142294
stage_b_bridge_5060,reproduction/results/phase1/local-5060-bridge-v1,RTX 5060 Ti; nonconfirmatory bridge,B_screen,B_screen_GSPC_revin-iTransformer_h24_s2021,B_screen_GSPC_revin-iTransformer_h24_s2021__attempt-01,completed_unreviewed,,,,,local-5060-bridge-v1,nonconfirmatory_local_supplement,cuda,,phase1-v1.1-2026-09-19,c218ccc2cd98d3532648b7401fd2b6443cdcdf1d,39074ffd3ac5187484a07aaf5139d503d214cb6a2873fc8a70a6d3ec8dce70bf,5,checkpoint.pth;pred.npy;true.npy;metrics.npy;run.log,checkpoint.pth;pred.npy;true.npy;metrics.npy;run.log,,1233571
stage_b_bridge_5060,reproduction/results/phase1/local-5060-bridge-v1,RTX 5060 Ti; nonconfirmatory bridge,B_screen,B_screen_GSPC_revin-PatchTST_h1_s2021,B_screen_GSPC_revin-PatchTST_h1_s2021__attempt-01,completed_unreviewed,,,,,local-5060-bridge-v1,nonconfirmatory_local_supplement,cuda,,phase1-v1.1-2026-09-19,c218ccc2cd98d3532648b7401fd2b6443cdcdf1d,3f312bf346f41dc4c8d95c2576396c3b18779865d5430c66824c8bc0613bd8a1,5,checkpoint.pth;pred.npy;true.npy;metrics.npy;run.log,checkpoint.pth;pred.npy;true.npy;metrics.npy;run.log,,1776705
stage_b_bridge_5060,reproduction/results/phase1/local-5060-bridge-v1,RTX 5060 Ti; nonconfirmatory bridge,B_screen,B_screen_GSPC_revin-PatchTST_h24_s2021,B_screen_GSPC_revin-PatchTST_h24_s2021__attempt-01,completed_unreviewed,,,,,local-5060-bridge-v1,nonconfirmatory_local_supplement,cuda,,phase1-v1.1-2026-09-19,c218ccc2cd98d3532648b7401fd2b6443cdcdf1d,6c7d9000b45612e0610ffe6d25c7a4ace34b6b9482486bbb2c3da96831c43c38,5,checkpoint.pth;pred.npy;true.npy;metrics.npy;run.log,checkpoint.pth;pred.npy;true.npy;metrics.npy;run.log,,1896823
stage_c_5060,reproduction/results/phase1/local-5060-stage-c-v1,RTX 5060 Ti; C_confirmation,C_confirmation,C_confirmation_AAPL_DeReFusion_h1_s2022,C_confirmation_AAPL_DeReFusion_h1_s2022__attempt-01,completed_unreviewed,,,,,local-5060-stage-c-v1,confirmatory_local_stage_c,cuda,NVIDIA GeForce RTX 5060 Ti,phase1-v1.1-2026-09-19,f6093f1d85f13613dfe1a3ac0d25b554ca83ccd3,76f0ade43e2549372f9d24bc8c1a76596e95103b4058e646aee08c65d5aa2c26,5,checkpoint.pth;pred.npy;true.npy;metrics.npy;run.log,checkpoint.pth;pred.npy;true.npy;metrics.npy;run.log,,114752
stage_c_5060,reproduction/results/phase1/local-5060-stage-c-v1,RTX 5060 Ti; C_confirmation,C_confirmation,C_confirmation_AAPL_DeReFusion_h1_s2023,C_confirmation_AAPL_DeReFusion_h1_s2023__attempt-01,completed_unreviewed,,,,,local-5060-stage-c-v1,confirmatory_local_stage_c,cuda,NVIDIA GeForce RTX 5060 Ti,phase1-v1.1-2026-09-19,f6093f1d85f13613dfe1a3ac0d25b554ca83ccd3,8c9b35569e201db6ecfbb1552bdeaa654c0fbafb84f981cef2a06d4be3bae730,5,checkpoint.pth;pred.npy;true.npy;metrics.npy;run.log,checkpoint.pth;pred.npy;true.npy;metrics.npy;run.log,,114654
stage_c_5060,reproduction/results/phase1/local-5060-stage-c-v1,RTX 5060 Ti; C_confirmation,C_confirmation,C_confirmation_AAPL_DeReFusion_h1_s2024,C_confirmation_AAPL_DeReFusion_h1_s2024__attempt-01,completed_unreviewed,,,,,local-5060-stage-c-v1,confirmatory_local_stage_c,cuda,NVIDIA GeForce RTX 5060 Ti,phase1-v1.1-2026-09-19,f6093f1d85f13613dfe1a3ac0d25b554ca83ccd3,eb9262f361c5e94785a77d09c329a78a794edeee231e94dd32b1eaab6423806e,5,checkpoint.pth;pred.npy;true.npy;metrics.npy;run.log,checkpoint.pth;pred.npy;true.npy;metrics.npy;run.log,,114726
stage_c_5060,reproduction/results/phase1/local-5060-stage-c-v1,RTX 5060 Ti; C_confirmation,C_confirmation,C_confirmation_AAPL_DeReFusion_h24_s2022,C_confirmation_AAPL_DeReFusion_h24_s2022__attempt-01,completed_unreviewed,,,,,local-5060-stage-c-v1,confirmatory_local_stage_c,cuda,NVIDIA GeForce RTX 5060 Ti,phase1-v1.1-2026-09-19,f6093f1d85f13613dfe1a3ac0d25b554ca83ccd3,58a3d8f0fef2fce8ba81c21790a78e9a34031e1a78b7e52dee69c151cb7930ab,5,checkpoint.pth;pred.npy;true.npy;metrics.npy;run.log,checkpoint.pth;pred.npy;true.npy;metrics.npy;run.log,,228862
stage_c_5060,reproduction/results/phase1/local-5060-stage-c-v1,RTX 5060 Ti; C_confirmation,C_confirmation,C_confirmation_AAPL_DeReFusion_h24_s2023,C_confirmation_AAPL_DeReFusion_h24_s2023__attempt-01,completed_unreviewed,,,,,local-5060-stage-c-v1,confirmatory_local_stage_c,cuda,NVIDIA GeForce RTX 5060 Ti,phase1-v1.1-2026-09-19,f6093f1d85f13613dfe1a3ac0d25b554ca83ccd3,0129fe79c57fc5a45eba7202ba9f2b432f32c8d73f3ad4fee71aaa190d818a79,5,checkpoint.pth;pred.npy;true.npy;metrics.npy;run.log,checkpoint.pth;pred.npy;true.npy;metrics.npy;run.log,,225182
stage_c_5060,reproduction/results/phase1/local-5060-stage-c-v1,RTX 5060 Ti; C_confirmation,C_confirmation,C_confirmation_AAPL_DeReFusion_h24_s2024,C_confirmation_AAPL_DeReFusion_h24_s2024__attempt-01,completed_unreviewed,,,,,local-5060-stage-c-v1,confirmatory_local_stage_c,cuda,NVIDIA GeForce RTX 5060 Ti,phase1-v1.1-2026-09-19,f6093f1d85f13613dfe1a3ac0d25b554ca83ccd3,f888a51498030beddae7821dbc9b1c64a5cb1aa41206e1bba830e1a213a92203,5,checkpoint.pth;pred.npy;true.npy;metrics.npy;run.log,checkpoint.pth;pred.npy;true.npy;metrics.npy;run.log,,225974
stage_c_5060,reproduction/results/phase1/local-5060-stage-c-v1,RTX 5060 Ti; C_confirmation,C_confirmation,C_confirmation_AAPL_revin-DLinear_h1_s2022,C_confirmation_AAPL_revin-DLinear_h1_s2022__attempt-01,completed_unreviewed,,,,,local-5060-stage-c-v1,confirmatory_local_stage_c,cuda,NVIDIA GeForce RTX 5060 Ti,phase1-v1.1-2026-09-19,f6093f1d85f13613dfe1a3ac0d25b554ca83ccd3,d76b795f8a5ed7831e38d5815e2c908e51a159f2cc14159d418473d8122be028,5,checkpoint.pth;pred.npy;true.npy;metrics.npy;run.log,checkpoint.pth;pred.npy;true.npy;metrics.npy;run.log,,21508
stage_c_5060,reproduction/results/phase1/local-5060-stage-c-v1,RTX 5060 Ti; C_confirmation,C_confirmation,C_confirmation_AAPL_revin-DLinear_h1_s2023,C_confirmation_AAPL_revin-DLinear_h1_s2023__attempt-01,completed_unreviewed,,,,,local-5060-stage-c-v1,confirmatory_local_stage_c,cuda,NVIDIA GeForce RTX 5060 Ti,phase1-v1.1-2026-09-19,f6093f1d85f13613dfe1a3ac0d25b554ca83ccd3,6de230ce49beb7cfaab6ac25bc3d4503d92e14dc43333547f5aeac540afb8957,5,checkpoint.pth;pred.npy;true.npy;metrics.npy;run.log,checkpoint.pth;pred.npy;true.npy;metrics.npy;run.log,,21474
stage_c_5060,reproduction/results/phase1/local-5060-stage-c-v1,RTX 5060 Ti; C_confirmation,C_confirmation,C_confirmation_AAPL_revin-DLinear_h1_s2024,C_confirmation_AAPL_revin-DLinear_h1_s2024__attempt-01,completed_unreviewed,,,,,local-5060-stage-c-v1,confirmatory_local_stage_c,cuda,NVIDIA GeForce RTX 5060 Ti,phase1-v1.1-2026-09-19,f6093f1d85f13613dfe1a3ac0d25b554ca83ccd3,15f91eb9b20036fe1ddeaac6089ab7d79c65798851d90a7cf5b7ec4032b14f4e,5,checkpoint.pth;pred.npy;true.npy;metrics.npy;run.log,checkpoint.pth;pred.npy;true.npy;metrics.npy;run.log,,21475
stage_c_5060,reproduction/results/phase1/local-5060-stage-c-v1,RTX 5060 Ti; C_confirmation,C_confirmation,C_confirmation_AAPL_revin-DLinear_h24_s2022,C_confirmation_AAPL_revin-DLinear_h24_s2022__attempt-01,completed_unreviewed,,,,,local-5060-stage-c-v1,confirmatory_local_stage_c,cuda,NVIDIA GeForce RTX 5060 Ti,phase1-v1.1-2026-09-19,f6093f1d85f13613dfe1a3ac0d25b554ca83ccd3,863efc791d63f2bdc7684a6d8da5630749fc3c70ee6c8e8cde5107307368f58c,5,checkpoint.pth;pred.npy;true.npy;metrics.npy;run.log,checkpoint.pth;pred.npy;true.npy;metrics.npy;run.log,,126659
stage_c_5060,reproduction/results/phase1/local-5060-stage-c-v1,RTX 5060 Ti; C_confirmation,C_confirmation,C_confirmation_AAPL_revin-DLinear_h24_s2023,C_confirmation_AAPL_revin-DLinear_h24_s2023__attempt-01,completed_unreviewed,,,,,local-5060-stage-c-v1,confirmatory_local_stage_c,cuda,NVIDIA GeForce RTX 5060 Ti,phase1-v1.1-2026-09-19,f6093f1d85f13613dfe1a3ac0d25b554ca83ccd3,bfda59427a8afe2597a83abb025bc7001317a425c6f47f335b779b0c207dff5a,5,checkpoint.pth;pred.npy;true.npy;metrics.npy;run.log,checkpoint.pth;pred.npy;true.npy;metrics.npy;run.log,,126655
stage_c_5060,reproduction/results/phase1/local-5060-stage-c-v1,RTX 5060 Ti; C_confirmation,C_confirmation,C_confirmation_AAPL_revin-DLinear_h24_s2024,C_confirmation_AAPL_revin-DLinear_h24_s2024__attempt-01,completed_unreviewed,,,,,local-5060-stage-c-v1,confirmatory_local_stage_c,cuda,NVIDIA GeForce RTX 5060 Ti,phase1-v1.1-2026-09-19,f6093f1d85f13613dfe1a3ac0d25b554ca83ccd3,ac6ef3401613239b9ed4e07fda9bf94d1856ae78ea2f5a6d8db567b304c4cc6d,5,checkpoint.pth;pred.npy;true.npy;metrics.npy;run.log,checkpoint.pth;pred.npy;true.npy;metrics.npy;run.log,,125008
stage_c_5060,reproduction/results/phase1/local-5060-stage-c-v1,RTX 5060 Ti; C_confirmation,C_confirmation,C_confirmation_AMZN_DeReFusion_h1_s2022,C_confirmation_AMZN_DeReFusion_h1_s2022__attempt-01,completed_unreviewed,,,,,local-5060-stage-c-v1,confirmatory_local_stage_c,cuda,NVIDIA GeForce RTX 5060 Ti,phase1-v1.1-2026-09-19,f6093f1d85f13613dfe1a3ac0d25b554ca83ccd3,1b020624abd61ab60ada2d559d4085af09eac42580d48392a95a3270e65f0bba,5,checkpoint.pth;pred.npy;true.npy;metrics.npy;run.log,checkpoint.pth;pred.npy;true.npy;metrics.npy;run.log,,114756
stage_c_5060,reproduction/results/phase1/local-5060-stage-c-v1,RTX 5060 Ti; C_confirmation,C_confirmation,C_confirmation_AMZN_DeReFusion_h1_s2023,C_confirmation_AMZN_DeReFusion_h1_s2023__attempt-01,completed_unreviewed,,,,,local-5060-stage-c-v1,confirmatory_local_stage_c,cuda,NVIDIA GeForce RTX 5060 Ti,phase1-v1.1-2026-09-19,f6093f1d85f13613dfe1a3ac0d25b554ca83ccd3,ae37a4b77c29ac0b36b1bdaf0386affa2df0d4e64535355c3da7c9956698ba85,5,checkpoint.pth;pred.npy;true.npy;metrics.npy;run.log,checkpoint.pth;pred.npy;true.npy;metrics.npy;run.log,,113126
stage_c_5060,reproduction/results/phase1/local-5060-stage-c-v1,RTX 5060 Ti; C_confirmation,C_confirmation,C_confirmation_AMZN_DeReFusion_h1_s2024,C_confirmation_AMZN_DeReFusion_h1_s2024__attempt-01,completed_unreviewed,,,,,local-5060-stage-c-v1,confirmatory_local_stage_c,cuda,NVIDIA GeForce RTX 5060 Ti,phase1-v1.1-2026-09-19,f6093f1d85f13613dfe1a3ac0d25b554ca83ccd3,6c77db72dc5c683a8facb2c3c47df8177ecee8eb29880cab848ac0f5af8db38d,5,checkpoint.pth;pred.npy;true.npy;metrics.npy;run.log,checkpoint.pth;pred.npy;true.npy;metrics.npy;run.log,,114687
stage_c_5060,reproduction/results/phase1/local-5060-stage-c-v1,RTX 5060 Ti; C_confirmation,C_confirmation,C_confirmation_AMZN_DeReFusion_h24_s2022,C_confirmation_AMZN_DeReFusion_h24_s2022__attempt-01,completed_unreviewed,,,,,local-5060-stage-c-v1,confirmatory_local_stage_c,cuda,NVIDIA GeForce RTX 5060 Ti,phase1-v1.1-2026-09-19,f6093f1d85f13613dfe1a3ac0d25b554ca83ccd3,42ff7846038d641586ea542a944e9e355a769e72195a569789e8abf3051bc41c,5,checkpoint.pth;pred.npy;true.npy;metrics.npy;run.log,checkpoint.pth;pred.npy;true.npy;metrics.npy;run.log,,228080
stage_c_5060,reproduction/results/phase1/local-5060-stage-c-v1,RTX 5060 Ti; C_confirmation,C_confirmation,C_confirmation_AMZN_DeReFusion_h24_s2023,C_confirmation_AMZN_DeReFusion_h24_s2023__attempt-01,completed_unreviewed,,,,,local-5060-stage-c-v1,confirmatory_local_stage_c,cuda,NVIDIA GeForce RTX 5060 Ti,phase1-v1.1-2026-09-19,f6093f1d85f13613dfe1a3ac0d25b554ca83ccd3,2cad63370e0dbde128b0c622f944a7df819de0858e7ba445493fe2ba92f5fa93,5,checkpoint.pth;pred.npy;true.npy;metrics.npy;run.log,checkpoint.pth;pred.npy;true.npy;metrics.npy;run.log,,227725
stage_c_5060,reproduction/results/phase1/local-5060-stage-c-v1,RTX 5060 Ti; C_confirmation,C_confirmation,C_confirmation_AMZN_DeReFusion_h24_s2024,C_confirmation_AMZN_DeReFusion_h24_s2024__attempt-01,completed_unreviewed,,,,,local-5060-stage-c-v1,confirmatory_local_stage_c,cuda,NVIDIA GeForce RTX 5060 Ti,phase1-v1.1-2026-09-19,f6093f1d85f13613dfe1a3ac0d25b554ca83ccd3,5790d96a495e789a171b2f1f0fa4734f4892ab9d70771b7d488a86c7306df3e8,5,checkpoint.pth;pred.npy;true.npy;metrics.npy;run.log,checkpoint.pth;pred.npy;true.npy;metrics.npy;run.log,,225974
stage_c_5060,reproduction/results/phase1/local-5060-stage-c-v1,RTX 5060 Ti; C_confirmation,C_confirmation,C_confirmation_AMZN_revin-DLinear_h1_s2022,C_confirmation_AMZN_revin-DLinear_h1_s2022__attempt-01,completed_unreviewed,,,,,local-5060-stage-c-v1,confirmatory_local_stage_c,cuda,NVIDIA GeForce RTX 5060 Ti,phase1-v1.1-2026-09-19,f6093f1d85f13613dfe1a3ac0d25b554ca83ccd3,a208606f5bca5f3fa7776472f78576ce5194939d85541e0fb973709af65a45d7,5,checkpoint.pth;pred.npy;true.npy;metrics.npy;run.log,checkpoint.pth;pred.npy;true.npy;metrics.npy;run.log,,21476
stage_c_5060,reproduction/results/phase1/local-5060-stage-c-v1,RTX 5060 Ti; C_confirmation,C_confirmation,C_confirmation_AMZN_revin-DLinear_h1_s2023,C_confirmation_AMZN_revin-DLinear_h1_s2023__attempt-01,completed_unreviewed,,,,,local-5060-stage-c-v1,confirmatory_local_stage_c,cuda,NVIDIA GeForce RTX 5060 Ti,phase1-v1.1-2026-09-19,f6093f1d85f13613dfe1a3ac0d25b554ca83ccd3,08a252b04a67684f36ed005a4fd7928e75bbc3d08cb30c50a30a8cfb2745a36b,5,checkpoint.pth;pred.npy;true.npy;metrics.npy;run.log,checkpoint.pth;pred.npy;true.npy;metrics.npy;run.log,,21469
stage_c_5060,reproduction/results/phase1/local-5060-stage-c-v1,RTX 5060 Ti; C_confirmation,C_confirmation,C_confirmation_AMZN_revin-DLinear_h1_s2024,C_confirmation_AMZN_revin-DLinear_h1_s2024__attempt-01,completed_unreviewed,,,,,local-5060-stage-c-v1,confirmatory_local_stage_c,cuda,NVIDIA GeForce RTX 5060 Ti,phase1-v1.1-2026-09-19,f6093f1d85f13613dfe1a3ac0d25b554ca83ccd3,893d17a4c27d3562031909b385b7965b19cc55c4f27f8396a7a350e67fdc5203,5,checkpoint.pth;pred.npy;true.npy;metrics.npy;run.log,checkpoint.pth;pred.npy;true.npy;metrics.npy;run.log,,21474
stage_c_5060,reproduction/results/phase1/local-5060-stage-c-v1,RTX 5060 Ti; C_confirmation,C_confirmation,C_confirmation_AMZN_revin-DLinear_h24_s2022,C_confirmation_AMZN_revin-DLinear_h24_s2022__attempt-01,completed_unreviewed,,,,,local-5060-stage-c-v1,confirmatory_local_stage_c,cuda,NVIDIA GeForce RTX 5060 Ti,phase1-v1.1-2026-09-19,f6093f1d85f13613dfe1a3ac0d25b554ca83ccd3,a4bfa18881761e281d60dbed0178894f6dec295971de8d25fb19cec2528d45bc,5,checkpoint.pth;pred.npy;true.npy;metrics.npy;run.log,checkpoint.pth;pred.npy;true.npy;metrics.npy;run.log,,126629
stage_c_5060,reproduction/results/phase1/local-5060-stage-c-v1,RTX 5060 Ti; C_confirmation,C_confirmation,C_confirmation_AMZN_revin-DLinear_h24_s2023,C_confirmation_AMZN_revin-DLinear_h24_s2023__attempt-01,completed_unreviewed,,,,,local-5060-stage-c-v1,confirmatory_local_stage_c,cuda,NVIDIA GeForce RTX 5060 Ti,phase1-v1.1-2026-09-19,f6093f1d85f13613dfe1a3ac0d25b554ca83ccd3,941b706d391dacd80a070654e8c9b5a38064608ada2d24984dbaaf180ec62fb8,5,checkpoint.pth;pred.npy;true.npy;metrics.npy;run.log,checkpoint.pth;pred.npy;true.npy;metrics.npy;run.log,,125451
stage_c_5060,reproduction/results/phase1/local-5060-stage-c-v1,RTX 5060 Ti; C_confirmation,C_confirmation,C_confirmation_AMZN_revin-DLinear_h24_s2024,C_confirmation_AMZN_revin-DLinear_h24_s2024__attempt-01,completed_unreviewed,,,,,local-5060-stage-c-v1,confirmatory_local_stage_c,cuda,NVIDIA GeForce RTX 5060 Ti,phase1-v1.1-2026-09-19,f6093f1d85f13613dfe1a3ac0d25b554ca83ccd3,0a8972da9e683e1c585bee79b05ceafb86445e75fce75c76f8c2c0398d03d05c,5,checkpoint.pth;pred.npy;true.npy;metrics.npy;run.log,checkpoint.pth;pred.npy;true.npy;metrics.npy;run.log,,126839
stage_c_5060,reproduction/results/phase1/local-5060-stage-c-v1,RTX 5060 Ti; C_confirmation,C_confirmation,C_confirmation_AUDUSD_DeReFusion_h1_s2022,C_confirmation_AUDUSD_DeReFusion_h1_s2022__attempt-01,completed_unreviewed,,,,,local-5060-stage-c-v1,confirmatory_local_stage_c,cuda,NVIDIA GeForce RTX 5060 Ti,phase1-v1.1-2026-09-19,f6093f1d85f13613dfe1a3ac0d25b554ca83ccd3,467c2570d6c599748f4ad288b8c61a75148904177f435f4e2c622add1b4fefdf,5,checkpoint.pth;pred.npy;true.npy;metrics.npy;run.log,checkpoint.pth;pred.npy;true.npy;metrics.npy;run.log,,114557
stage_c_5060,reproduction/results/phase1/local-5060-stage-c-v1,RTX 5060 Ti; C_confirmation,C_confirmation,C_confirmation_AUDUSD_DeReFusion_h1_s2023,C_confirmation_AUDUSD_DeReFusion_h1_s2023__attempt-01,completed_unreviewed,,,,,local-5060-stage-c-v1,confirmatory_local_stage_c,cuda,NVIDIA GeForce RTX 5060 Ti,phase1-v1.1-2026-09-19,f6093f1d85f13613dfe1a3ac0d25b554ca83ccd3,3091ea22a54079f9c55a1c3183bb65e33a98d8e816339a092a4262a5b42328c7,5,checkpoint.pth;pred.npy;true.npy;metrics.npy;run.log,checkpoint.pth;pred.npy;true.npy;metrics.npy;run.log,,113637
stage_c_5060,reproduction/results/phase1/local-5060-stage-c-v1,RTX 5060 Ti; C_confirmation,C_confirmation,C_confirmation_AUDUSD_DeReFusion_h1_s2024,C_confirmation_AUDUSD_DeReFusion_h1_s2024__attempt-01,completed_unreviewed,,,,,local-5060-stage-c-v1,confirmatory_local_stage_c,cuda,NVIDIA GeForce RTX 5060 Ti,phase1-v1.1-2026-09-19,f6093f1d85f13613dfe1a3ac0d25b554ca83ccd3,69451f628fa639bd35ac0a42bd210732c06ec41d738c19f7e39dcf1b11aa9cbb,5,checkpoint.pth;pred.npy;true.npy;metrics.npy;run.log,checkpoint.pth;pred.npy;true.npy;metrics.npy;run.log,,114532
stage_c_5060,reproduction/results/phase1/local-5060-stage-c-v1,RTX 5060 Ti; C_confirmation,C_confirmation,C_confirmation_AUDUSD_DeReFusion_h24_s2022,C_confirmation_AUDUSD_DeReFusion_h24_s2022__attempt-01,completed_unreviewed,,,,,local-5060-stage-c-v1,confirmatory_local_stage_c,cuda,NVIDIA GeForce RTX 5060 Ti,phase1-v1.1-2026-09-19,f6093f1d85f13613dfe1a3ac0d25b554ca83ccd3,6730fbc78117024760b6650ea986ef213dbe00f65e95fd11529ed9bea4842af2,5,checkpoint.pth;pred.npy;true.npy;metrics.npy;run.log,checkpoint.pth;pred.npy;true.npy;metrics.npy;run.log,,228814
stage_c_5060,reproduction/results/phase1/local-5060-stage-c-v1,RTX 5060 Ti; C_confirmation,C_confirmation,C_confirmation_AUDUSD_DeReFusion_h24_s2023,C_confirmation_AUDUSD_DeReFusion_h24_s2023__attempt-01,completed_unreviewed,,,,,local-5060-stage-c-v1,confirmatory_local_stage_c,cuda,NVIDIA GeForce RTX 5060 Ti,phase1-v1.1-2026-09-19,f6093f1d85f13613dfe1a3ac0d25b554ca83ccd3,129f5cffa8504027782d45ca46b1adc2bb0d433c097c5c44847a889fee99e17b,5,checkpoint.pth;pred.npy;true.npy;metrics.npy;run.log,checkpoint.pth;pred.npy;true.npy;metrics.npy;run.log,,229274
stage_c_5060,reproduction/results/phase1/local-5060-stage-c-v1,RTX 5060 Ti; C_confirmation,C_confirmation,C_confirmation_AUDUSD_DeReFusion_h24_s2024,C_confirmation_AUDUSD_DeReFusion_h24_s2024__attempt-01,completed_unreviewed,,,,,local-5060-stage-c-v1,confirmatory_local_stage_c,cuda,NVIDIA GeForce RTX 5060 Ti,phase1-v1.1-2026-09-19,f6093f1d85f13613dfe1a3ac0d25b554ca83ccd3,f147713c16579fd5d104c68d47b2576e4fb6597ec4657652d94e6e3b52bfe834,5,checkpoint.pth;pred.npy;true.npy;metrics.npy;run.log,checkpoint.pth;pred.npy;true.npy;metrics.npy;run.log,,230136
stage_c_5060,reproduction/results/phase1/local-5060-stage-c-v1,RTX 5060 Ti; C_confirmation,C_confirmation,C_confirmation_AUDUSD_revin-DLinear_h1_s2022,C_confirmation_AUDUSD_revin-DLinear_h1_s2022__attempt-01,completed_unreviewed,,,,,local-5060-stage-c-v1,confirmatory_local_stage_c,cuda,NVIDIA GeForce RTX 5060 Ti,phase1-v1.1-2026-09-19,f6093f1d85f13613dfe1a3ac0d25b554ca83ccd3,09d2adb8755ea40588183a4e6a6cb0fb8a96db69d1df2aaa4eb32571ae2abde2,5,checkpoint.pth;pred.npy;true.npy;metrics.npy;run.log,checkpoint.pth;pred.npy;true.npy;metrics.npy;run.log,,21325
stage_c_5060,reproduction/results/phase1/local-5060-stage-c-v1,RTX 5060 Ti; C_confirmation,C_confirmation,C_confirmation_AUDUSD_revin-DLinear_h1_s2023,C_confirmation_AUDUSD_revin-DLinear_h1_s2023__attempt-01,completed_unreviewed,,,,,local-5060-stage-c-v1,confirmatory_local_stage_c,cuda,NVIDIA GeForce RTX 5060 Ti,phase1-v1.1-2026-09-19,f6093f1d85f13613dfe1a3ac0d25b554ca83ccd3,29532746e1bcef0cc1dfa1b53f681129f330b4e49fcbbe001c9eb5679da0dd8b,5,checkpoint.pth;pred.npy;true.npy;metrics.npy;run.log,checkpoint.pth;pred.npy;true.npy;metrics.npy;run.log,,20820
stage_c_5060,reproduction/results/phase1/local-5060-stage-c-v1,RTX 5060 Ti; C_confirmation,C_confirmation,C_confirmation_AUDUSD_revin-DLinear_h1_s2024,C_confirmation_AUDUSD_revin-DLinear_h1_s2024__attempt-01,completed_unreviewed,,,,,local-5060-stage-c-v1,confirmatory_local_stage_c,cuda,NVIDIA GeForce RTX 5060 Ti,phase1-v1.1-2026-09-19,f6093f1d85f13613dfe1a3ac0d25b554ca83ccd3,910dbf345c9c9ac91512ec5bde6780244346002234713595183b3022c26d3ec0,5,checkpoint.pth;pred.npy;true.npy;metrics.npy;run.log,checkpoint.pth;pred.npy;true.npy;metrics.npy;run.log,,21324
stage_c_5060,reproduction/results/phase1/local-5060-stage-c-v1,RTX 5060 Ti; C_confirmation,C_confirmation,C_confirmation_AUDUSD_revin-DLinear_h24_s2022,C_confirmation_AUDUSD_revin-DLinear_h24_s2022__attempt-01,completed_unreviewed,,,,,local-5060-stage-c-v1,confirmatory_local_stage_c,cuda,NVIDIA GeForce RTX 5060 Ti,phase1-v1.1-2026-09-19,f6093f1d85f13613dfe1a3ac0d25b554ca83ccd3,1286369f86b8a702838c2dffa64b1d8eb3d1d781652410903840f3d014efc0d5,5,checkpoint.pth;pred.npy;true.npy;metrics.npy;run.log,checkpoint.pth;pred.npy;true.npy;metrics.npy;run.log,,128194
stage_c_5060,reproduction/results/phase1/local-5060-stage-c-v1,RTX 5060 Ti; C_confirmation,C_confirmation,C_confirmation_AUDUSD_revin-DLinear_h24_s2023,C_confirmation_AUDUSD_revin-DLinear_h24_s2023__attempt-01,completed_unreviewed,,,,,local-5060-stage-c-v1,confirmatory_local_stage_c,cuda,NVIDIA GeForce RTX 5060 Ti,phase1-v1.1-2026-09-19,f6093f1d85f13613dfe1a3ac0d25b554ca83ccd3,00fdeb2b12827e888d78a13e590b0823335d52f902703d0f234e25cdfe846a7e,5,checkpoint.pth;pred.npy;true.npy;metrics.npy;run.log,checkpoint.pth;pred.npy;true.npy;metrics.npy;run.log,,129417
stage_c_5060,reproduction/results/phase1/local-5060-stage-c-v1,RTX 5060 Ti; C_confirmation,C_confirmation,C_confirmation_AUDUSD_revin-DLinear_h24_s2024,C_confirmation_AUDUSD_revin-DLinear_h24_s2024__attempt-01,completed_unreviewed,,,,,local-5060-stage-c-v1,confirmatory_local_stage_c,cuda,NVIDIA GeForce RTX 5060 Ti,phase1-v1.1-2026-09-19,f6093f1d85f13613dfe1a3ac0d25b554ca83ccd3,e9706c8ed58f1f759f722353b0fbb34f16b2cfe356c0944ec895472d806e7354,5,checkpoint.pth;pred.npy;true.npy;metrics.npy;run.log,checkpoint.pth;pred.npy;true.npy;metrics.npy;run.log,,127202
stage_c_5060,reproduction/results/phase1/local-5060-stage-c-v1,RTX 5060 Ti; C_confirmation,C_confirmation,C_confirmation_BABA_DeReFusion_h1_s2022,C_confirmation_BABA_DeReFusion_h1_s2022__attempt-01,completed_unreviewed,,,,,local-5060-stage-c-v1,confirmatory_local_stage_c,cuda,NVIDIA GeForce RTX 5060 Ti,phase1-v1.1-2026-09-19,f6093f1d85f13613dfe1a3ac0d25b554ca83ccd3,f2942496c0fc049d5938bf1b0b04053531d46672fd9a79f21911fbef31b32309,5,checkpoint.pth;pred.npy;true.npy;metrics.npy;run.log,checkpoint.pth;pred.npy;true.npy;metrics.npy;run.log,,114725
stage_c_5060,reproduction/results/phase1/local-5060-stage-c-v1,RTX 5060 Ti; C_confirmation,C_confirmation,C_confirmation_BABA_DeReFusion_h1_s2023,C_confirmation_BABA_DeReFusion_h1_s2023__attempt-01,completed_unreviewed,,,,,local-5060-stage-c-v1,confirmatory_local_stage_c,cuda,NVIDIA GeForce RTX 5060 Ti,phase1-v1.1-2026-09-19,f6093f1d85f13613dfe1a3ac0d25b554ca83ccd3,c1c23a98bc50241e69e98efbcbea0e0b25cc9b907afef015b6267ed6a6218ec9,5,checkpoint.pth;pred.npy;true.npy;metrics.npy;run.log,checkpoint.pth;pred.npy;true.npy;metrics.npy;run.log,,114649
stage_c_5060,reproduction/results/phase1/local-5060-stage-c-v1,RTX 5060 Ti; C_confirmation,C_confirmation,C_confirmation_BABA_DeReFusion_h1_s2024,C_confirmation_BABA_DeReFusion_h1_s2024__attempt-01,completed_unreviewed,,,,,local-5060-stage-c-v1,confirmatory_local_stage_c,cuda,NVIDIA GeForce RTX 5060 Ti,phase1-v1.1-2026-09-19,f6093f1d85f13613dfe1a3ac0d25b554ca83ccd3,9c58ef523de80d83c37a5cb7a0d34e23720fc6bfdbc31791837f137a7ba37467,5,checkpoint.pth;pred.npy;true.npy;metrics.npy;run.log,checkpoint.pth;pred.npy;true.npy;metrics.npy;run.log,,114797
stage_c_5060,reproduction/results/phase1/local-5060-stage-c-v1,RTX 5060 Ti; C_confirmation,C_confirmation,C_confirmation_BABA_DeReFusion_h24_s2022,C_confirmation_BABA_DeReFusion_h24_s2022__attempt-01,completed_unreviewed,,,,,local-5060-stage-c-v1,confirmatory_local_stage_c,cuda,NVIDIA GeForce RTX 5060 Ti,phase1-v1.1-2026-09-19,f6093f1d85f13613dfe1a3ac0d25b554ca83ccd3,65d3c89c4f8b5e12527966ced1e1f154dee17ba08fdc63f95844feb4b3f611f6,5,checkpoint.pth;pred.npy;true.npy;metrics.npy;run.log,checkpoint.pth;pred.npy;true.npy;metrics.npy;run.log,,224933
stage_c_5060,reproduction/results/phase1/local-5060-stage-c-v1,RTX 5060 Ti; C_confirmation,C_confirmation,C_confirmation_BABA_DeReFusion_h24_s2023,C_confirmation_BABA_DeReFusion_h24_s2023__attempt-01,completed_unreviewed,,,,,local-5060-stage-c-v1,confirmatory_local_stage_c,cuda,NVIDIA GeForce RTX 5060 Ti,phase1-v1.1-2026-09-19,f6093f1d85f13613dfe1a3ac0d25b554ca83ccd3,f8cd6a8c98986adbda92142554768e4222e820e0e61b53d635a3dc3c29f7e3d9,5,checkpoint.pth;pred.npy;true.npy;metrics.npy;run.log,checkpoint.pth;pred.npy;true.npy;metrics.npy;run.log,,225812
stage_c_5060,reproduction/results/phase1/local-5060-stage-c-v1,RTX 5060 Ti; C_confirmation,C_confirmation,C_confirmation_BABA_DeReFusion_h24_s2024,C_confirmation_BABA_DeReFusion_h24_s2024__attempt-01,completed_unreviewed,,,,,local-5060-stage-c-v1,confirmatory_local_stage_c,cuda,NVIDIA GeForce RTX 5060 Ti,phase1-v1.1-2026-09-19,f6093f1d85f13613dfe1a3ac0d25b554ca83ccd3,d42ad5fc2c4a24a855e8b4960e4d92da74f8c9f86f366dcdbcc8fbb206db40f8,5,checkpoint.pth;pred.npy;true.npy;metrics.npy;run.log,checkpoint.pth;pred.npy;true.npy;metrics.npy;run.log,,226215
stage_c_5060,reproduction/results/phase1/local-5060-stage-c-v1,RTX 5060 Ti; C_confirmation,C_confirmation,C_confirmation_BABA_revin-DLinear_h1_s2022,C_confirmation_BABA_revin-DLinear_h1_s2022__attempt-01,completed_unreviewed,,,,,local-5060-stage-c-v1,confirmatory_local_stage_c,cuda,NVIDIA GeForce RTX 5060 Ti,phase1-v1.1-2026-09-19,f6093f1d85f13613dfe1a3ac0d25b554ca83ccd3,4c57f103b61e5755f199aa3d539eca7532c490c9d1cce8d22755e8e1298c32b1,5,checkpoint.pth;pred.npy;true.npy;metrics.npy;run.log,checkpoint.pth;pred.npy;true.npy;metrics.npy;run.log,,21555
stage_c_5060,reproduction/results/phase1/local-5060-stage-c-v1,RTX 5060 Ti; C_confirmation,C_confirmation,C_confirmation_BABA_revin-DLinear_h1_s2023,C_confirmation_BABA_revin-DLinear_h1_s2023__attempt-01,completed_unreviewed,,,,,local-5060-stage-c-v1,confirmatory_local_stage_c,cuda,NVIDIA GeForce RTX 5060 Ti,phase1-v1.1-2026-09-19,f6093f1d85f13613dfe1a3ac0d25b554ca83ccd3,37d04a388e9bd96b4eee3f3e72117516ce09287dc79e59ea30fc687f5bcffd5e,5,checkpoint.pth;pred.npy;true.npy;metrics.npy;run.log,checkpoint.pth;pred.npy;true.npy;metrics.npy;run.log,,21517
stage_c_5060,reproduction/results/phase1/local-5060-stage-c-v1,RTX 5060 Ti; C_confirmation,C_confirmation,C_confirmation_BABA_revin-DLinear_h1_s2024,C_confirmation_BABA_revin-DLinear_h1_s2024__attempt-01,completed_unreviewed,,,,,local-5060-stage-c-v1,confirmatory_local_stage_c,cuda,NVIDIA GeForce RTX 5060 Ti,phase1-v1.1-2026-09-19,f6093f1d85f13613dfe1a3ac0d25b554ca83ccd3,36c743e2d74c3b51e06d9a9c92ee3fdacd7691746895faa4f0c555fd77be0786,5,checkpoint.pth;pred.npy;true.npy;metrics.npy;run.log,checkpoint.pth;pred.npy;true.npy;metrics.npy;run.log,,21555
stage_c_5060,reproduction/results/phase1/local-5060-stage-c-v1,RTX 5060 Ti; C_confirmation,C_confirmation,C_confirmation_BABA_revin-DLinear_h24_s2022,C_confirmation_BABA_revin-DLinear_h24_s2022__attempt-01,completed_unreviewed,,,,,local-5060-stage-c-v1,confirmatory_local_stage_c,cuda,NVIDIA GeForce RTX 5060 Ti,phase1-v1.1-2026-09-19,f6093f1d85f13613dfe1a3ac0d25b554ca83ccd3,cd78b633e78e516b2d615ac39d47d0f1c4d7952b08bdf8e2a1e85e9e35a353dc,5,checkpoint.pth;pred.npy;true.npy;metrics.npy;run.log,checkpoint.pth;pred.npy;true.npy;metrics.npy;run.log,,123245
stage_c_5060,reproduction/results/phase1/local-5060-stage-c-v1,RTX 5060 Ti; C_confirmation,C_confirmation,C_confirmation_BABA_revin-DLinear_h24_s2023,C_confirmation_BABA_revin-DLinear_h24_s2023__attempt-01,completed_unreviewed,,,,,local-5060-stage-c-v1,confirmatory_local_stage_c,cuda,NVIDIA GeForce RTX 5060 Ti,phase1-v1.1-2026-09-19,f6093f1d85f13613dfe1a3ac0d25b554ca83ccd3,b2cd501cd154d9db2d32e2fdba94bae6ecea19aef4ccafca481e2970f65a07c8,5,checkpoint.pth;pred.npy;true.npy;metrics.npy;run.log,checkpoint.pth;pred.npy;true.npy;metrics.npy;run.log,,122026
stage_c_5060,reproduction/results/phase1/local-5060-stage-c-v1,RTX 5060 Ti; C_confirmation,C_confirmation,C_confirmation_BABA_revin-DLinear_h24_s2024,C_confirmation_BABA_revin-DLinear_h24_s2024__attempt-01,completed_unreviewed,,,,,local-5060-stage-c-v1,confirmatory_local_stage_c,cuda,NVIDIA GeForce RTX 5060 Ti,phase1-v1.1-2026-09-19,f6093f1d85f13613dfe1a3ac0d25b554ca83ccd3,3e577eceeb1a33b15bc1a90264dd485b6027887479ffd02178609c2e6285879e,5,checkpoint.pth;pred.npy;true.npy;metrics.npy;run.log,checkpoint.pth;pred.npy;true.npy;metrics.npy;run.log,,122028
stage_c_5060,reproduction/results/phase1/local-5060-stage-c-v1,RTX 5060 Ti; C_confirmation,C_confirmation,C_confirmation_BTCUSD_DeReFusion_h1_s2022,C_confirmation_BTCUSD_DeReFusion_h1_s2022__attempt-01,completed_unreviewed,,,,,local-5060-stage-c-v1,confirmatory_local_stage_c,cuda,NVIDIA GeForce RTX 5060 Ti,phase1-v1.1-2026-09-19,f6093f1d85f13613dfe1a3ac0d25b554ca83ccd3,293ae51cd747a61ddad99f0578dda36f25797c4d4acb08bafe6df0460fd92bfd,5,checkpoint.pth;pred.npy;true.npy;metrics.npy;run.log,checkpoint.pth;pred.npy;true.npy;metrics.npy;run.log,,116370
stage_c_5060,reproduction/results/phase1/local-5060-stage-c-v1,RTX 5060 Ti; C_confirmation,C_confirmation,C_confirmation_BTCUSD_DeReFusion_h1_s2023,C_confirmation_BTCUSD_DeReFusion_h1_s2023__attempt-01,completed_unreviewed,,,,,local-5060-stage-c-v1,confirmatory_local_stage_c,cuda,NVIDIA GeForce RTX 5060 Ti,phase1-v1.1-2026-09-19,f6093f1d85f13613dfe1a3ac0d25b554ca83ccd3,512b02077433a7ade2fe4fd280c79c02860473e78c7e96afb025931cbb36187c,5,checkpoint.pth;pred.npy;true.npy;metrics.npy;run.log,checkpoint.pth;pred.npy;true.npy;metrics.npy;run.log,,116198
stage_c_5060,reproduction/results/phase1/local-5060-stage-c-v1,RTX 5060 Ti; C_confirmation,C_confirmation,C_confirmation_BTCUSD_DeReFusion_h1_s2024,C_confirmation_BTCUSD_DeReFusion_h1_s2024__attempt-01,completed_unreviewed,,,,,local-5060-stage-c-v1,confirmatory_local_stage_c,cuda,NVIDIA GeForce RTX 5060 Ti,phase1-v1.1-2026-09-19,f6093f1d85f13613dfe1a3ac0d25b554ca83ccd3,a7e6fba46d9404e70a44d63cfb37a6c0af4f4f1bda54e0e513ef3bd315c96d1e,5,checkpoint.pth;pred.npy;true.npy;metrics.npy;run.log,checkpoint.pth;pred.npy;true.npy;metrics.npy;run.log,,116374
stage_c_5060,reproduction/results/phase1/local-5060-stage-c-v1,RTX 5060 Ti; C_confirmation,C_confirmation,C_confirmation_BTCUSD_DeReFusion_h24_s2022,C_confirmation_BTCUSD_DeReFusion_h24_s2022__attempt-01,completed_unreviewed,,,,,local-5060-stage-c-v1,confirmatory_local_stage_c,cuda,NVIDIA GeForce RTX 5060 Ti,phase1-v1.1-2026-09-19,f6093f1d85f13613dfe1a3ac0d25b554ca83ccd3,037caf296dfe54f1748967228425178537ee349098b0508df95370a9c06d4caa,5,checkpoint.pth;pred.npy;true.npy;metrics.npy;run.log,checkpoint.pth;pred.npy;true.npy;metrics.npy;run.log,,272929
stage_c_5060,reproduction/results/phase1/local-5060-stage-c-v1,RTX 5060 Ti; C_confirmation,C_confirmation,C_confirmation_BTCUSD_DeReFusion_h24_s2023,C_confirmation_BTCUSD_DeReFusion_h24_s2023__attempt-01,completed_unreviewed,,,,,local-5060-stage-c-v1,confirmatory_local_stage_c,cuda,NVIDIA GeForce RTX 5060 Ti,phase1-v1.1-2026-09-19,f6093f1d85f13613dfe1a3ac0d25b554ca83ccd3,b788e01f6d8daa6830cd526cee9dd19d6a32cb6e0eca54c892fb84f1a7b5e0e3,5,checkpoint.pth;pred.npy;true.npy;metrics.npy;run.log,checkpoint.pth;pred.npy;true.npy;metrics.npy;run.log,,271895
stage_c_5060,reproduction/results/phase1/local-5060-stage-c-v1,RTX 5060 Ti; C_confirmation,C_confirmation,C_confirmation_BTCUSD_DeReFusion_h24_s2024,C_confirmation_BTCUSD_DeReFusion_h24_s2024__attempt-01,completed_unreviewed,,,,,local-5060-stage-c-v1,confirmatory_local_stage_c,cuda,NVIDIA GeForce RTX 5060 Ti,phase1-v1.1-2026-09-19,f6093f1d85f13613dfe1a3ac0d25b554ca83ccd3,02a59d5ed6ac65a0d84d18dc8510be3f255ced9640f32d3ad5ef6591503365ee,5,checkpoint.pth;pred.npy;true.npy;metrics.npy;run.log,checkpoint.pth;pred.npy;true.npy;metrics.npy;run.log,,271779
stage_c_5060,reproduction/results/phase1/local-5060-stage-c-v1,RTX 5060 Ti; C_confirmation,C_confirmation,C_confirmation_BTCUSD_revin-DLinear_h1_s2022,C_confirmation_BTCUSD_revin-DLinear_h1_s2022__attempt-01,completed_unreviewed,,,,,local-5060-stage-c-v1,confirmatory_local_stage_c,cuda,NVIDIA GeForce RTX 5060 Ti,phase1-v1.1-2026-09-19,f6093f1d85f13613dfe1a3ac0d25b554ca83ccd3,bc81bece95d1414784613893fb144561d916ea17f228fbb51ca7556c560dc472,5,checkpoint.pth;pred.npy;true.npy;metrics.npy;run.log,checkpoint.pth;pred.npy;true.npy;metrics.npy;run.log,,23055
stage_c_5060,reproduction/results/phase1/local-5060-stage-c-v1,RTX 5060 Ti; C_confirmation,C_confirmation,C_confirmation_BTCUSD_revin-DLinear_h1_s2023,C_confirmation_BTCUSD_revin-DLinear_h1_s2023__attempt-01,completed_unreviewed,,,,,local-5060-stage-c-v1,confirmatory_local_stage_c,cuda,NVIDIA GeForce RTX 5060 Ti,phase1-v1.1-2026-09-19,f6093f1d85f13613dfe1a3ac0d25b554ca83ccd3,2c928478ea2e15307df361f1ce030c68e55e8f153db19461e5c6e0e49e810f4c,5,checkpoint.pth;pred.npy;true.npy;metrics.npy;run.log,checkpoint.pth;pred.npy;true.npy;metrics.npy;run.log,,23240
stage_c_5060,reproduction/results/phase1/local-5060-stage-c-v1,RTX 5060 Ti; C_confirmation,C_confirmation,C_confirmation_BTCUSD_revin-DLinear_h1_s2024,C_confirmation_BTCUSD_revin-DLinear_h1_s2024__attempt-01,completed_unreviewed,,,,,local-5060-stage-c-v1,confirmatory_local_stage_c,cuda,NVIDIA GeForce RTX 5060 Ti,phase1-v1.1-2026-09-19,f6093f1d85f13613dfe1a3ac0d25b554ca83ccd3,a68363e525ee59ecf5519c9665802ecc755f5a37917490effd73fe3640afc78e,5,checkpoint.pth;pred.npy;true.npy;metrics.npy;run.log,checkpoint.pth;pred.npy;true.npy;metrics.npy;run.log,,23168
stage_c_5060,reproduction/results/phase1/local-5060-stage-c-v1,RTX 5060 Ti; C_confirmation,C_confirmation,C_confirmation_BTCUSD_revin-DLinear_h24_s2022,C_confirmation_BTCUSD_revin-DLinear_h24_s2022__attempt-01,completed_unreviewed,,,,,local-5060-stage-c-v1,confirmatory_local_stage_c,cuda,NVIDIA GeForce RTX 5060 Ti,phase1-v1.1-2026-09-19,f6093f1d85f13613dfe1a3ac0d25b554ca83ccd3,955d598c71af59348f1df987572d464bfc4ed20459f3b3e78dfbb431c09f3421,5,checkpoint.pth;pred.npy;true.npy;metrics.npy;run.log,checkpoint.pth;pred.npy;true.npy;metrics.npy;run.log,,170934
stage_c_5060,reproduction/results/phase1/local-5060-stage-c-v1,RTX 5060 Ti; C_confirmation,C_confirmation,C_confirmation_BTCUSD_revin-DLinear_h24_s2023,C_confirmation_BTCUSD_revin-DLinear_h24_s2023__attempt-01,completed_unreviewed,,,,,local-5060-stage-c-v1,confirmatory_local_stage_c,cuda,NVIDIA GeForce RTX 5060 Ti,phase1-v1.1-2026-09-19,f6093f1d85f13613dfe1a3ac0d25b554ca83ccd3,5301cc0a5dfadca4b1d36dc9f6cc0469451b31e0d06de1878b264e348d2a25e7,5,checkpoint.pth;pred.npy;true.npy;metrics.npy;run.log,checkpoint.pth;pred.npy;true.npy;metrics.npy;run.log,,170591
stage_c_5060,reproduction/results/phase1/local-5060-stage-c-v1,RTX 5060 Ti; C_confirmation,C_confirmation,C_confirmation_BTCUSD_revin-DLinear_h24_s2024,C_confirmation_BTCUSD_revin-DLinear_h24_s2024__attempt-01,completed_unreviewed,,,,,local-5060-stage-c-v1,confirmatory_local_stage_c,cuda,NVIDIA GeForce RTX 5060 Ti,phase1-v1.1-2026-09-19,f6093f1d85f13613dfe1a3ac0d25b554ca83ccd3,60d92cb0c0bc7381e13052c605cc59b211129d35e86241b765463d3d5d2e6051,5,checkpoint.pth;pred.npy;true.npy;metrics.npy;run.log,checkpoint.pth;pred.npy;true.npy;metrics.npy;run.log,,170936
stage_c_5060,reproduction/results/phase1/local-5060-stage-c-v1,RTX 5060 Ti; C_confirmation,C_confirmation,C_confirmation_DJI_DeReFusion_h1_s2022,C_confirmation_DJI_DeReFusion_h1_s2022__attempt-01,completed_unreviewed,,,,,local-5060-stage-c-v1,confirmatory_local_stage_c,cuda,NVIDIA GeForce RTX 5060 Ti,phase1-v1.1-2026-09-19,f6093f1d85f13613dfe1a3ac0d25b554ca83ccd3,ecc1a32b9446158a6d5b242b3bb68a326a9afba44e529d3e7d1dc56896d2f540,5,checkpoint.pth;pred.npy;true.npy;metrics.npy;run.log,checkpoint.pth;pred.npy;true.npy;metrics.npy;run.log,,114634
stage_c_5060,reproduction/results/phase1/local-5060-stage-c-v1,RTX 5060 Ti; C_confirmation,C_confirmation,C_confirmation_DJI_DeReFusion_h1_s2023,C_confirmation_DJI_DeReFusion_h1_s2023__attempt-01,completed_unreviewed,,,,,local-5060-stage-c-v1,confirmatory_local_stage_c,cuda,NVIDIA GeForce RTX 5060 Ti,phase1-v1.1-2026-09-19,f6093f1d85f13613dfe1a3ac0d25b554ca83ccd3,edc6462f358d475593a5ee43991843eb8fab3d4547adb10beb933da509b8c50c,5,checkpoint.pth;pred.npy;true.npy;metrics.npy;run.log,checkpoint.pth;pred.npy;true.npy;metrics.npy;run.log,,114669
stage_c_5060,reproduction/results/phase1/local-5060-stage-c-v1,RTX 5060 Ti; C_confirmation,C_confirmation,C_confirmation_DJI_DeReFusion_h1_s2024,C_confirmation_DJI_DeReFusion_h1_s2024__attempt-01,completed_unreviewed,,,,,local-5060-stage-c-v1,confirmatory_local_stage_c,cuda,NVIDIA GeForce RTX 5060 Ti,phase1-v1.1-2026-09-19,f6093f1d85f13613dfe1a3ac0d25b554ca83ccd3,7e9ef7327ceeee4b42226363bb7d01aa263ede4b1c29f19181697b14676c82ee,5,checkpoint.pth;pred.npy;true.npy;metrics.npy;run.log,checkpoint.pth;pred.npy;true.npy;metrics.npy;run.log,,114602
stage_c_5060,reproduction/results/phase1/local-5060-stage-c-v1,RTX 5060 Ti; C_confirmation,C_confirmation,C_confirmation_DJI_DeReFusion_h24_s2022,C_confirmation_DJI_DeReFusion_h24_s2022__attempt-01,completed_unreviewed,,,,,local-5060-stage-c-v1,confirmatory_local_stage_c,cuda,NVIDIA GeForce RTX 5060 Ti,phase1-v1.1-2026-09-19,f6093f1d85f13613dfe1a3ac0d25b554ca83ccd3,f27f9cf876f927fbb507fa4597f15abf25e0eb117ff6625089d83d3a2fbc7b02,5,checkpoint.pth;pred.npy;true.npy;metrics.npy;run.log,checkpoint.pth;pred.npy;true.npy;metrics.npy;run.log,,227279
stage_c_5060,reproduction/results/phase1/local-5060-stage-c-v1,RTX 5060 Ti; C_confirmation,C_confirmation,C_confirmation_DJI_DeReFusion_h24_s2023,C_confirmation_DJI_DeReFusion_h24_s2023__attempt-01,completed_unreviewed,,,,,local-5060-stage-c-v1,confirmatory_local_stage_c,cuda,NVIDIA GeForce RTX 5060 Ti,phase1-v1.1-2026-09-19,f6093f1d85f13613dfe1a3ac0d25b554ca83ccd3,129e552b4f55fb00111427d92ff0697a3310c925ed94fb12d109ded221126e31,5,checkpoint.pth;pred.npy;true.npy;metrics.npy;run.log,checkpoint.pth;pred.npy;true.npy;metrics.npy;run.log,,227121
stage_c_5060,reproduction/results/phase1/local-5060-stage-c-v1,RTX 5060 Ti; C_confirmation,C_confirmation,C_confirmation_DJI_DeReFusion_h24_s2024,C_confirmation_DJI_DeReFusion_h24_s2024__attempt-01,completed_unreviewed,,,,,local-5060-stage-c-v1,confirmatory_local_stage_c,cuda,NVIDIA GeForce RTX 5060 Ti,phase1-v1.1-2026-09-19,f6093f1d85f13613dfe1a3ac0d25b554ca83ccd3,d55279196fe508c092da16fbcb4378066a405e8a31beab1878e6add816d121a0,5,checkpoint.pth;pred.npy;true.npy;metrics.npy;run.log,checkpoint.pth;pred.npy;true.npy;metrics.npy;run.log,,228154
stage_c_5060,reproduction/results/phase1/local-5060-stage-c-v1,RTX 5060 Ti; C_confirmation,C_confirmation,C_confirmation_DJI_revin-DLinear_h1_s2022,C_confirmation_DJI_revin-DLinear_h1_s2022__attempt-01,completed_unreviewed,,,,,local-5060-stage-c-v1,confirmatory_local_stage_c,cuda,NVIDIA GeForce RTX 5060 Ti,phase1-v1.1-2026-09-19,f6093f1d85f13613dfe1a3ac0d25b554ca83ccd3,39eb835490d5feef67a31a34cf00c3b49bcba95f10781f0831938d6ed4093cd7,5,checkpoint.pth;pred.npy;true.npy;metrics.npy;run.log,checkpoint.pth;pred.npy;true.npy;metrics.npy;run.log,,21395
stage_c_5060,reproduction/results/phase1/local-5060-stage-c-v1,RTX 5060 Ti; C_confirmation,C_confirmation,C_confirmation_DJI_revin-DLinear_h1_s2023,C_confirmation_DJI_revin-DLinear_h1_s2023__attempt-01,completed_unreviewed,,,,,local-5060-stage-c-v1,confirmatory_local_stage_c,cuda,NVIDIA GeForce RTX 5060 Ti,phase1-v1.1-2026-09-19,f6093f1d85f13613dfe1a3ac0d25b554ca83ccd3,346b774f1dc2666c7f4916892cdf919421a8f9a89fdcaab13e523c2eccff8403,5,checkpoint.pth;pred.npy;true.npy;metrics.npy;run.log,checkpoint.pth;pred.npy;true.npy;metrics.npy;run.log,,21466
stage_c_5060,reproduction/results/phase1/local-5060-stage-c-v1,RTX 5060 Ti; C_confirmation,C_confirmation,C_confirmation_DJI_revin-DLinear_h1_s2024,C_confirmation_DJI_revin-DLinear_h1_s2024__attempt-01,completed_unreviewed,,,,,local-5060-stage-c-v1,confirmatory_local_stage_c,cuda,NVIDIA GeForce RTX 5060 Ti,phase1-v1.1-2026-09-19,f6093f1d85f13613dfe1a3ac0d25b554ca83ccd3,8dd07ea59a58158ddbd8eb7e6bdd1732a35dcf545dc4122732c9d91bb436d995,5,checkpoint.pth;pred.npy;true.npy;metrics.npy;run.log,checkpoint.pth;pred.npy;true.npy;metrics.npy;run.log,,21468
stage_c_5060,reproduction/results/phase1/local-5060-stage-c-v1,RTX 5060 Ti; C_confirmation,C_confirmation,C_confirmation_DJI_revin-DLinear_h24_s2022,C_confirmation_DJI_revin-DLinear_h24_s2022__attempt-01,completed_unreviewed,,,,,local-5060-stage-c-v1,confirmatory_local_stage_c,cuda,NVIDIA GeForce RTX 5060 Ti,phase1-v1.1-2026-09-19,f6093f1d85f13613dfe1a3ac0d25b554ca83ccd3,a62142ac8efc850ba102bf588da9fbdc14374df642ac05ca10db0a41c76d1a48,5,checkpoint.pth;pred.npy;true.npy;metrics.npy;run.log,checkpoint.pth;pred.npy;true.npy;metrics.npy;run.log,,122896
stage_c_5060,reproduction/results/phase1/local-5060-stage-c-v1,RTX 5060 Ti; C_confirmation,C_confirmation,C_confirmation_DJI_revin-DLinear_h24_s2023,C_confirmation_DJI_revin-DLinear_h24_s2023__attempt-01,completed_unreviewed,,,,,local-5060-stage-c-v1,confirmatory_local_stage_c,cuda,NVIDIA GeForce RTX 5060 Ti,phase1-v1.1-2026-09-19,f6093f1d85f13613dfe1a3ac0d25b554ca83ccd3,700372700c80ce76280ce4df169ceff6e31c157add46f95ae3b8e3969f97d270,5,checkpoint.pth;pred.npy;true.npy;metrics.npy;run.log,checkpoint.pth;pred.npy;true.npy;metrics.npy;run.log,,123545
stage_c_5060,reproduction/results/phase1/local-5060-stage-c-v1,RTX 5060 Ti; C_confirmation,C_confirmation,C_confirmation_DJI_revin-DLinear_h24_s2024,C_confirmation_DJI_revin-DLinear_h24_s2024__attempt-01,completed_unreviewed,,,,,local-5060-stage-c-v1,confirmatory_local_stage_c,cuda,NVIDIA GeForce RTX 5060 Ti,phase1-v1.1-2026-09-19,f6093f1d85f13613dfe1a3ac0d25b554ca83ccd3,cebee9b0bfeebc23a6099e3599d8f8d97ae081e8d5188f845cb40bfffd2cf1e2,5,checkpoint.pth;pred.npy;true.npy;metrics.npy;run.log,checkpoint.pth;pred.npy;true.npy;metrics.npy;run.log,,122926
stage_c_5060,reproduction/results/phase1/local-5060-stage-c-v1,RTX 5060 Ti; C_confirmation,C_confirmation,C_confirmation_ETHUSD_DeReFusion_h1_s2022,C_confirmation_ETHUSD_DeReFusion_h1_s2022__attempt-01,completed_unreviewed,,,,,local-5060-stage-c-v1,confirmatory_local_stage_c,cuda,NVIDIA GeForce RTX 5060 Ti,phase1-v1.1-2026-09-19,f6093f1d85f13613dfe1a3ac0d25b554ca83ccd3,5474f096f0b1e17e45136dd16831c430e6ae7c3bf0ea88e2f5a2eeca01386f5b,5,checkpoint.pth;pred.npy;true.npy;metrics.npy;run.log,checkpoint.pth;pred.npy;true.npy;metrics.npy;run.log,,115292
stage_c_5060,reproduction/results/phase1/local-5060-stage-c-v1,RTX 5060 Ti; C_confirmation,C_confirmation,C_confirmation_ETHUSD_DeReFusion_h1_s2023,C_confirmation_ETHUSD_DeReFusion_h1_s2023__attempt-01,completed_unreviewed,,,,,local-5060-stage-c-v1,confirmatory_local_stage_c,cuda,NVIDIA GeForce RTX 5060 Ti,phase1-v1.1-2026-09-19,f6093f1d85f13613dfe1a3ac0d25b554ca83ccd3,445ce220a5ba6f7a39fb98830a9db75926e444c0ac3a0117b98efe4dcb5e1ae9,5,checkpoint.pth;pred.npy;true.npy;metrics.npy;run.log,checkpoint.pth;pred.npy;true.npy;metrics.npy;run.log,,115151
stage_c_5060,reproduction/results/phase1/local-5060-stage-c-v1,RTX 5060 Ti; C_confirmation,C_confirmation,C_confirmation_ETHUSD_DeReFusion_h1_s2024,C_confirmation_ETHUSD_DeReFusion_h1_s2024__attempt-01,completed_unreviewed,,,,,local-5060-stage-c-v1,confirmatory_local_stage_c,cuda,NVIDIA GeForce RTX 5060 Ti,phase1-v1.1-2026-09-19,f6093f1d85f13613dfe1a3ac0d25b554ca83ccd3,9e43a9dbb4b5fbbd2274c93baf806e0c62d13e7d2b5de353daaa81622c43d41f,5,checkpoint.pth;pred.npy;true.npy;metrics.npy;run.log,checkpoint.pth;pred.npy;true.npy;metrics.npy;run.log,,115189
stage_c_5060,reproduction/results/phase1/local-5060-stage-c-v1,RTX 5060 Ti; C_confirmation,C_confirmation,C_confirmation_ETHUSD_DeReFusion_h24_s2022,C_confirmation_ETHUSD_DeReFusion_h24_s2022__attempt-01,completed_unreviewed,,,,,local-5060-stage-c-v1,confirmatory_local_stage_c,cuda,NVIDIA GeForce RTX 5060 Ti,phase1-v1.1-2026-09-19,f6093f1d85f13613dfe1a3ac0d25b554ca83ccd3,1d1539d4d0155e0b19131c55bdb930a35e019ec6922359de9d71d22b05350802,5,checkpoint.pth;pred.npy;true.npy;metrics.npy;run.log,checkpoint.pth;pred.npy;true.npy;metrics.npy;run.log,,246905
stage_c_5060,reproduction/results/phase1/local-5060-stage-c-v1,RTX 5060 Ti; C_confirmation,C_confirmation,C_confirmation_ETHUSD_DeReFusion_h24_s2023,C_confirmation_ETHUSD_DeReFusion_h24_s2023__attempt-01,completed_unreviewed,,,,,local-5060-stage-c-v1,confirmatory_local_stage_c,cuda,NVIDIA GeForce RTX 5060 Ti,phase1-v1.1-2026-09-19,f6093f1d85f13613dfe1a3ac0d25b554ca83ccd3,7e6b0b63b82f9cfe76de35982144d8700ba3067af494d1eaf51b2a031c782bb1,5,checkpoint.pth;pred.npy;true.npy;metrics.npy;run.log,checkpoint.pth;pred.npy;true.npy;metrics.npy;run.log,,246307
stage_c_5060,reproduction/results/phase1/local-5060-stage-c-v1,RTX 5060 Ti; C_confirmation,C_confirmation,C_confirmation_ETHUSD_DeReFusion_h24_s2024,C_confirmation_ETHUSD_DeReFusion_h24_s2024__attempt-01,completed_unreviewed,,,,,local-5060-stage-c-v1,confirmatory_local_stage_c,cuda,NVIDIA GeForce RTX 5060 Ti,phase1-v1.1-2026-09-19,f6093f1d85f13613dfe1a3ac0d25b554ca83ccd3,109756690922fc7558cbd04e2dfaa2f19b3f3f10ce014a57cae9a18934f41222,5,checkpoint.pth;pred.npy;true.npy;metrics.npy;run.log,checkpoint.pth;pred.npy;true.npy;metrics.npy;run.log,,245929
stage_c_5060,reproduction/results/phase1/local-5060-stage-c-v1,RTX 5060 Ti; C_confirmation,C_confirmation,C_confirmation_ETHUSD_revin-DLinear_h1_s2022,C_confirmation_ETHUSD_revin-DLinear_h1_s2022__attempt-01,completed_unreviewed,,,,,local-5060-stage-c-v1,confirmatory_local_stage_c,cuda,NVIDIA GeForce RTX 5060 Ti,phase1-v1.1-2026-09-19,f6093f1d85f13613dfe1a3ac0d25b554ca83ccd3,d2a124e7c1c3ad3b158ff038effd07ef502208e0c4dfb88bcaa8e1a75ff58faa,5,checkpoint.pth;pred.npy;true.npy;metrics.npy;run.log,checkpoint.pth;pred.npy;true.npy;metrics.npy;run.log,,21960
stage_c_5060,reproduction/results/phase1/local-5060-stage-c-v1,RTX 5060 Ti; C_confirmation,C_confirmation,C_confirmation_ETHUSD_revin-DLinear_h1_s2023,C_confirmation_ETHUSD_revin-DLinear_h1_s2023__attempt-01,completed_unreviewed,,,,,local-5060-stage-c-v1,confirmatory_local_stage_c,cuda,NVIDIA GeForce RTX 5060 Ti,phase1-v1.1-2026-09-19,f6093f1d85f13613dfe1a3ac0d25b554ca83ccd3,3907895c1680be85ef32ce29e9cf19794278df92b81e9965b0c65b233c828bb7,5,checkpoint.pth;pred.npy;true.npy;metrics.npy;run.log,checkpoint.pth;pred.npy;true.npy;metrics.npy;run.log,,21925
stage_c_5060,reproduction/results/phase1/local-5060-stage-c-v1,RTX 5060 Ti; C_confirmation,C_confirmation,C_confirmation_ETHUSD_revin-DLinear_h1_s2024,C_confirmation_ETHUSD_revin-DLinear_h1_s2024__attempt-01,completed_unreviewed,,,,,local-5060-stage-c-v1,confirmatory_local_stage_c,cuda,NVIDIA GeForce RTX 5060 Ti,phase1-v1.1-2026-09-19,f6093f1d85f13613dfe1a3ac0d25b554ca83ccd3,c68316a135afb98558574ef7e1342909e67e214ef5aab14a77bed44c0ec7865e,5,checkpoint.pth;pred.npy;true.npy;metrics.npy;run.log,checkpoint.pth;pred.npy;true.npy;metrics.npy;run.log,,21924
stage_c_5060,reproduction/results/phase1/local-5060-stage-c-v1,RTX 5060 Ti; C_confirmation,C_confirmation,C_confirmation_ETHUSD_revin-DLinear_h24_s2022,C_confirmation_ETHUSD_revin-DLinear_h24_s2022__attempt-01,completed_unreviewed,,,,,local-5060-stage-c-v1,confirmatory_local_stage_c,cuda,NVIDIA GeForce RTX 5060 Ti,phase1-v1.1-2026-09-19,f6093f1d85f13613dfe1a3ac0d25b554ca83ccd3,c7d3f67819947896d58ae1a9ba804f13e1ba01828e920a956eeb299229b79bc5,5,checkpoint.pth;pred.npy;true.npy;metrics.npy;run.log,checkpoint.pth;pred.npy;true.npy;metrics.npy;run.log,,144843
stage_c_5060,reproduction/results/phase1/local-5060-stage-c-v1,RTX 5060 Ti; C_confirmation,C_confirmation,C_confirmation_ETHUSD_revin-DLinear_h24_s2023,C_confirmation_ETHUSD_revin-DLinear_h24_s2023__attempt-01,completed_unreviewed,,,,,local-5060-stage-c-v1,confirmatory_local_stage_c,cuda,NVIDIA GeForce RTX 5060 Ti,phase1-v1.1-2026-09-19,f6093f1d85f13613dfe1a3ac0d25b554ca83ccd3,81257e983c2527fd425f6904713b785fa86389b3c719e96bb6f729cbe79b76e4,5,checkpoint.pth;pred.npy;true.npy;metrics.npy;run.log,checkpoint.pth;pred.npy;true.npy;metrics.npy;run.log,,144668
stage_c_5060,reproduction/results/phase1/local-5060-stage-c-v1,RTX 5060 Ti; C_confirmation,C_confirmation,C_confirmation_ETHUSD_revin-DLinear_h24_s2024,C_confirmation_ETHUSD_revin-DLinear_h24_s2024__attempt-01,completed_unreviewed,,,,,local-5060-stage-c-v1,confirmatory_local_stage_c,cuda,NVIDIA GeForce RTX 5060 Ti,phase1-v1.1-2026-09-19,f6093f1d85f13613dfe1a3ac0d25b554ca83ccd3,7b2c248f8bf9887323eb8377af21e6e5595660114dba008482f086e067f7e1ac,5,checkpoint.pth;pred.npy;true.npy;metrics.npy;run.log,checkpoint.pth;pred.npy;true.npy;metrics.npy;run.log,,144529
stage_c_5060,reproduction/results/phase1/local-5060-stage-c-v1,RTX 5060 Ti; C_confirmation,C_confirmation,C_confirmation_EURUSD_DeReFusion_h1_s2022,C_confirmation_EURUSD_DeReFusion_h1_s2022__attempt-01,completed_unreviewed,,,,,local-5060-stage-c-v1,confirmatory_local_stage_c,cuda,NVIDIA GeForce RTX 5060 Ti,phase1-v1.1-2026-09-19,f6093f1d85f13613dfe1a3ac0d25b554ca83ccd3,330d4e33b952bc9cd044c696527068f4dfa88555ef7cbeeb0ee6f15f24fe018b,5,checkpoint.pth;pred.npy;true.npy;metrics.npy;run.log,checkpoint.pth;pred.npy;true.npy;metrics.npy;run.log,,114526
stage_c_5060,reproduction/results/phase1/local-5060-stage-c-v1,RTX 5060 Ti; C_confirmation,C_confirmation,C_confirmation_EURUSD_DeReFusion_h1_s2023,C_confirmation_EURUSD_DeReFusion_h1_s2023__attempt-01,completed_unreviewed,,,,,local-5060-stage-c-v1,confirmatory_local_stage_c,cuda,NVIDIA GeForce RTX 5060 Ti,phase1-v1.1-2026-09-19,f6093f1d85f13613dfe1a3ac0d25b554ca83ccd3,44bfc43352ca3c8df40c827a412f8bf106ba19d4b5c05bbaebe0d897c832a725,5,checkpoint.pth;pred.npy;true.npy;metrics.npy;run.log,checkpoint.pth;pred.npy;true.npy;metrics.npy;run.log,,113826
stage_c_5060,reproduction/results/phase1/local-5060-stage-c-v1,RTX 5060 Ti; C_confirmation,C_confirmation,C_confirmation_EURUSD_DeReFusion_h1_s2024,C_confirmation_EURUSD_DeReFusion_h1_s2024__attempt-01,completed_unreviewed,,,,,local-5060-stage-c-v1,confirmatory_local_stage_c,cuda,NVIDIA GeForce RTX 5060 Ti,phase1-v1.1-2026-09-19,f6093f1d85f13613dfe1a3ac0d25b554ca83ccd3,7156b8eb5a3d26e51d4b98825b6583a7899b871807a134288909c505b5ac19e4,5,checkpoint.pth;pred.npy;true.npy;metrics.npy;run.log,checkpoint.pth;pred.npy;true.npy;metrics.npy;run.log,,114557
stage_c_5060,reproduction/results/phase1/local-5060-stage-c-v1,RTX 5060 Ti; C_confirmation,C_confirmation,C_confirmation_EURUSD_DeReFusion_h24_s2022,C_confirmation_EURUSD_DeReFusion_h24_s2022__attempt-01,completed_unreviewed,,,,,local-5060-stage-c-v1,confirmatory_local_stage_c,cuda,NVIDIA GeForce RTX 5060 Ti,phase1-v1.1-2026-09-19,f6093f1d85f13613dfe1a3ac0d25b554ca83ccd3,bfcd07f0687453929330a6646fc87d5ffc90ade421c0602a6fe5f95dbd7c8e55,5,checkpoint.pth;pred.npy;true.npy;metrics.npy;run.log,checkpoint.pth;pred.npy;true.npy;metrics.npy;run.log,,232468
stage_c_5060,reproduction/results/phase1/local-5060-stage-c-v1,RTX 5060 Ti; C_confirmation,C_confirmation,C_confirmation_EURUSD_DeReFusion_h24_s2023,C_confirmation_EURUSD_DeReFusion_h24_s2023__attempt-01,completed_unreviewed,,,,,local-5060-stage-c-v1,confirmatory_local_stage_c,cuda,NVIDIA GeForce RTX 5060 Ti,phase1-v1.1-2026-09-19,f6093f1d85f13613dfe1a3ac0d25b554ca83ccd3,8c270ab9edd54692dee1706d594305991affe8add54b1022dd62b7e949bc942b,5,checkpoint.pth;pred.npy;true.npy;metrics.npy;run.log,checkpoint.pth;pred.npy;true.npy;metrics.npy;run.log,,232502
stage_c_5060,reproduction/results/phase1/local-5060-stage-c-v1,RTX 5060 Ti; C_confirmation,C_confirmation,C_confirmation_EURUSD_DeReFusion_h24_s2024,C_confirmation_EURUSD_DeReFusion_h24_s2024__attempt-01,completed_unreviewed,,,,,local-5060-stage-c-v1,confirmatory_local_stage_c,cuda,NVIDIA GeForce RTX 5060 Ti,phase1-v1.1-2026-09-19,f6093f1d85f13613dfe1a3ac0d25b554ca83ccd3,1fbd9120c50350d7b49548aee8cc8e3377431c18633766c1ff055de7db8907dc,5,checkpoint.pth;pred.npy;true.npy;metrics.npy;run.log,checkpoint.pth;pred.npy;true.npy;metrics.npy;run.log,,231384
stage_c_5060,reproduction/results/phase1/local-5060-stage-c-v1,RTX 5060 Ti; C_confirmation,C_confirmation,C_confirmation_EURUSD_revin-DLinear_h1_s2022,C_confirmation_EURUSD_revin-DLinear_h1_s2022__attempt-01,completed_unreviewed,,,,,local-5060-stage-c-v1,confirmatory_local_stage_c,cuda,NVIDIA GeForce RTX 5060 Ti,phase1-v1.1-2026-09-19,f6093f1d85f13613dfe1a3ac0d25b554ca83ccd3,087efc8237b5fe5dccd3d7774c43b33acb22e28a7408ed84aba19d248b35783c,5,checkpoint.pth;pred.npy;true.npy;metrics.npy;run.log,checkpoint.pth;pred.npy;true.npy;metrics.npy;run.log,,21284
stage_c_5060,reproduction/results/phase1/local-5060-stage-c-v1,RTX 5060 Ti; C_confirmation,C_confirmation,C_confirmation_EURUSD_revin-DLinear_h1_s2023,C_confirmation_EURUSD_revin-DLinear_h1_s2023__attempt-01,completed_unreviewed,,,,,local-5060-stage-c-v1,confirmatory_local_stage_c,cuda,NVIDIA GeForce RTX 5060 Ti,phase1-v1.1-2026-09-19,f6093f1d85f13613dfe1a3ac0d25b554ca83ccd3,cb4941ee1fc376d7517b108e9346dd0df0421a60d7784bb92466a8d6884f0052,5,checkpoint.pth;pred.npy;true.npy;metrics.npy;run.log,checkpoint.pth;pred.npy;true.npy;metrics.npy;run.log,,21270
stage_c_5060,reproduction/results/phase1/local-5060-stage-c-v1,RTX 5060 Ti; C_confirmation,C_confirmation,C_confirmation_EURUSD_revin-DLinear_h1_s2024,C_confirmation_EURUSD_revin-DLinear_h1_s2024__attempt-01,completed_unreviewed,,,,,local-5060-stage-c-v1,confirmatory_local_stage_c,cuda,NVIDIA GeForce RTX 5060 Ti,phase1-v1.1-2026-09-19,f6093f1d85f13613dfe1a3ac0d25b554ca83ccd3,45d43a0fa40e5ef998dc688f44f9a26b0db34050cc058715c5d5195ab1ee4f3e,5,checkpoint.pth;pred.npy;true.npy;metrics.npy;run.log,checkpoint.pth;pred.npy;true.npy;metrics.npy;run.log,,21287
stage_c_5060,reproduction/results/phase1/local-5060-stage-c-v1,RTX 5060 Ti; C_confirmation,C_confirmation,C_confirmation_EURUSD_revin-DLinear_h24_s2022,C_confirmation_EURUSD_revin-DLinear_h24_s2022__attempt-01,completed_unreviewed,,,,,local-5060-stage-c-v1,confirmatory_local_stage_c,cuda,NVIDIA GeForce RTX 5060 Ti,phase1-v1.1-2026-09-19,f6093f1d85f13613dfe1a3ac0d25b554ca83ccd3,e61030a822191ac7b1e246682f66645719e9ff2f0aadc7d3c41ab330ca05ddf7,5,checkpoint.pth;pred.npy;true.npy;metrics.npy;run.log,checkpoint.pth;pred.npy;true.npy;metrics.npy;run.log,,126098
stage_c_5060,reproduction/results/phase1/local-5060-stage-c-v1,RTX 5060 Ti; C_confirmation,C_confirmation,C_confirmation_EURUSD_revin-DLinear_h24_s2023,C_confirmation_EURUSD_revin-DLinear_h24_s2023__attempt-01,completed_unreviewed,,,,,local-5060-stage-c-v1,confirmatory_local_stage_c,cuda,NVIDIA GeForce RTX 5060 Ti,phase1-v1.1-2026-09-19,f6093f1d85f13613dfe1a3ac0d25b554ca83ccd3,d8c80fb262e2c52bad99fedb2e92bf5c07f01e9a1a21d20f1db612fb42308c87,5,checkpoint.pth;pred.npy;true.npy;metrics.npy;run.log,checkpoint.pth;pred.npy;true.npy;metrics.npy;run.log,,126098
stage_c_5060,reproduction/results/phase1/local-5060-stage-c-v1,RTX 5060 Ti; C_confirmation,C_confirmation,C_confirmation_EURUSD_revin-DLinear_h24_s2024,C_confirmation_EURUSD_revin-DLinear_h24_s2024__attempt-01,completed_unreviewed,,,,,local-5060-stage-c-v1,confirmatory_local_stage_c,cuda,NVIDIA GeForce RTX 5060 Ti,phase1-v1.1-2026-09-19,f6093f1d85f13613dfe1a3ac0d25b554ca83ccd3,b2b7861a263e54a802bc5c867f10fcf6f1cf4170f7a23af232b739ae7a6b26af,5,checkpoint.pth;pred.npy;true.npy;metrics.npy;run.log,checkpoint.pth;pred.npy;true.npy;metrics.npy;run.log,,125868
stage_c_5060,reproduction/results/phase1/local-5060-stage-c-v1,RTX 5060 Ti; C_confirmation,C_confirmation,C_confirmation_FTSE_DeReFusion_h1_s2022,C_confirmation_FTSE_DeReFusion_h1_s2022__attempt-01,completed_unreviewed,,,,,local-5060-stage-c-v1,confirmatory_local_stage_c,cuda,NVIDIA GeForce RTX 5060 Ti,phase1-v1.1-2026-09-19,f6093f1d85f13613dfe1a3ac0d25b554ca83ccd3,61fd8cc21b8abd75ddb30f101930962eb9b7685123f7775eb993f1a20950a1a6,5,checkpoint.pth;pred.npy;true.npy;metrics.npy;run.log,checkpoint.pth;pred.npy;true.npy;metrics.npy;run.log,,114660
stage_c_5060,reproduction/results/phase1/local-5060-stage-c-v1,RTX 5060 Ti; C_confirmation,C_confirmation,C_confirmation_FTSE_DeReFusion_h1_s2023,C_confirmation_FTSE_DeReFusion_h1_s2023__attempt-01,completed_unreviewed,,,,,local-5060-stage-c-v1,confirmatory_local_stage_c,cuda,NVIDIA GeForce RTX 5060 Ti,phase1-v1.1-2026-09-19,f6093f1d85f13613dfe1a3ac0d25b554ca83ccd3,bd1f42315b9df55e5da9834de421a22169bd17142c0b8fb45c9879a77a62b7ef,5,checkpoint.pth;pred.npy;true.npy;metrics.npy;run.log,checkpoint.pth;pred.npy;true.npy;metrics.npy;run.log,,114735
stage_c_5060,reproduction/results/phase1/local-5060-stage-c-v1,RTX 5060 Ti; C_confirmation,C_confirmation,C_confirmation_FTSE_DeReFusion_h1_s2024,C_confirmation_FTSE_DeReFusion_h1_s2024__attempt-01,completed_unreviewed,,,,,local-5060-stage-c-v1,confirmatory_local_stage_c,cuda,NVIDIA GeForce RTX 5060 Ti,phase1-v1.1-2026-09-19,f6093f1d85f13613dfe1a3ac0d25b554ca83ccd3,ba387168cf5386c5dffe2439df1795d4d25c5dad8f014c5abbb171c5e80fd82d,5,checkpoint.pth;pred.npy;true.npy;metrics.npy;run.log,checkpoint.pth;pred.npy;true.npy;metrics.npy;run.log,,114701
stage_c_5060,reproduction/results/phase1/local-5060-stage-c-v1,RTX 5060 Ti; C_confirmation,C_confirmation,C_confirmation_FTSE_DeReFusion_h24_s2022,C_confirmation_FTSE_DeReFusion_h24_s2022__attempt-01,completed_unreviewed,,,,,local-5060-stage-c-v1,confirmatory_local_stage_c,cuda,NVIDIA GeForce RTX 5060 Ti,phase1-v1.1-2026-09-19,f6093f1d85f13613dfe1a3ac0d25b554ca83ccd3,dd7c7c0486ea05f36e6737c9e3d32267ebd64d83ce29eef629a6bfc4efaabfa7,5,checkpoint.pth;pred.npy;true.npy;metrics.npy;run.log,checkpoint.pth;pred.npy;true.npy;metrics.npy;run.log,,225079
stage_c_5060,reproduction/results/phase1/local-5060-stage-c-v1,RTX 5060 Ti; C_confirmation,C_confirmation,C_confirmation_FTSE_DeReFusion_h24_s2023,C_confirmation_FTSE_DeReFusion_h24_s2023__attempt-01,completed_unreviewed,,,,,local-5060-stage-c-v1,confirmatory_local_stage_c,cuda,NVIDIA GeForce RTX 5060 Ti,phase1-v1.1-2026-09-19,f6093f1d85f13613dfe1a3ac0d25b554ca83ccd3,d09446cee9cc7fb20380e115c09082ddb11031edd2fbd2874fcc677029d1ace0,5,checkpoint.pth;pred.npy;true.npy;metrics.npy;run.log,checkpoint.pth;pred.npy;true.npy;metrics.npy;run.log,,228415
stage_c_5060,reproduction/results/phase1/local-5060-stage-c-v1,RTX 5060 Ti; C_confirmation,C_confirmation,C_confirmation_FTSE_DeReFusion_h24_s2024,C_confirmation_FTSE_DeReFusion_h24_s2024__attempt-01,completed_unreviewed,,,,,local-5060-stage-c-v1,confirmatory_local_stage_c,cuda,NVIDIA GeForce RTX 5060 Ti,phase1-v1.1-2026-09-19,f6093f1d85f13613dfe1a3ac0d25b554ca83ccd3,f43e114533692364cd959847809795acc627a05bf19e68eee3cc6cfb2b48e3ef,5,checkpoint.pth;pred.npy;true.npy;metrics.npy;run.log,checkpoint.pth;pred.npy;true.npy;metrics.npy;run.log,,227836
stage_c_5060,reproduction/results/phase1/local-5060-stage-c-v1,RTX 5060 Ti; C_confirmation,C_confirmation,C_confirmation_FTSE_revin-DLinear_h1_s2022,C_confirmation_FTSE_revin-DLinear_h1_s2022__attempt-01,completed_unreviewed,,,,,local-5060-stage-c-v1,confirmatory_local_stage_c,cuda,NVIDIA GeForce RTX 5060 Ti,phase1-v1.1-2026-09-19,f6093f1d85f13613dfe1a3ac0d25b554ca83ccd3,c5b76dbf3fb29f64aaa3c68491326a141394abfde42bdf81f8d667982dca757d,5,checkpoint.pth;pred.npy;true.npy;metrics.npy;run.log,checkpoint.pth;pred.npy;true.npy;metrics.npy;run.log,,21457
stage_c_5060,reproduction/results/phase1/local-5060-stage-c-v1,RTX 5060 Ti; C_confirmation,C_confirmation,C_confirmation_FTSE_revin-DLinear_h1_s2023,C_confirmation_FTSE_revin-DLinear_h1_s2023__attempt-01,completed_unreviewed,,,,,local-5060-stage-c-v1,confirmatory_local_stage_c,cuda,NVIDIA GeForce RTX 5060 Ti,phase1-v1.1-2026-09-19,f6093f1d85f13613dfe1a3ac0d25b554ca83ccd3,bd6d916ca4a13510511120941b9ee8a72b21c969eb0f14351b1b9ca605072409,5,checkpoint.pth;pred.npy;true.npy;metrics.npy;run.log,checkpoint.pth;pred.npy;true.npy;metrics.npy;run.log,,21494
stage_c_5060,reproduction/results/phase1/local-5060-stage-c-v1,RTX 5060 Ti; C_confirmation,C_confirmation,C_confirmation_FTSE_revin-DLinear_h1_s2024,C_confirmation_FTSE_revin-DLinear_h1_s2024__attempt-01,completed_unreviewed,,,,,local-5060-stage-c-v1,confirmatory_local_stage_c,cuda,NVIDIA GeForce RTX 5060 Ti,phase1-v1.1-2026-09-19,f6093f1d85f13613dfe1a3ac0d25b554ca83ccd3,8ae19f0f787aad75fba946e8e7436b2334a133c6cd8f6bf8d69cd83edfb1e973,5,checkpoint.pth;pred.npy;true.npy;metrics.npy;run.log,checkpoint.pth;pred.npy;true.npy;metrics.npy;run.log,,21495
stage_c_5060,reproduction/results/phase1/local-5060-stage-c-v1,RTX 5060 Ti; C_confirmation,C_confirmation,C_confirmation_FTSE_revin-DLinear_h24_s2022,C_confirmation_FTSE_revin-DLinear_h24_s2022__attempt-01,completed_unreviewed,,,,,local-5060-stage-c-v1,confirmatory_local_stage_c,cuda,NVIDIA GeForce RTX 5060 Ti,phase1-v1.1-2026-09-19,f6093f1d85f13613dfe1a3ac0d25b554ca83ccd3,ab11e08c15d559798d749b73fcaab10c6bd22872331d49f132857a5840b1a55a,5,checkpoint.pth;pred.npy;true.npy;metrics.npy;run.log,checkpoint.pth;pred.npy;true.npy;metrics.npy;run.log,,125954
stage_c_5060,reproduction/results/phase1/local-5060-stage-c-v1,RTX 5060 Ti; C_confirmation,C_confirmation,C_confirmation_FTSE_revin-DLinear_h24_s2023,C_confirmation_FTSE_revin-DLinear_h24_s2023__attempt-01,completed_unreviewed,,,,,local-5060-stage-c-v1,confirmatory_local_stage_c,cuda,NVIDIA GeForce RTX 5060 Ti,phase1-v1.1-2026-09-19,f6093f1d85f13613dfe1a3ac0d25b554ca83ccd3,a010660e90d8832dadf003901a4f015e9557e45002d96ff9dfce6b6a5b7c6005,5,checkpoint.pth;pred.npy;true.npy;metrics.npy;run.log,checkpoint.pth;pred.npy;true.npy;metrics.npy;run.log,,124760
stage_c_5060,reproduction/results/phase1/local-5060-stage-c-v1,RTX 5060 Ti; C_confirmation,C_confirmation,C_confirmation_FTSE_revin-DLinear_h24_s2024,C_confirmation_FTSE_revin-DLinear_h24_s2024__attempt-01,completed_unreviewed,,,,,local-5060-stage-c-v1,confirmatory_local_stage_c,cuda,NVIDIA GeForce RTX 5060 Ti,phase1-v1.1-2026-09-19,f6093f1d85f13613dfe1a3ac0d25b554ca83ccd3,f1e78bafec93131a961aebaece2edc5ce5a09146f614daf6b9eb525ca2c1dfd2,5,checkpoint.pth;pred.npy;true.npy;metrics.npy;run.log,checkpoint.pth;pred.npy;true.npy;metrics.npy;run.log,,124233
stage_c_5060,reproduction/results/phase1/local-5060-stage-c-v1,RTX 5060 Ti; C_confirmation,C_confirmation,C_confirmation_GBPUSD_DeReFusion_h1_s2022,C_confirmation_GBPUSD_DeReFusion_h1_s2022__attempt-01,completed_unreviewed,,,,,local-5060-stage-c-v1,confirmatory_local_stage_c,cuda,NVIDIA GeForce RTX 5060 Ti,phase1-v1.1-2026-09-19,f6093f1d85f13613dfe1a3ac0d25b554ca83ccd3,5d7012ff588db33f79f7ba3a07eb2538661c372bc815cfeeb800276405f8235a,5,checkpoint.pth;pred.npy;true.npy;metrics.npy;run.log,checkpoint.pth;pred.npy;true.npy;metrics.npy;run.log,,114621
stage_c_5060,reproduction/results/phase1/local-5060-stage-c-v1,RTX 5060 Ti; C_confirmation,C_confirmation,C_confirmation_GBPUSD_DeReFusion_h1_s2023,C_confirmation_GBPUSD_DeReFusion_h1_s2023__attempt-01,completed_unreviewed,,,,,local-5060-stage-c-v1,confirmatory_local_stage_c,cuda,NVIDIA GeForce RTX 5060 Ti,phase1-v1.1-2026-09-19,f6093f1d85f13613dfe1a3ac0d25b554ca83ccd3,0d6ccae14f129e1529596296cba5a54d3668528cbfb6fa3eb60b1aead9c19958,5,checkpoint.pth;pred.npy;true.npy;metrics.npy;run.log,checkpoint.pth;pred.npy;true.npy;metrics.npy;run.log,,114581
stage_c_5060,reproduction/results/phase1/local-5060-stage-c-v1,RTX 5060 Ti; C_confirmation,C_confirmation,C_confirmation_GBPUSD_DeReFusion_h1_s2024,C_confirmation_GBPUSD_DeReFusion_h1_s2024__attempt-01,completed_unreviewed,,,,,local-5060-stage-c-v1,confirmatory_local_stage_c,cuda,NVIDIA GeForce RTX 5060 Ti,phase1-v1.1-2026-09-19,f6093f1d85f13613dfe1a3ac0d25b554ca83ccd3,2efcd56aa450a2ef0b1eda1e6b11003334feb45f973ed544e76858faea5791bb,5,checkpoint.pth;pred.npy;true.npy;metrics.npy;run.log,checkpoint.pth;pred.npy;true.npy;metrics.npy;run.log,,114624
stage_c_5060,reproduction/results/phase1/local-5060-stage-c-v1,RTX 5060 Ti; C_confirmation,C_confirmation,C_confirmation_GBPUSD_DeReFusion_h24_s2022,C_confirmation_GBPUSD_DeReFusion_h24_s2022__attempt-01,completed_unreviewed,,,,,local-5060-stage-c-v1,confirmatory_local_stage_c,cuda,NVIDIA GeForce RTX 5060 Ti,phase1-v1.1-2026-09-19,f6093f1d85f13613dfe1a3ac0d25b554ca83ccd3,3080e848b0b8d4c08ab08e517d4e0c1a5d99b7b21fad4782d36a73dd421dce96,5,checkpoint.pth;pred.npy;true.npy;metrics.npy;run.log,checkpoint.pth;pred.npy;true.npy;metrics.npy;run.log,,232502
stage_c_5060,reproduction/results/phase1/local-5060-stage-c-v1,RTX 5060 Ti; C_confirmation,C_confirmation,C_confirmation_GBPUSD_DeReFusion_h24_s2023,C_confirmation_GBPUSD_DeReFusion_h24_s2023__attempt-01,completed_unreviewed,,,,,local-5060-stage-c-v1,confirmatory_local_stage_c,cuda,NVIDIA GeForce RTX 5060 Ti,phase1-v1.1-2026-09-19,f6093f1d85f13613dfe1a3ac0d25b554ca83ccd3,2d872fb865104173e4b239bcb82b9d90e6ab18cf1d32155518de552aad45dd8e,5,checkpoint.pth;pred.npy;true.npy;metrics.npy;run.log,checkpoint.pth;pred.npy;true.npy;metrics.npy;run.log,,232590
stage_c_5060,reproduction/results/phase1/local-5060-stage-c-v1,RTX 5060 Ti; C_confirmation,C_confirmation,C_confirmation_GBPUSD_DeReFusion_h24_s2024,C_confirmation_GBPUSD_DeReFusion_h24_s2024__attempt-01,completed_unreviewed,,,,,local-5060-stage-c-v1,confirmatory_local_stage_c,cuda,NVIDIA GeForce RTX 5060 Ti,phase1-v1.1-2026-09-19,f6093f1d85f13613dfe1a3ac0d25b554ca83ccd3,c778faf90ef75963d8d91aa7215a9c6567bae6073afd3ad054d5d0fa2d9ebf61,5,checkpoint.pth;pred.npy;true.npy;metrics.npy;run.log,checkpoint.pth;pred.npy;true.npy;metrics.npy;run.log,,232296
stage_c_5060,reproduction/results/phase1/local-5060-stage-c-v1,RTX 5060 Ti; C_confirmation,C_confirmation,C_confirmation_GBPUSD_revin-DLinear_h1_s2022,C_confirmation_GBPUSD_revin-DLinear_h1_s2022__attempt-01,completed_unreviewed,,,,,local-5060-stage-c-v1,confirmatory_local_stage_c,cuda,NVIDIA GeForce RTX 5060 Ti,phase1-v1.1-2026-09-19,f6093f1d85f13613dfe1a3ac0d25b554ca83ccd3,a8589395f1520c6d34a47d8d2b5ff2070a7b0ad60a3692abc2e243fdd89ae18c,5,checkpoint.pth;pred.npy;true.npy;metrics.npy;run.log,checkpoint.pth;pred.npy;true.npy;metrics.npy;run.log,,21250
stage_c_5060,reproduction/results/phase1/local-5060-stage-c-v1,RTX 5060 Ti; C_confirmation,C_confirmation,C_confirmation_GBPUSD_revin-DLinear_h1_s2023,C_confirmation_GBPUSD_revin-DLinear_h1_s2023__attempt-01,completed_unreviewed,,,,,local-5060-stage-c-v1,confirmatory_local_stage_c,cuda,NVIDIA GeForce RTX 5060 Ti,phase1-v1.1-2026-09-19,f6093f1d85f13613dfe1a3ac0d25b554ca83ccd3,6c52eecbf0b570ae54a88045b39642473c07c9b728734c82813851907707c2a1,5,checkpoint.pth;pred.npy;true.npy;metrics.npy;run.log,checkpoint.pth;pred.npy;true.npy;metrics.npy;run.log,,21287
stage_c_5060,reproduction/results/phase1/local-5060-stage-c-v1,RTX 5060 Ti; C_confirmation,C_confirmation,C_confirmation_GBPUSD_revin-DLinear_h1_s2024,C_confirmation_GBPUSD_revin-DLinear_h1_s2024__attempt-01,completed_unreviewed,,,,,local-5060-stage-c-v1,confirmatory_local_stage_c,cuda,NVIDIA GeForce RTX 5060 Ti,phase1-v1.1-2026-09-19,f6093f1d85f13613dfe1a3ac0d25b554ca83ccd3,f7c10138aa63f41e41af49af3a55c2ae72d6878788cd04b4acf2706c639f28d2,5,checkpoint.pth;pred.npy;true.npy;metrics.npy;run.log,checkpoint.pth;pred.npy;true.npy;metrics.npy;run.log,,21109
stage_c_5060,reproduction/results/phase1/local-5060-stage-c-v1,RTX 5060 Ti; C_confirmation,C_confirmation,C_confirmation_GBPUSD_revin-DLinear_h24_s2022,C_confirmation_GBPUSD_revin-DLinear_h24_s2022__attempt-01,completed_unreviewed,,,,,local-5060-stage-c-v1,confirmatory_local_stage_c,cuda,NVIDIA GeForce RTX 5060 Ti,phase1-v1.1-2026-09-19,f6093f1d85f13613dfe1a3ac0d25b554ca83ccd3,52eea0ad52ca9ea88be64b66ca3d7267141efc1712870e520d2fc47b4fc55255,5,checkpoint.pth;pred.npy;true.npy;metrics.npy;run.log,checkpoint.pth;pred.npy;true.npy;metrics.npy;run.log,,129549
stage_c_5060,reproduction/results/phase1/local-5060-stage-c-v1,RTX 5060 Ti; C_confirmation,C_confirmation,C_confirmation_GBPUSD_revin-DLinear_h24_s2023,C_confirmation_GBPUSD_revin-DLinear_h24_s2023__attempt-01,completed_unreviewed,,,,,local-5060-stage-c-v1,confirmatory_local_stage_c,cuda,NVIDIA GeForce RTX 5060 Ti,phase1-v1.1-2026-09-19,f6093f1d85f13613dfe1a3ac0d25b554ca83ccd3,a9c0857d5033707aabee4554db51d228cf01018ca10c974c80880c319878e97c,5,checkpoint.pth;pred.npy;true.npy;metrics.npy;run.log,checkpoint.pth;pred.npy;true.npy;metrics.npy;run.log,,130348
stage_c_5060,reproduction/results/phase1/local-5060-stage-c-v1,RTX 5060 Ti; C_confirmation,C_confirmation,C_confirmation_GBPUSD_revin-DLinear_h24_s2024,C_confirmation_GBPUSD_revin-DLinear_h24_s2024__attempt-01,completed_unreviewed,,,,,local-5060-stage-c-v1,confirmatory_local_stage_c,cuda,NVIDIA GeForce RTX 5060 Ti,phase1-v1.1-2026-09-19,f6093f1d85f13613dfe1a3ac0d25b554ca83ccd3,ec8c40abffa0cf877c13d7be5097a4ae614246b0f83ef91e183c9940c3db213c,5,checkpoint.pth;pred.npy;true.npy;metrics.npy;run.log,checkpoint.pth;pred.npy;true.npy;metrics.npy;run.log,,130428
stage_c_5060,reproduction/results/phase1/local-5060-stage-c-v1,RTX 5060 Ti; C_confirmation,C_confirmation,C_confirmation_GDAXI_DeReFusion_h1_s2022,C_confirmation_GDAXI_DeReFusion_h1_s2022__attempt-01,completed_unreviewed,,,,,local-5060-stage-c-v1,confirmatory_local_stage_c,cuda,NVIDIA GeForce RTX 5060 Ti,phase1-v1.1-2026-09-19,f6093f1d85f13613dfe1a3ac0d25b554ca83ccd3,451efe1e92440b83e7ec6173ad0198089716d7117b13f349973db8e8f3405717,5,checkpoint.pth;pred.npy;true.npy;metrics.npy;run.log,checkpoint.pth;pred.npy;true.npy;metrics.npy;run.log,,114825
stage_c_5060,reproduction/results/phase1/local-5060-stage-c-v1,RTX 5060 Ti; C_confirmation,C_confirmation,C_confirmation_GDAXI_DeReFusion_h1_s2023,C_confirmation_GDAXI_DeReFusion_h1_s2023__attempt-01,completed_unreviewed,,,,,local-5060-stage-c-v1,confirmatory_local_stage_c,cuda,NVIDIA GeForce RTX 5060 Ti,phase1-v1.1-2026-09-19,f6093f1d85f13613dfe1a3ac0d25b554ca83ccd3,3f65349b09274b48b6297267fc2a57d6b84ef20bb0fe87bae1169a9e141e8710,5,checkpoint.pth;pred.npy;true.npy;metrics.npy;run.log,checkpoint.pth;pred.npy;true.npy;metrics.npy;run.log,,114350
stage_c_5060,reproduction/results/phase1/local-5060-stage-c-v1,RTX 5060 Ti; C_confirmation,C_confirmation,C_confirmation_GDAXI_DeReFusion_h1_s2024,C_confirmation_GDAXI_DeReFusion_h1_s2024__attempt-01,completed_unreviewed,,,,,local-5060-stage-c-v1,confirmatory_local_stage_c,cuda,NVIDIA GeForce RTX 5060 Ti,phase1-v1.1-2026-09-19,f6093f1d85f13613dfe1a3ac0d25b554ca83ccd3,7630fd2b649b432b2387041c93a950346f05da48804d1e89c497f471aafca68b,5,checkpoint.pth;pred.npy;true.npy;metrics.npy;run.log,checkpoint.pth;pred.npy;true.npy;metrics.npy;run.log,,114720
stage_c_5060,reproduction/results/phase1/local-5060-stage-c-v1,RTX 5060 Ti; C_confirmation,C_confirmation,C_confirmation_GDAXI_DeReFusion_h24_s2022,C_confirmation_GDAXI_DeReFusion_h24_s2022__attempt-01,completed_unreviewed,,,,,local-5060-stage-c-v1,confirmatory_local_stage_c,cuda,NVIDIA GeForce RTX 5060 Ti,phase1-v1.1-2026-09-19,f6093f1d85f13613dfe1a3ac0d25b554ca83ccd3,b7d3dd6200baa5d40e4f57fb32903c9cfecea810c986f92e191a9b45660e917d,5,checkpoint.pth;pred.npy;true.npy;metrics.npy;run.log,checkpoint.pth;pred.npy;true.npy;metrics.npy;run.log,,229894
stage_c_5060,reproduction/results/phase1/local-5060-stage-c-v1,RTX 5060 Ti; C_confirmation,C_confirmation,C_confirmation_GDAXI_DeReFusion_h24_s2023,C_confirmation_GDAXI_DeReFusion_h24_s2023__attempt-01,completed_unreviewed,,,,,local-5060-stage-c-v1,confirmatory_local_stage_c,cuda,NVIDIA GeForce RTX 5060 Ti,phase1-v1.1-2026-09-19,f6093f1d85f13613dfe1a3ac0d25b554ca83ccd3,bfee71d433ddf8f632d0a8d7f0c8e3653ed3c78fdf3ea566eabe76b55bc3243a,5,checkpoint.pth;pred.npy;true.npy;metrics.npy;run.log,checkpoint.pth;pred.npy;true.npy;metrics.npy;run.log,,229103
stage_c_5060,reproduction/results/phase1/local-5060-stage-c-v1,RTX 5060 Ti; C_confirmation,C_confirmation,C_confirmation_GDAXI_DeReFusion_h24_s2024,C_confirmation_GDAXI_DeReFusion_h24_s2024__attempt-01,completed_unreviewed,,,,,local-5060-stage-c-v1,confirmatory_local_stage_c,cuda,NVIDIA GeForce RTX 5060 Ti,phase1-v1.1-2026-09-19,f6093f1d85f13613dfe1a3ac0d25b554ca83ccd3,56c8aa17d89e96a507f01d976607f44167f0ff0ad4ebb6820802ca1ce8a61478,5,checkpoint.pth;pred.npy;true.npy;metrics.npy;run.log,checkpoint.pth;pred.npy;true.npy;metrics.npy;run.log,,229420
stage_c_5060,reproduction/results/phase1/local-5060-stage-c-v1,RTX 5060 Ti; C_confirmation,C_confirmation,C_confirmation_GDAXI_revin-DLinear_h1_s2022,C_confirmation_GDAXI_revin-DLinear_h1_s2022__attempt-01,completed_unreviewed,,,,,local-5060-stage-c-v1,confirmatory_local_stage_c,cuda,NVIDIA GeForce RTX 5060 Ti,phase1-v1.1-2026-09-19,f6093f1d85f13613dfe1a3ac0d25b554ca83ccd3,a84a33a9273ea5b4fb6f33866bf0edf1dcd879330c440f3d9365da274e7cfb21,5,checkpoint.pth;pred.npy;true.npy;metrics.npy;run.log,checkpoint.pth;pred.npy;true.npy;metrics.npy;run.log,,21527
stage_c_5060,reproduction/results/phase1/local-5060-stage-c-v1,RTX 5060 Ti; C_confirmation,C_confirmation,C_confirmation_GDAXI_revin-DLinear_h1_s2023,C_confirmation_GDAXI_revin-DLinear_h1_s2023__attempt-01,completed_unreviewed,,,,,local-5060-stage-c-v1,confirmatory_local_stage_c,cuda,NVIDIA GeForce RTX 5060 Ti,phase1-v1.1-2026-09-19,f6093f1d85f13613dfe1a3ac0d25b554ca83ccd3,ca8e8058be3e7a0e20b47e8c56c6b467ed057fa5b97865991a66427459959571,5,checkpoint.pth;pred.npy;true.npy;metrics.npy;run.log,checkpoint.pth;pred.npy;true.npy;metrics.npy;run.log,,21589
stage_c_5060,reproduction/results/phase1/local-5060-stage-c-v1,RTX 5060 Ti; C_confirmation,C_confirmation,C_confirmation_GDAXI_revin-DLinear_h1_s2024,C_confirmation_GDAXI_revin-DLinear_h1_s2024__attempt-01,completed_unreviewed,,,,,local-5060-stage-c-v1,confirmatory_local_stage_c,cuda,NVIDIA GeForce RTX 5060 Ti,phase1-v1.1-2026-09-19,f6093f1d85f13613dfe1a3ac0d25b554ca83ccd3,23e9276659d5c0c61fe15cb02984cbc127e9c8bd0583bed5954c96956489f722,5,checkpoint.pth;pred.npy;true.npy;metrics.npy;run.log,checkpoint.pth;pred.npy;true.npy;metrics.npy;run.log,,21553
stage_c_5060,reproduction/results/phase1/local-5060-stage-c-v1,RTX 5060 Ti; C_confirmation,C_confirmation,C_confirmation_GDAXI_revin-DLinear_h24_s2022,C_confirmation_GDAXI_revin-DLinear_h24_s2022__attempt-01,completed_unreviewed,,,,,local-5060-stage-c-v1,confirmatory_local_stage_c,cuda,NVIDIA GeForce RTX 5060 Ti,phase1-v1.1-2026-09-19,f6093f1d85f13613dfe1a3ac0d25b554ca83ccd3,ba4776e26b45857c66ce500535f846819d79377065a923ff31e1cfb6e6c876de,5,checkpoint.pth;pred.npy;true.npy;metrics.npy;run.log,checkpoint.pth;pred.npy;true.npy;metrics.npy;run.log,,126256
stage_c_5060,reproduction/results/phase1/local-5060-stage-c-v1,RTX 5060 Ti; C_confirmation,C_confirmation,C_confirmation_GDAXI_revin-DLinear_h24_s2023,C_confirmation_GDAXI_revin-DLinear_h24_s2023__attempt-01,completed_unreviewed,,,,,local-5060-stage-c-v1,confirmatory_local_stage_c,cuda,NVIDIA GeForce RTX 5060 Ti,phase1-v1.1-2026-09-19,f6093f1d85f13613dfe1a3ac0d25b554ca83ccd3,b5317e97f2090aae9c13f1456c2c270052b6e1aecac1f9dd7d6d6e381045ea80,5,checkpoint.pth;pred.npy;true.npy;metrics.npy;run.log,checkpoint.pth;pred.npy;true.npy;metrics.npy;run.log,,126945
stage_c_5060,reproduction/results/phase1/local-5060-stage-c-v1,RTX 5060 Ti; C_confirmation,C_confirmation,C_confirmation_GDAXI_revin-DLinear_h24_s2024,C_confirmation_GDAXI_revin-DLinear_h24_s2024__attempt-01,completed_unreviewed,,,,,local-5060-stage-c-v1,confirmatory_local_stage_c,cuda,NVIDIA GeForce RTX 5060 Ti,phase1-v1.1-2026-09-19,f6093f1d85f13613dfe1a3ac0d25b554ca83ccd3,0a8de0e012b7c45c1b9e9d196bc3433068121a2e1d066a732b7ea10123ec058d,5,checkpoint.pth;pred.npy;true.npy;metrics.npy;run.log,checkpoint.pth;pred.npy;true.npy;metrics.npy;run.log,,127298
stage_c_5060,reproduction/results/phase1/local-5060-stage-c-v1,RTX 5060 Ti; C_confirmation,C_confirmation,C_confirmation_GLD_DeReFusion_h1_s2022,C_confirmation_GLD_DeReFusion_h1_s2022__attempt-01,completed_unreviewed,,,,,local-5060-stage-c-v1,confirmatory_local_stage_c,cuda,NVIDIA GeForce RTX 5060 Ti,phase1-v1.1-2026-09-19,f6093f1d85f13613dfe1a3ac0d25b554ca83ccd3,81d58e931eaa5b267abf541d25aff605e4f9c6faf58412ac1a908654962bf494,5,checkpoint.pth;pred.npy;true.npy;metrics.npy;run.log,checkpoint.pth;pred.npy;true.npy;metrics.npy;run.log,,114697
stage_c_5060,reproduction/results/phase1/local-5060-stage-c-v1,RTX 5060 Ti; C_confirmation,C_confirmation,C_confirmation_GLD_DeReFusion_h1_s2023,C_confirmation_GLD_DeReFusion_h1_s2023__attempt-01,completed_unreviewed,,,,,local-5060-stage-c-v1,confirmatory_local_stage_c,cuda,NVIDIA GeForce RTX 5060 Ti,phase1-v1.1-2026-09-19,f6093f1d85f13613dfe1a3ac0d25b554ca83ccd3,55feb45889337e888f31c1f3e6d8efd26bd45a26273e23006517e32b0a59f130,5,checkpoint.pth;pred.npy;true.npy;metrics.npy;run.log,checkpoint.pth;pred.npy;true.npy;metrics.npy;run.log,,114655
stage_c_5060,reproduction/results/phase1/local-5060-stage-c-v1,RTX 5060 Ti; C_confirmation,C_confirmation,C_confirmation_GLD_DeReFusion_h1_s2024,C_confirmation_GLD_DeReFusion_h1_s2024__attempt-01,completed_unreviewed,,,,,local-5060-stage-c-v1,confirmatory_local_stage_c,cuda,NVIDIA GeForce RTX 5060 Ti,phase1-v1.1-2026-09-19,f6093f1d85f13613dfe1a3ac0d25b554ca83ccd3,716bb76b028b799a74ec9521ee515ac0bfc1f9f8f336421c90df842fb98258f4,5,checkpoint.pth;pred.npy;true.npy;metrics.npy;run.log,checkpoint.pth;pred.npy;true.npy;metrics.npy;run.log,,114737
stage_c_5060,reproduction/results/phase1/local-5060-stage-c-v1,RTX 5060 Ti; C_confirmation,C_confirmation,C_confirmation_GLD_DeReFusion_h24_s2022,C_confirmation_GLD_DeReFusion_h24_s2022__attempt-01,completed_unreviewed,,,,,local-5060-stage-c-v1,confirmatory_local_stage_c,cuda,NVIDIA GeForce RTX 5060 Ti,phase1-v1.1-2026-09-19,f6093f1d85f13613dfe1a3ac0d25b554ca83ccd3,19729bb3302c7e2cdf3dd6b1baf255812ccb98f510c4cb5636a4fc2bd7b91979,5,checkpoint.pth;pred.npy;true.npy;metrics.npy;run.log,checkpoint.pth;pred.npy;true.npy;metrics.npy;run.log,,226958
stage_c_5060,reproduction/results/phase1/local-5060-stage-c-v1,RTX 5060 Ti; C_confirmation,C_confirmation,C_confirmation_GLD_DeReFusion_h24_s2023,C_confirmation_GLD_DeReFusion_h24_s2023__attempt-01,completed_unreviewed,,,,,local-5060-stage-c-v1,confirmatory_local_stage_c,cuda,NVIDIA GeForce RTX 5060 Ti,phase1-v1.1-2026-09-19,f6093f1d85f13613dfe1a3ac0d25b554ca83ccd3,a6761a118657b6114c8d32eb5596dfc827bb70f5bc9b939eccd404be2a6a2aa2,5,checkpoint.pth;pred.npy;true.npy;metrics.npy;run.log,checkpoint.pth;pred.npy;true.npy;metrics.npy;run.log,,228954
stage_c_5060,reproduction/results/phase1/local-5060-stage-c-v1,RTX 5060 Ti; C_confirmation,C_confirmation,C_confirmation_GLD_DeReFusion_h24_s2024,C_confirmation_GLD_DeReFusion_h24_s2024__attempt-01,completed_unreviewed,,,,,local-5060-stage-c-v1,confirmatory_local_stage_c,cuda,NVIDIA GeForce RTX 5060 Ti,phase1-v1.1-2026-09-19,f6093f1d85f13613dfe1a3ac0d25b554ca83ccd3,18fe4f2322ea8044f537ebfb699c0dfb50d33acbce08be3d13a0c07581c21a36,5,checkpoint.pth;pred.npy;true.npy;metrics.npy;run.log,checkpoint.pth;pred.npy;true.npy;metrics.npy;run.log,,227223
stage_c_5060,reproduction/results/phase1/local-5060-stage-c-v1,RTX 5060 Ti; C_confirmation,C_confirmation,C_confirmation_GLD_revin-DLinear_h1_s2022,C_confirmation_GLD_revin-DLinear_h1_s2022__attempt-01,completed_unreviewed,,,,,local-5060-stage-c-v1,confirmatory_local_stage_c,cuda,NVIDIA GeForce RTX 5060 Ti,phase1-v1.1-2026-09-19,f6093f1d85f13613dfe1a3ac0d25b554ca83ccd3,b1ec6a3aaa1ebf9ef51df9c52235ac57d5547883d28289f5fb031fdd2915ee9b,5,checkpoint.pth;pred.npy;true.npy;metrics.npy;run.log,checkpoint.pth;pred.npy;true.npy;metrics.npy;run.log,,21455
stage_c_5060,reproduction/results/phase1/local-5060-stage-c-v1,RTX 5060 Ti; C_confirmation,C_confirmation,C_confirmation_GLD_revin-DLinear_h1_s2023,C_confirmation_GLD_revin-DLinear_h1_s2023__attempt-01,completed_unreviewed,,,,,local-5060-stage-c-v1,confirmatory_local_stage_c,cuda,NVIDIA GeForce RTX 5060 Ti,phase1-v1.1-2026-09-19,f6093f1d85f13613dfe1a3ac0d25b554ca83ccd3,5fb2cc23a1dc87c33e16888385f5d4e74e5c2520dba79086cf8cdb2ae391d8ea,5,checkpoint.pth;pred.npy;true.npy;metrics.npy;run.log,checkpoint.pth;pred.npy;true.npy;metrics.npy;run.log,,21496
stage_c_5060,reproduction/results/phase1/local-5060-stage-c-v1,RTX 5060 Ti; C_confirmation,C_confirmation,C_confirmation_GLD_revin-DLinear_h1_s2024,C_confirmation_GLD_revin-DLinear_h1_s2024__attempt-01,completed_unreviewed,,,,,local-5060-stage-c-v1,confirmatory_local_stage_c,cuda,NVIDIA GeForce RTX 5060 Ti,phase1-v1.1-2026-09-19,f6093f1d85f13613dfe1a3ac0d25b554ca83ccd3,3410207690387c42c058caa0df0a95a05b2db38a7e400de919639f55e9da9557,5,checkpoint.pth;pred.npy;true.npy;metrics.npy;run.log,checkpoint.pth;pred.npy;true.npy;metrics.npy;run.log,,21458
stage_c_5060,reproduction/results/phase1/local-5060-stage-c-v1,RTX 5060 Ti; C_confirmation,C_confirmation,C_confirmation_GLD_revin-DLinear_h24_s2022,C_confirmation_GLD_revin-DLinear_h24_s2022__attempt-01,completed_unreviewed,,,,,local-5060-stage-c-v1,confirmatory_local_stage_c,cuda,NVIDIA GeForce RTX 5060 Ti,phase1-v1.1-2026-09-19,f6093f1d85f13613dfe1a3ac0d25b554ca83ccd3,4fcce90e07836ecfed0d89b3b6b2d00c4523cb35481714f5e4070b93610b956b,5,checkpoint.pth;pred.npy;true.npy;metrics.npy;run.log,checkpoint.pth;pred.npy;true.npy;metrics.npy;run.log,,124278
stage_c_5060,reproduction/results/phase1/local-5060-stage-c-v1,RTX 5060 Ti; C_confirmation,C_confirmation,C_confirmation_GLD_revin-DLinear_h24_s2023,C_confirmation_GLD_revin-DLinear_h24_s2023__attempt-01,completed_unreviewed,,,,,local-5060-stage-c-v1,confirmatory_local_stage_c,cuda,NVIDIA GeForce RTX 5060 Ti,phase1-v1.1-2026-09-19,f6093f1d85f13613dfe1a3ac0d25b554ca83ccd3,e703f4fd508f48e2301afc81286d39b3f1728c64b45b8eeee4cddbad95697b46,5,checkpoint.pth;pred.npy;true.npy;metrics.npy;run.log,checkpoint.pth;pred.npy;true.npy;metrics.npy;run.log,,123454
stage_c_5060,reproduction/results/phase1/local-5060-stage-c-v1,RTX 5060 Ti; C_confirmation,C_confirmation,C_confirmation_GLD_revin-DLinear_h24_s2024,C_confirmation_GLD_revin-DLinear_h24_s2024__attempt-01,completed_unreviewed,,,,,local-5060-stage-c-v1,confirmatory_local_stage_c,cuda,NVIDIA GeForce RTX 5060 Ti,phase1-v1.1-2026-09-19,f6093f1d85f13613dfe1a3ac0d25b554ca83ccd3,4ca5b8665a5d037d29641b286a71d2ab90effc334f9e5bb787dbb85e39cfd3ca,5,checkpoint.pth;pred.npy;true.npy;metrics.npy;run.log,checkpoint.pth;pred.npy;true.npy;metrics.npy;run.log,,125923
stage_c_5060,reproduction/results/phase1/local-5060-stage-c-v1,RTX 5060 Ti; C_confirmation,C_confirmation,C_confirmation_GOLD_DeReFusion_h1_s2022,C_confirmation_GOLD_DeReFusion_h1_s2022__attempt-01,completed_unreviewed,,,,,local-5060-stage-c-v1,confirmatory_local_stage_c,cuda,NVIDIA GeForce RTX 5060 Ti,phase1-v1.1-2026-09-19,f6093f1d85f13613dfe1a3ac0d25b554ca83ccd3,4d784db00ed54d7e5fceed05064a9cee21a36ee45463d7e4eb919d5496f86cad,5,checkpoint.pth;pred.npy;true.npy;metrics.npy;run.log,checkpoint.pth;pred.npy;true.npy;metrics.npy;run.log,,114676
stage_c_5060,reproduction/results/phase1/local-5060-stage-c-v1,RTX 5060 Ti; C_confirmation,C_confirmation,C_confirmation_GOLD_DeReFusion_h1_s2023,C_confirmation_GOLD_DeReFusion_h1_s2023__attempt-01,completed_unreviewed,,,,,local-5060-stage-c-v1,confirmatory_local_stage_c,cuda,NVIDIA GeForce RTX 5060 Ti,phase1-v1.1-2026-09-19,f6093f1d85f13613dfe1a3ac0d25b554ca83ccd3,d111f5d297156d209550c9c3ad93eeabd2c7e506a4afdd387d57a83e0b48a008,5,checkpoint.pth;pred.npy;true.npy;metrics.npy;run.log,checkpoint.pth;pred.npy;true.npy;metrics.npy;run.log,,114669
stage_c_5060,reproduction/results/phase1/local-5060-stage-c-v1,RTX 5060 Ti; C_confirmation,C_confirmation,C_confirmation_GOLD_DeReFusion_h1_s2024,C_confirmation_GOLD_DeReFusion_h1_s2024__attempt-01,completed_unreviewed,,,,,local-5060-stage-c-v1,confirmatory_local_stage_c,cuda,NVIDIA GeForce RTX 5060 Ti,phase1-v1.1-2026-09-19,f6093f1d85f13613dfe1a3ac0d25b554ca83ccd3,4bd884ee28cb8a7e83a658f82ab60ed3de08bff6961103e7cd0396acf21cab94,5,checkpoint.pth;pred.npy;true.npy;metrics.npy;run.log,checkpoint.pth;pred.npy;true.npy;metrics.npy;run.log,,114680
stage_c_5060,reproduction/results/phase1/local-5060-stage-c-v1,RTX 5060 Ti; C_confirmation,C_confirmation,C_confirmation_GOLD_DeReFusion_h24_s2022,C_confirmation_GOLD_DeReFusion_h24_s2022__attempt-01,completed_unreviewed,,,,,local-5060-stage-c-v1,confirmatory_local_stage_c,cuda,NVIDIA GeForce RTX 5060 Ti,phase1-v1.1-2026-09-19,f6093f1d85f13613dfe1a3ac0d25b554ca83ccd3,5efc6220d730056839e0dcdc67f49b290661bc54137c86d3e5990cfdc45040fb,5,checkpoint.pth;pred.npy;true.npy;metrics.npy;run.log,checkpoint.pth;pred.npy;true.npy;metrics.npy;run.log,,227429
stage_c_5060,reproduction/results/phase1/local-5060-stage-c-v1,RTX 5060 Ti; C_confirmation,C_confirmation,C_confirmation_GOLD_DeReFusion_h24_s2023,C_confirmation_GOLD_DeReFusion_h24_s2023__attempt-01,completed_unreviewed,,,,,local-5060-stage-c-v1,confirmatory_local_stage_c,cuda,NVIDIA GeForce RTX 5060 Ti,phase1-v1.1-2026-09-19,f6093f1d85f13613dfe1a3ac0d25b554ca83ccd3,1596762c6be26bedcd4cc104323c04074715bb15f38512407fa1571a78618dab,5,checkpoint.pth;pred.npy;true.npy;metrics.npy;run.log,checkpoint.pth;pred.npy;true.npy;metrics.npy;run.log,,228191
stage_c_5060,reproduction/results/phase1/local-5060-stage-c-v1,RTX 5060 Ti; C_confirmation,C_confirmation,C_confirmation_GOLD_DeReFusion_h24_s2024,C_confirmation_GOLD_DeReFusion_h24_s2024__attempt-01,completed_unreviewed,,,,,local-5060-stage-c-v1,confirmatory_local_stage_c,cuda,NVIDIA GeForce RTX 5060 Ti,phase1-v1.1-2026-09-19,f6093f1d85f13613dfe1a3ac0d25b554ca83ccd3,b7e555eb148f53fb3fbfc31c4b3d125d36992cf073bbb863d923385abd15339c,5,checkpoint.pth;pred.npy;true.npy;metrics.npy;run.log,checkpoint.pth;pred.npy;true.npy;metrics.npy;run.log,,228819
stage_c_5060,reproduction/results/phase1/local-5060-stage-c-v1,RTX 5060 Ti; C_confirmation,C_confirmation,C_confirmation_GOLD_revin-DLinear_h1_s2022,C_confirmation_GOLD_revin-DLinear_h1_s2022__attempt-01,completed_unreviewed,,,,,local-5060-stage-c-v1,confirmatory_local_stage_c,cuda,NVIDIA GeForce RTX 5060 Ti,phase1-v1.1-2026-09-19,f6093f1d85f13613dfe1a3ac0d25b554ca83ccd3,f86c71c5763b8c9c68eadd46c3eac17b31b62f780fe0e4016495ed8e771a88f5,5,checkpoint.pth;pred.npy;true.npy;metrics.npy;run.log,checkpoint.pth;pred.npy;true.npy;metrics.npy;run.log,,21471
stage_c_5060,reproduction/results/phase1/local-5060-stage-c-v1,RTX 5060 Ti; C_confirmation,C_confirmation,C_confirmation_GOLD_revin-DLinear_h1_s2023,C_confirmation_GOLD_revin-DLinear_h1_s2023__attempt-01,completed_unreviewed,,,,,local-5060-stage-c-v1,confirmatory_local_stage_c,cuda,NVIDIA GeForce RTX 5060 Ti,phase1-v1.1-2026-09-19,f6093f1d85f13613dfe1a3ac0d25b554ca83ccd3,bdc0bdb29c0dd59bf8bf812d38125d59ef4c092cd8e3c9aedf2c2c7f32d5f016,5,checkpoint.pth;pred.npy;true.npy;metrics.npy;run.log,checkpoint.pth;pred.npy;true.npy;metrics.npy;run.log,,21401
stage_c_5060,reproduction/results/phase1/local-5060-stage-c-v1,RTX 5060 Ti; C_confirmation,C_confirmation,C_confirmation_GOLD_revin-DLinear_h1_s2024,C_confirmation_GOLD_revin-DLinear_h1_s2024__attempt-01,completed_unreviewed,,,,,local-5060-stage-c-v1,confirmatory_local_stage_c,cuda,NVIDIA GeForce RTX 5060 Ti,phase1-v1.1-2026-09-19,f6093f1d85f13613dfe1a3ac0d25b554ca83ccd3,6b95f5414b88b3544a93af9bb90c820a323d56fa809db8e8485682c58c168a45,5,checkpoint.pth;pred.npy;true.npy;metrics.npy;run.log,checkpoint.pth;pred.npy;true.npy;metrics.npy;run.log,,21439
stage_c_5060,reproduction/results/phase1/local-5060-stage-c-v1,RTX 5060 Ti; C_confirmation,C_confirmation,C_confirmation_GOLD_revin-DLinear_h24_s2022,C_confirmation_GOLD_revin-DLinear_h24_s2022__attempt-01,completed_unreviewed,,,,,local-5060-stage-c-v1,confirmatory_local_stage_c,cuda,NVIDIA GeForce RTX 5060 Ti,phase1-v1.1-2026-09-19,f6093f1d85f13613dfe1a3ac0d25b554ca83ccd3,77ab261d9b324c4f269bfff6c309bce67ae7053ef7f6fe32802445f77818c7da,5,checkpoint.pth;pred.npy;true.npy;metrics.npy;run.log,checkpoint.pth;pred.npy;true.npy;metrics.npy;run.log,,123467
stage_c_5060,reproduction/results/phase1/local-5060-stage-c-v1,RTX 5060 Ti; C_confirmation,C_confirmation,C_confirmation_GOLD_revin-DLinear_h24_s2023,C_confirmation_GOLD_revin-DLinear_h24_s2023__attempt-01,completed_unreviewed,,,,,local-5060-stage-c-v1,confirmatory_local_stage_c,cuda,NVIDIA GeForce RTX 5060 Ti,phase1-v1.1-2026-09-19,f6093f1d85f13613dfe1a3ac0d25b554ca83ccd3,84b1b15e89363d4c11e0387db0dd3f1bf73f75221b536913bb4f1c2faae8de0c,5,checkpoint.pth;pred.npy;true.npy;metrics.npy;run.log,checkpoint.pth;pred.npy;true.npy;metrics.npy;run.log,,124217
stage_c_5060,reproduction/results/phase1/local-5060-stage-c-v1,RTX 5060 Ti; C_confirmation,C_confirmation,C_confirmation_GOLD_revin-DLinear_h24_s2024,C_confirmation_GOLD_revin-DLinear_h24_s2024__attempt-01,completed_unreviewed,,,,,local-5060-stage-c-v1,confirmatory_local_stage_c,cuda,NVIDIA GeForce RTX 5060 Ti,phase1-v1.1-2026-09-19,f6093f1d85f13613dfe1a3ac0d25b554ca83ccd3,e811d5f6bb3135dc2730c52d197e36d9466dcf1b3b2d0ea3038ebc3656b0923a,5,checkpoint.pth;pred.npy;true.npy;metrics.npy;run.log,checkpoint.pth;pred.npy;true.npy;metrics.npy;run.log,,125327
stage_c_5060,reproduction/results/phase1/local-5060-stage-c-v1,RTX 5060 Ti; C_confirmation,C_confirmation,C_confirmation_GSPC_DeReFusion_h1_s2022,C_confirmation_GSPC_DeReFusion_h1_s2022__attempt-01,completed_unreviewed,,,,,local-5060-stage-c-v1,confirmatory_local_stage_c,cuda,NVIDIA GeForce RTX 5060 Ti,phase1-v1.1-2026-09-19,f6093f1d85f13613dfe1a3ac0d25b554ca83ccd3,1776180a6129ed9d8fb602932876eb8a025362541a3e05327724f87e75f0778e,5,checkpoint.pth;pred.npy;true.npy;metrics.npy;run.log,checkpoint.pth;pred.npy;true.npy;metrics.npy;run.log,,114710
stage_c_5060,reproduction/results/phase1/local-5060-stage-c-v1,RTX 5060 Ti; C_confirmation,C_confirmation,C_confirmation_GSPC_DeReFusion_h1_s2023,C_confirmation_GSPC_DeReFusion_h1_s2023__attempt-01,completed_unreviewed,,,,,local-5060-stage-c-v1,confirmatory_local_stage_c,cuda,NVIDIA GeForce RTX 5060 Ti,phase1-v1.1-2026-09-19,f6093f1d85f13613dfe1a3ac0d25b554ca83ccd3,2165957d79727f2ee30ff3cd9b2ebc798c1a88cdacfd3764fd143c90f64756d7,5,checkpoint.pth;pred.npy;true.npy;metrics.npy;run.log,checkpoint.pth;pred.npy;true.npy;metrics.npy;run.log,,114679
stage_c_5060,reproduction/results/phase1/local-5060-stage-c-v1,RTX 5060 Ti; C_confirmation,C_confirmation,C_confirmation_GSPC_DeReFusion_h1_s2024,C_confirmation_GSPC_DeReFusion_h1_s2024__attempt-01,completed_unreviewed,,,,,local-5060-stage-c-v1,confirmatory_local_stage_c,cuda,NVIDIA GeForce RTX 5060 Ti,phase1-v1.1-2026-09-19,f6093f1d85f13613dfe1a3ac0d25b554ca83ccd3,7f709489c43a4a87f5b08a2a57f471b4ff354f9ed4dcad3dc29d18c526f0ab29,5,checkpoint.pth;pred.npy;true.npy;metrics.npy;run.log,checkpoint.pth;pred.npy;true.npy;metrics.npy;run.log,,114640
stage_c_5060,reproduction/results/phase1/local-5060-stage-c-v1,RTX 5060 Ti; C_confirmation,C_confirmation,C_confirmation_GSPC_DeReFusion_h24_s2022,C_confirmation_GSPC_DeReFusion_h24_s2022__attempt-01,completed_unreviewed,,,,,local-5060-stage-c-v1,confirmatory_local_stage_c,cuda,NVIDIA GeForce RTX 5060 Ti,phase1-v1.1-2026-09-19,f6093f1d85f13613dfe1a3ac0d25b554ca83ccd3,fffb845f6be91fd7487e313ca7309bf446979d2eecf6a893eaa3894a5d17eeeb,5,checkpoint.pth;pred.npy;true.npy;metrics.npy;run.log,checkpoint.pth;pred.npy;true.npy;metrics.npy;run.log,,227811
stage_c_5060,reproduction/results/phase1/local-5060-stage-c-v1,RTX 5060 Ti; C_confirmation,C_confirmation,C_confirmation_GSPC_DeReFusion_h24_s2023,C_confirmation_GSPC_DeReFusion_h24_s2023__attempt-01,completed_unreviewed,,,,,local-5060-stage-c-v1,confirmatory_local_stage_c,cuda,NVIDIA GeForce RTX 5060 Ti,phase1-v1.1-2026-09-19,f6093f1d85f13613dfe1a3ac0d25b554ca83ccd3,0a816b7e956d5380fd6081cd5fdf7561972ba59ea55c56e491faa25570779aba,5,checkpoint.pth;pred.npy;true.npy;metrics.npy;run.log,checkpoint.pth;pred.npy;true.npy;metrics.npy;run.log,,227461
stage_c_5060,reproduction/results/phase1/local-5060-stage-c-v1,RTX 5060 Ti; C_confirmation,C_confirmation,C_confirmation_GSPC_DeReFusion_h24_s2024,C_confirmation_GSPC_DeReFusion_h24_s2024__attempt-01,completed_unreviewed,,,,,local-5060-stage-c-v1,confirmatory_local_stage_c,cuda,NVIDIA GeForce RTX 5060 Ti,phase1-v1.1-2026-09-19,f6093f1d85f13613dfe1a3ac0d25b554ca83ccd3,ddb0ec92598514ce065dba7fedb1366203a72a919492df769b153a3ea1916d19,5,checkpoint.pth;pred.npy;true.npy;metrics.npy;run.log,checkpoint.pth;pred.npy;true.npy;metrics.npy;run.log,,224925
stage_c_5060,reproduction/results/phase1/local-5060-stage-c-v1,RTX 5060 Ti; C_confirmation,C_confirmation,C_confirmation_GSPC_revin-DLinear_h1_s2022,C_confirmation_GSPC_revin-DLinear_h1_s2022__attempt-01,completed_unreviewed,,,,,local-5060-stage-c-v1,confirmatory_local_stage_c,cuda,NVIDIA GeForce RTX 5060 Ti,phase1-v1.1-2026-09-19,f6093f1d85f13613dfe1a3ac0d25b554ca83ccd3,526dc92c85c539d385163ead27257ae71d7ee5fbaefe18f22bbc786eb0a75183,5,checkpoint.pth;pred.npy;true.npy;metrics.npy;run.log,checkpoint.pth;pred.npy;true.npy;metrics.npy;run.log,,21472
stage_c_5060,reproduction/results/phase1/local-5060-stage-c-v1,RTX 5060 Ti; C_confirmation,C_confirmation,C_confirmation_GSPC_revin-DLinear_h1_s2023,C_confirmation_GSPC_revin-DLinear_h1_s2023__attempt-01,completed_unreviewed,,,,,local-5060-stage-c-v1,confirmatory_local_stage_c,cuda,NVIDIA GeForce RTX 5060 Ti,phase1-v1.1-2026-09-19,f6093f1d85f13613dfe1a3ac0d25b554ca83ccd3,aaaf55a40efa9d07c3414cafc3c448ed8181820aaa0c30bd210addc12dcc2610,5,checkpoint.pth;pred.npy;true.npy;metrics.npy;run.log,checkpoint.pth;pred.npy;true.npy;metrics.npy;run.log,,21511
stage_c_5060,reproduction/results/phase1/local-5060-stage-c-v1,RTX 5060 Ti; C_confirmation,C_confirmation,C_confirmation_GSPC_revin-DLinear_h1_s2024,C_confirmation_GSPC_revin-DLinear_h1_s2024__attempt-01,completed_unreviewed,,,,,local-5060-stage-c-v1,confirmatory_local_stage_c,cuda,NVIDIA GeForce RTX 5060 Ti,phase1-v1.1-2026-09-19,f6093f1d85f13613dfe1a3ac0d25b554ca83ccd3,4a4a1b5c9fb162e403ae741ea4c415a599681305f7c16ccf626b26664d932cba,5,checkpoint.pth;pred.npy;true.npy;metrics.npy;run.log,checkpoint.pth;pred.npy;true.npy;metrics.npy;run.log,,21482
stage_c_5060,reproduction/results/phase1/local-5060-stage-c-v1,RTX 5060 Ti; C_confirmation,C_confirmation,C_confirmation_GSPC_revin-DLinear_h24_s2022,C_confirmation_GSPC_revin-DLinear_h24_s2022__attempt-01,completed_unreviewed,,,,,local-5060-stage-c-v1,confirmatory_local_stage_c,cuda,NVIDIA GeForce RTX 5060 Ti,phase1-v1.1-2026-09-19,f6093f1d85f13613dfe1a3ac0d25b554ca83ccd3,6f35f5d52c8110d7a26d7d8cd1d07247fd2c94d27100e1383a29043b60f1eaec,5,checkpoint.pth;pred.npy;true.npy;metrics.npy;run.log,checkpoint.pth;pred.npy;true.npy;metrics.npy;run.log,,125328
stage_c_5060,reproduction/results/phase1/local-5060-stage-c-v1,RTX 5060 Ti; C_confirmation,C_confirmation,C_confirmation_GSPC_revin-DLinear_h24_s2023,C_confirmation_GSPC_revin-DLinear_h24_s2023__attempt-01,completed_unreviewed,,,,,local-5060-stage-c-v1,confirmatory_local_stage_c,cuda,NVIDIA GeForce RTX 5060 Ti,phase1-v1.1-2026-09-19,f6093f1d85f13613dfe1a3ac0d25b554ca83ccd3,26174838de38b2d719ac9b0f32dda057c7b174654bba22c8afb117fa8c739637,5,checkpoint.pth;pred.npy;true.npy;metrics.npy;run.log,checkpoint.pth;pred.npy;true.npy;metrics.npy;run.log,,123623
stage_c_5060,reproduction/results/phase1/local-5060-stage-c-v1,RTX 5060 Ti; C_confirmation,C_confirmation,C_confirmation_GSPC_revin-DLinear_h24_s2024,C_confirmation_GSPC_revin-DLinear_h24_s2024__attempt-01,completed_unreviewed,,,,,local-5060-stage-c-v1,confirmatory_local_stage_c,cuda,NVIDIA GeForce RTX 5060 Ti,phase1-v1.1-2026-09-19,f6093f1d85f13613dfe1a3ac0d25b554ca83ccd3,bd98a6f74a3bcc9d0b71eabb6f4f23aa2cba41382c82ccb7e104abff04e67849,5,checkpoint.pth;pred.npy;true.npy;metrics.npy;run.log,checkpoint.pth;pred.npy;true.npy;metrics.npy;run.log,,123840
stage_c_5060,reproduction/results/phase1/local-5060-stage-c-v1,RTX 5060 Ti; C_confirmation,C_confirmation,C_confirmation_HSI_DeReFusion_h1_s2022,C_confirmation_HSI_DeReFusion_h1_s2022__attempt-01,completed_unreviewed,,,,,local-5060-stage-c-v1,confirmatory_local_stage_c,cuda,NVIDIA GeForce RTX 5060 Ti,phase1-v1.1-2026-09-19,f6093f1d85f13613dfe1a3ac0d25b554ca83ccd3,b369fdf8257e3e5fa0f175316a06f2fbcd2d4ec7ccd64849d18657d5c478cadc,5,checkpoint.pth;pred.npy;true.npy;metrics.npy;run.log,checkpoint.pth;pred.npy;true.npy;metrics.npy;run.log,,114534
stage_c_5060,reproduction/results/phase1/local-5060-stage-c-v1,RTX 5060 Ti; C_confirmation,C_confirmation,C_confirmation_HSI_DeReFusion_h1_s2023,C_confirmation_HSI_DeReFusion_h1_s2023__attempt-01,completed_unreviewed,,,,,local-5060-stage-c-v1,confirmatory_local_stage_c,cuda,NVIDIA GeForce RTX 5060 Ti,phase1-v1.1-2026-09-19,f6093f1d85f13613dfe1a3ac0d25b554ca83ccd3,f359d90614ddb796d76c5e7ff6f9bcfd8cdcbf4f4f19cbf78ce201b4ae84e5a4,5,checkpoint.pth;pred.npy;true.npy;metrics.npy;run.log,checkpoint.pth;pred.npy;true.npy;metrics.npy;run.log,,114503
stage_c_5060,reproduction/results/phase1/local-5060-stage-c-v1,RTX 5060 Ti; C_confirmation,C_confirmation,C_confirmation_HSI_DeReFusion_h1_s2024,C_confirmation_HSI_DeReFusion_h1_s2024__attempt-01,completed_unreviewed,,,,,local-5060-stage-c-v1,confirmatory_local_stage_c,cuda,NVIDIA GeForce RTX 5060 Ti,phase1-v1.1-2026-09-19,f6093f1d85f13613dfe1a3ac0d25b554ca83ccd3,efec84f64a5b8dd4e94cf8aeacc1a428c94db33658de8501f42e89e80c7b456e,5,checkpoint.pth;pred.npy;true.npy;metrics.npy;run.log,checkpoint.pth;pred.npy;true.npy;metrics.npy;run.log,,114617
stage_c_5060,reproduction/results/phase1/local-5060-stage-c-v1,RTX 5060 Ti; C_confirmation,C_confirmation,C_confirmation_HSI_DeReFusion_h24_s2022,C_confirmation_HSI_DeReFusion_h24_s2022__attempt-01,completed_unreviewed,,,,,local-5060-stage-c-v1,confirmatory_local_stage_c,cuda,NVIDIA GeForce RTX 5060 Ti,phase1-v1.1-2026-09-19,f6093f1d85f13613dfe1a3ac0d25b554ca83ccd3,c38e3e000a7e0edd38a6d4727c255f965300a56d7629ab5430374e9c77faf12c,5,checkpoint.pth;pred.npy;true.npy;metrics.npy;run.log,checkpoint.pth;pred.npy;true.npy;metrics.npy;run.log,,226347
stage_c_5060,reproduction/results/phase1/local-5060-stage-c-v1,RTX 5060 Ti; C_confirmation,C_confirmation,C_confirmation_HSI_DeReFusion_h24_s2023,C_confirmation_HSI_DeReFusion_h24_s2023__attempt-01,completed_unreviewed,,,,,local-5060-stage-c-v1,confirmatory_local_stage_c,cuda,NVIDIA GeForce RTX 5060 Ti,phase1-v1.1-2026-09-19,f6093f1d85f13613dfe1a3ac0d25b554ca83ccd3,38791f09c5a763af5a8b8200917f1f05a71bf2833d7ccda73401073f0ab763fc,5,checkpoint.pth;pred.npy;true.npy;metrics.npy;run.log,checkpoint.pth;pred.npy;true.npy;metrics.npy;run.log,,226112
stage_c_5060,reproduction/results/phase1/local-5060-stage-c-v1,RTX 5060 Ti; C_confirmation,C_confirmation,C_confirmation_HSI_DeReFusion_h24_s2024,C_confirmation_HSI_DeReFusion_h24_s2024__attempt-01,completed_unreviewed,,,,,local-5060-stage-c-v1,confirmatory_local_stage_c,cuda,NVIDIA GeForce RTX 5060 Ti,phase1-v1.1-2026-09-19,f6093f1d85f13613dfe1a3ac0d25b554ca83ccd3,a7f431925e75aca2d0aa7343505da550702586a65be303acba752aa6c7cb9c58,5,checkpoint.pth;pred.npy;true.npy;metrics.npy;run.log,checkpoint.pth;pred.npy;true.npy;metrics.npy;run.log,,225436
stage_c_5060,reproduction/results/phase1/local-5060-stage-c-v1,RTX 5060 Ti; C_confirmation,C_confirmation,C_confirmation_HSI_revin-DLinear_h1_s2022,C_confirmation_HSI_revin-DLinear_h1_s2022__attempt-01,completed_unreviewed,,,,,local-5060-stage-c-v1,confirmatory_local_stage_c,cuda,NVIDIA GeForce RTX 5060 Ti,phase1-v1.1-2026-09-19,f6093f1d85f13613dfe1a3ac0d25b554ca83ccd3,aa1cb979d838d1d7005acba9fab7baa0dc3722b60802b63040a375cab703428b,5,checkpoint.pth;pred.npy;true.npy;metrics.npy;run.log,checkpoint.pth;pred.npy;true.npy;metrics.npy;run.log,,21214
stage_c_5060,reproduction/results/phase1/local-5060-stage-c-v1,RTX 5060 Ti; C_confirmation,C_confirmation,C_confirmation_HSI_revin-DLinear_h1_s2023,C_confirmation_HSI_revin-DLinear_h1_s2023__attempt-01,completed_unreviewed,,,,,local-5060-stage-c-v1,confirmatory_local_stage_c,cuda,NVIDIA GeForce RTX 5060 Ti,phase1-v1.1-2026-09-19,f6093f1d85f13613dfe1a3ac0d25b554ca83ccd3,916a2ef802cfbcb66aeb5287d6a51b1566f97740c5b1fbde86476ad17928b766,5,checkpoint.pth;pred.npy;true.npy;metrics.npy;run.log,checkpoint.pth;pred.npy;true.npy;metrics.npy;run.log,,21255
stage_c_5060,reproduction/results/phase1/local-5060-stage-c-v1,RTX 5060 Ti; C_confirmation,C_confirmation,C_confirmation_HSI_revin-DLinear_h1_s2024,C_confirmation_HSI_revin-DLinear_h1_s2024__attempt-01,completed_unreviewed,,,,,local-5060-stage-c-v1,confirmatory_local_stage_c,cuda,NVIDIA GeForce RTX 5060 Ti,phase1-v1.1-2026-09-19,f6093f1d85f13613dfe1a3ac0d25b554ca83ccd3,311cae497498fb76eda55596290a1e22115dd7cc41887bee8182fc0976b53e5f,5,checkpoint.pth;pred.npy;true.npy;metrics.npy;run.log,checkpoint.pth;pred.npy;true.npy;metrics.npy;run.log,,21302
stage_c_5060,reproduction/results/phase1/local-5060-stage-c-v1,RTX 5060 Ti; C_confirmation,C_confirmation,C_confirmation_HSI_revin-DLinear_h24_s2022,C_confirmation_HSI_revin-DLinear_h24_s2022__attempt-01,completed_unreviewed,,,,,local-5060-stage-c-v1,confirmatory_local_stage_c,cuda,NVIDIA GeForce RTX 5060 Ti,phase1-v1.1-2026-09-19,f6093f1d85f13613dfe1a3ac0d25b554ca83ccd3,32012f06f0627055ac462a4b5a59c94608739326b6ef9ea4db5a38b713086e6e,5,checkpoint.pth;pred.npy;true.npy;metrics.npy;run.log,checkpoint.pth;pred.npy;true.npy;metrics.npy;run.log,,125238
stage_c_5060,reproduction/results/phase1/local-5060-stage-c-v1,RTX 5060 Ti; C_confirmation,C_confirmation,C_confirmation_HSI_revin-DLinear_h24_s2023,C_confirmation_HSI_revin-DLinear_h24_s2023__attempt-01,completed_unreviewed,,,,,local-5060-stage-c-v1,confirmatory_local_stage_c,cuda,NVIDIA GeForce RTX 5060 Ti,phase1-v1.1-2026-09-19,f6093f1d85f13613dfe1a3ac0d25b554ca83ccd3,fc98d8c86e7018e1840b4ece2dd50f2d766b3530641573d4ad190372564b9736,5,checkpoint.pth;pred.npy;true.npy;metrics.npy;run.log,checkpoint.pth;pred.npy;true.npy;metrics.npy;run.log,,125199
stage_c_5060,reproduction/results/phase1/local-5060-stage-c-v1,RTX 5060 Ti; C_confirmation,C_confirmation,C_confirmation_HSI_revin-DLinear_h24_s2024,C_confirmation_HSI_revin-DLinear_h24_s2024__attempt-01,completed_unreviewed,,,,,local-5060-stage-c-v1,confirmatory_local_stage_c,cuda,NVIDIA GeForce RTX 5060 Ti,phase1-v1.1-2026-09-19,f6093f1d85f13613dfe1a3ac0d25b554ca83ccd3,0828ff32622ec312a9b1af62161614a87843bb1ff6d8cf377e2a605d58b48f3d,5,checkpoint.pth;pred.npy;true.npy;metrics.npy;run.log,checkpoint.pth;pred.npy;true.npy;metrics.npy;run.log,,125237
stage_c_5060,reproduction/results/phase1/local-5060-stage-c-v1,RTX 5060 Ti; C_confirmation,C_confirmation,C_confirmation_JPM_DeReFusion_h1_s2022,C_confirmation_JPM_DeReFusion_h1_s2022__attempt-01,completed_unreviewed,,,,,local-5060-stage-c-v1,confirmatory_local_stage_c,cuda,NVIDIA GeForce RTX 5060 Ti,phase1-v1.1-2026-09-19,f6093f1d85f13613dfe1a3ac0d25b554ca83ccd3,5645ed05abc3d976f8d5a1132104771ab89ecaf42e164620e61ad28b38d5a484,5,checkpoint.pth;pred.npy;true.npy;metrics.npy;run.log,checkpoint.pth;pred.npy;true.npy;metrics.npy;run.log,,114696
stage_c_5060,reproduction/results/phase1/local-5060-stage-c-v1,RTX 5060 Ti; C_confirmation,C_confirmation,C_confirmation_JPM_DeReFusion_h1_s2023,C_confirmation_JPM_DeReFusion_h1_s2023__attempt-01,completed_unreviewed,,,,,local-5060-stage-c-v1,confirmatory_local_stage_c,cuda,NVIDIA GeForce RTX 5060 Ti,phase1-v1.1-2026-09-19,f6093f1d85f13613dfe1a3ac0d25b554ca83ccd3,319fb72f79d2eba13067c3ff125a4109a0e236688cf39f189e11329b9baf900e,5,checkpoint.pth;pred.npy;true.npy;metrics.npy;run.log,checkpoint.pth;pred.npy;true.npy;metrics.npy;run.log,,114637
stage_c_5060,reproduction/results/phase1/local-5060-stage-c-v1,RTX 5060 Ti; C_confirmation,C_confirmation,C_confirmation_JPM_DeReFusion_h1_s2024,C_confirmation_JPM_DeReFusion_h1_s2024__attempt-01,completed_unreviewed,,,,,local-5060-stage-c-v1,confirmatory_local_stage_c,cuda,NVIDIA GeForce RTX 5060 Ti,phase1-v1.1-2026-09-19,f6093f1d85f13613dfe1a3ac0d25b554ca83ccd3,701053f678290de3de413a62d01bf5f16ce508b5abd425e260c622f0240d5b56,5,checkpoint.pth;pred.npy;true.npy;metrics.npy;run.log,checkpoint.pth;pred.npy;true.npy;metrics.npy;run.log,,114670
stage_c_5060,reproduction/results/phase1/local-5060-stage-c-v1,RTX 5060 Ti; C_confirmation,C_confirmation,C_confirmation_JPM_DeReFusion_h24_s2022,C_confirmation_JPM_DeReFusion_h24_s2022__attempt-01,completed_unreviewed,,,,,local-5060-stage-c-v1,confirmatory_local_stage_c,cuda,NVIDIA GeForce RTX 5060 Ti,phase1-v1.1-2026-09-19,f6093f1d85f13613dfe1a3ac0d25b554ca83ccd3,4b98ca4552edbecebe741e36e1b423d2b3cfc35f49e57311d52f749988dd2093,5,checkpoint.pth;pred.npy;true.npy;metrics.npy;run.log,checkpoint.pth;pred.npy;true.npy;metrics.npy;run.log,,227183
stage_c_5060,reproduction/results/phase1/local-5060-stage-c-v1,RTX 5060 Ti; C_confirmation,C_confirmation,C_confirmation_JPM_DeReFusion_h24_s2023,C_confirmation_JPM_DeReFusion_h24_s2023__attempt-01,completed_unreviewed,,,,,local-5060-stage-c-v1,confirmatory_local_stage_c,cuda,NVIDIA GeForce RTX 5060 Ti,phase1-v1.1-2026-09-19,f6093f1d85f13613dfe1a3ac0d25b554ca83ccd3,c18e48abdb960796e346f0879600421fa2761a344e89ebe614ad9b2b96877df2,5,checkpoint.pth;pred.npy;true.npy;metrics.npy;run.log,checkpoint.pth;pred.npy;true.npy;metrics.npy;run.log,,226718
stage_c_5060,reproduction/results/phase1/local-5060-stage-c-v1,RTX 5060 Ti; C_confirmation,C_confirmation,C_confirmation_JPM_DeReFusion_h24_s2024,C_confirmation_JPM_DeReFusion_h24_s2024__attempt-01,completed_unreviewed,,,,,local-5060-stage-c-v1,confirmatory_local_stage_c,cuda,NVIDIA GeForce RTX 5060 Ti,phase1-v1.1-2026-09-19,f6093f1d85f13613dfe1a3ac0d25b554ca83ccd3,84ba53306bb03dfe678e6850ab9fac79f0ebfaf372518d9ce3fce7cf0abc5f5a,5,checkpoint.pth;pred.npy;true.npy;metrics.npy;run.log,checkpoint.pth;pred.npy;true.npy;metrics.npy;run.log,,225328
stage_c_5060,reproduction/results/phase1/local-5060-stage-c-v1,RTX 5060 Ti; C_confirmation,C_confirmation,C_confirmation_JPM_revin-DLinear_h1_s2022,C_confirmation_JPM_revin-DLinear_h1_s2022__attempt-01,completed_unreviewed,,,,,local-5060-stage-c-v1,confirmatory_local_stage_c,cuda,NVIDIA GeForce RTX 5060 Ti,phase1-v1.1-2026-09-19,f6093f1d85f13613dfe1a3ac0d25b554ca83ccd3,789aac51b9dfd108ef3ba845eb08a05e7a352366f23814ffe1c62f0ce3ee44ba,5,checkpoint.pth;pred.npy;true.npy;metrics.npy;run.log,checkpoint.pth;pred.npy;true.npy;metrics.npy;run.log,,21494
stage_c_5060,reproduction/results/phase1/local-5060-stage-c-v1,RTX 5060 Ti; C_confirmation,C_confirmation,C_confirmation_JPM_revin-DLinear_h1_s2023,C_confirmation_JPM_revin-DLinear_h1_s2023__attempt-01,completed_unreviewed,,,,,local-5060-stage-c-v1,confirmatory_local_stage_c,cuda,NVIDIA GeForce RTX 5060 Ti,phase1-v1.1-2026-09-19,f6093f1d85f13613dfe1a3ac0d25b554ca83ccd3,fe4a19b8bc0b925dbf77ca40e4f314298212c1d133529b6c874ebefdf715effb,5,checkpoint.pth;pred.npy;true.npy;metrics.npy;run.log,checkpoint.pth;pred.npy;true.npy;metrics.npy;run.log,,21496
stage_c_5060,reproduction/results/phase1/local-5060-stage-c-v1,RTX 5060 Ti; C_confirmation,C_confirmation,C_confirmation_JPM_revin-DLinear_h1_s2024,C_confirmation_JPM_revin-DLinear_h1_s2024__attempt-01,completed_unreviewed,,,,,local-5060-stage-c-v1,confirmatory_local_stage_c,cuda,NVIDIA GeForce RTX 5060 Ti,phase1-v1.1-2026-09-19,f6093f1d85f13613dfe1a3ac0d25b554ca83ccd3,7734ef7b388e62f9bc0883d2362b0b69e094b2972e64e39844741046adea6c22,5,checkpoint.pth;pred.npy;true.npy;metrics.npy;run.log,checkpoint.pth;pred.npy;true.npy;metrics.npy;run.log,,21498
stage_c_5060,reproduction/results/phase1/local-5060-stage-c-v1,RTX 5060 Ti; C_confirmation,C_confirmation,C_confirmation_JPM_revin-DLinear_h24_s2022,C_confirmation_JPM_revin-DLinear_h24_s2022__attempt-01,completed_unreviewed,,,,,local-5060-stage-c-v1,confirmatory_local_stage_c,cuda,NVIDIA GeForce RTX 5060 Ti,phase1-v1.1-2026-09-19,f6093f1d85f13613dfe1a3ac0d25b554ca83ccd3,fc1a2955494d9ba82044953bffd60fe42b88ee8b72fe15d04bd3d77bae45d5f2,5,checkpoint.pth;pred.npy;true.npy;metrics.npy;run.log,checkpoint.pth;pred.npy;true.npy;metrics.npy;run.log,,124595
stage_c_5060,reproduction/results/phase1/local-5060-stage-c-v1,RTX 5060 Ti; C_confirmation,C_confirmation,C_confirmation_JPM_revin-DLinear_h24_s2023,C_confirmation_JPM_revin-DLinear_h24_s2023__attempt-01,completed_unreviewed,,,,,local-5060-stage-c-v1,confirmatory_local_stage_c,cuda,NVIDIA GeForce RTX 5060 Ti,phase1-v1.1-2026-09-19,f6093f1d85f13613dfe1a3ac0d25b554ca83ccd3,8ec03165e65b1888507ee41d5c3065ba20386cfaddc6046e23fcf80bc9727119,5,checkpoint.pth;pred.npy;true.npy;metrics.npy;run.log,checkpoint.pth;pred.npy;true.npy;metrics.npy;run.log,,123383
stage_c_5060,reproduction/results/phase1/local-5060-stage-c-v1,RTX 5060 Ti; C_confirmation,C_confirmation,C_confirmation_JPM_revin-DLinear_h24_s2024,C_confirmation_JPM_revin-DLinear_h24_s2024__attempt-01,completed_unreviewed,,,,,local-5060-stage-c-v1,confirmatory_local_stage_c,cuda,NVIDIA GeForce RTX 5060 Ti,phase1-v1.1-2026-09-19,f6093f1d85f13613dfe1a3ac0d25b554ca83ccd3,91bff698c2f63dbaca12a25ca3ee650ec415464c6a35d99524cfe29836319543,5,checkpoint.pth;pred.npy;true.npy;metrics.npy;run.log,checkpoint.pth;pred.npy;true.npy;metrics.npy;run.log,,123190
stage_c_5060,reproduction/results/phase1/local-5060-stage-c-v1,RTX 5060 Ti; C_confirmation,C_confirmation,C_confirmation_META_DeReFusion_h1_s2022,C_confirmation_META_DeReFusion_h1_s2022__attempt-01,completed_unreviewed,,,,,local-5060-stage-c-v1,confirmatory_local_stage_c,cuda,NVIDIA GeForce RTX 5060 Ti,phase1-v1.1-2026-09-19,f6093f1d85f13613dfe1a3ac0d25b554ca83ccd3,9bd1644cd92ab44c37ea6555f7c793ce379e0a71e518b8296f56af36fd6b39fb,5,checkpoint.pth;pred.npy;true.npy;metrics.npy;run.log,checkpoint.pth;pred.npy;true.npy;metrics.npy;run.log,,114706
stage_c_5060,reproduction/results/phase1/local-5060-stage-c-v1,RTX 5060 Ti; C_confirmation,C_confirmation,C_confirmation_META_DeReFusion_h1_s2023,C_confirmation_META_DeReFusion_h1_s2023__attempt-01,completed_unreviewed,,,,,local-5060-stage-c-v1,confirmatory_local_stage_c,cuda,NVIDIA GeForce RTX 5060 Ti,phase1-v1.1-2026-09-19,f6093f1d85f13613dfe1a3ac0d25b554ca83ccd3,3c4e9e66f370aaedf6696f9cdcd8525c6c78f8d32664b0d8fa51eb01bf6aea47,5,checkpoint.pth;pred.npy;true.npy;metrics.npy;run.log,checkpoint.pth;pred.npy;true.npy;metrics.npy;run.log,,114568
stage_c_5060,reproduction/results/phase1/local-5060-stage-c-v1,RTX 5060 Ti; C_confirmation,C_confirmation,C_confirmation_META_DeReFusion_h1_s2024,C_confirmation_META_DeReFusion_h1_s2024__attempt-01,completed_unreviewed,,,,,local-5060-stage-c-v1,confirmatory_local_stage_c,cuda,NVIDIA GeForce RTX 5060 Ti,phase1-v1.1-2026-09-19,f6093f1d85f13613dfe1a3ac0d25b554ca83ccd3,1c31dd86d978d5f05b34c4d3377befed9d8feaa09b7e04ae2c27725342944cd0,5,checkpoint.pth;pred.npy;true.npy;metrics.npy;run.log,checkpoint.pth;pred.npy;true.npy;metrics.npy;run.log,,114537
stage_c_5060,reproduction/results/phase1/local-5060-stage-c-v1,RTX 5060 Ti; C_confirmation,C_confirmation,C_confirmation_META_DeReFusion_h24_s2022,C_confirmation_META_DeReFusion_h24_s2022__attempt-01,completed_unreviewed,,,,,local-5060-stage-c-v1,confirmatory_local_stage_c,cuda,NVIDIA GeForce RTX 5060 Ti,phase1-v1.1-2026-09-19,f6093f1d85f13613dfe1a3ac0d25b554ca83ccd3,ea2a7e947c3f02a9ab36391953174be2264ec8be54eb7efe2d7a34752e8fb169,5,checkpoint.pth;pred.npy;true.npy;metrics.npy;run.log,checkpoint.pth;pred.npy;true.npy;metrics.npy;run.log,,227290
stage_c_5060,reproduction/results/phase1/local-5060-stage-c-v1,RTX 5060 Ti; C_confirmation,C_confirmation,C_confirmation_META_DeReFusion_h24_s2023,C_confirmation_META_DeReFusion_h24_s2023__attempt-01,completed_unreviewed,,,,,local-5060-stage-c-v1,confirmatory_local_stage_c,cuda,NVIDIA GeForce RTX 5060 Ti,phase1-v1.1-2026-09-19,f6093f1d85f13613dfe1a3ac0d25b554ca83ccd3,34317559abe061692e3d5e8968503f6ed8b15697984ef9dcee09079495b30549,5,checkpoint.pth;pred.npy;true.npy;metrics.npy;run.log,checkpoint.pth;pred.npy;true.npy;metrics.npy;run.log,,228022
stage_c_5060,reproduction/results/phase1/local-5060-stage-c-v1,RTX 5060 Ti; C_confirmation,C_confirmation,C_confirmation_META_DeReFusion_h24_s2024,C_confirmation_META_DeReFusion_h24_s2024__attempt-01,completed_unreviewed,,,,,local-5060-stage-c-v1,confirmatory_local_stage_c,cuda,NVIDIA GeForce RTX 5060 Ti,phase1-v1.1-2026-09-19,f6093f1d85f13613dfe1a3ac0d25b554ca83ccd3,f29f173550524d4959ca910d90d8725caf57331a0c6a6bfdb03717ca9223df31,5,checkpoint.pth;pred.npy;true.npy;metrics.npy;run.log,checkpoint.pth;pred.npy;true.npy;metrics.npy;run.log,,226458
stage_c_5060,reproduction/results/phase1/local-5060-stage-c-v1,RTX 5060 Ti; C_confirmation,C_confirmation,C_confirmation_META_revin-DLinear_h1_s2022,C_confirmation_META_revin-DLinear_h1_s2022__attempt-01,completed_unreviewed,,,,,local-5060-stage-c-v1,confirmatory_local_stage_c,cuda,NVIDIA GeForce RTX 5060 Ti,phase1-v1.1-2026-09-19,f6093f1d85f13613dfe1a3ac0d25b554ca83ccd3,ce5c210c09915040a6c2c3005ecc311a5c5488a01bbaab51f273bda20963ea96,5,checkpoint.pth;pred.npy;true.npy;metrics.npy;run.log,checkpoint.pth;pred.npy;true.npy;metrics.npy;run.log,,21506
stage_c_5060,reproduction/results/phase1/local-5060-stage-c-v1,RTX 5060 Ti; C_confirmation,C_confirmation,C_confirmation_META_revin-DLinear_h1_s2023,C_confirmation_META_revin-DLinear_h1_s2023__attempt-01,completed_unreviewed,,,,,local-5060-stage-c-v1,confirmatory_local_stage_c,cuda,NVIDIA GeForce RTX 5060 Ti,phase1-v1.1-2026-09-19,f6093f1d85f13613dfe1a3ac0d25b554ca83ccd3,f4ebf5b27425054c47bfa65a9608a65a85d329ef57b61d8c5924923f751c00f8,5,checkpoint.pth;pred.npy;true.npy;metrics.npy;run.log,checkpoint.pth;pred.npy;true.npy;metrics.npy;run.log,,21434
stage_c_5060,reproduction/results/phase1/local-5060-stage-c-v1,RTX 5060 Ti; C_confirmation,C_confirmation,C_confirmation_META_revin-DLinear_h1_s2024,C_confirmation_META_revin-DLinear_h1_s2024__attempt-01,completed_unreviewed,,,,,local-5060-stage-c-v1,confirmatory_local_stage_c,cuda,NVIDIA GeForce RTX 5060 Ti,phase1-v1.1-2026-09-19,f6093f1d85f13613dfe1a3ac0d25b554ca83ccd3,9f3973a06cb2ac3e3ab9a8054e1b46f56417da5f71f383d797bcf999954177c1,5,checkpoint.pth;pred.npy;true.npy;metrics.npy;run.log,checkpoint.pth;pred.npy;true.npy;metrics.npy;run.log,,21436
stage_c_5060,reproduction/results/phase1/local-5060-stage-c-v1,RTX 5060 Ti; C_confirmation,C_confirmation,C_confirmation_META_revin-DLinear_h24_s2022,C_confirmation_META_revin-DLinear_h24_s2022__attempt-01,completed_unreviewed,,,,,local-5060-stage-c-v1,confirmatory_local_stage_c,cuda,NVIDIA GeForce RTX 5060 Ti,phase1-v1.1-2026-09-19,f6093f1d85f13613dfe1a3ac0d25b554ca83ccd3,a3e6009246d3530d6520cb4079e8661a3d664fa7e52dc87f6e3bec255507027d,5,checkpoint.pth;pred.npy;true.npy;metrics.npy;run.log,checkpoint.pth;pred.npy;true.npy;metrics.npy;run.log,,126198
stage_c_5060,reproduction/results/phase1/local-5060-stage-c-v1,RTX 5060 Ti; C_confirmation,C_confirmation,C_confirmation_META_revin-DLinear_h24_s2023,C_confirmation_META_revin-DLinear_h24_s2023__attempt-01,completed_unreviewed,,,,,local-5060-stage-c-v1,confirmatory_local_stage_c,cuda,NVIDIA GeForce RTX 5060 Ti,phase1-v1.1-2026-09-19,f6093f1d85f13613dfe1a3ac0d25b554ca83ccd3,e4b5e78f029ddca01e3d624655acd9a1d49ba02c089d2bb75ebbab05e5c83824,5,checkpoint.pth;pred.npy;true.npy;metrics.npy;run.log,checkpoint.pth;pred.npy;true.npy;metrics.npy;run.log,,126920
stage_c_5060,reproduction/results/phase1/local-5060-stage-c-v1,RTX 5060 Ti; C_confirmation,C_confirmation,C_confirmation_META_revin-DLinear_h24_s2024,C_confirmation_META_revin-DLinear_h24_s2024__attempt-01,completed_unreviewed,,,,,local-5060-stage-c-v1,confirmatory_local_stage_c,cuda,NVIDIA GeForce RTX 5060 Ti,phase1-v1.1-2026-09-19,f6093f1d85f13613dfe1a3ac0d25b554ca83ccd3,2b6d1c0c9164976c64e9e91423bada8325f70c83b8c223e2b4ccc5618bd8373d,5,checkpoint.pth;pred.npy;true.npy;metrics.npy;run.log,checkpoint.pth;pred.npy;true.npy;metrics.npy;run.log,,126939
stage_c_5060,reproduction/results/phase1/local-5060-stage-c-v1,RTX 5060 Ti; C_confirmation,C_confirmation,C_confirmation_MSFT_DeReFusion_h1_s2022,C_confirmation_MSFT_DeReFusion_h1_s2022__attempt-01,completed_unreviewed,,,,,local-5060-stage-c-v1,confirmatory_local_stage_c,cuda,NVIDIA GeForce RTX 5060 Ti,phase1-v1.1-2026-09-19,f6093f1d85f13613dfe1a3ac0d25b554ca83ccd3,f5c67522b984679b2da97ede37325d32c1b2fc3de76ef2383d3b147aaff97251,5,checkpoint.pth;pred.npy;true.npy;metrics.npy;run.log,checkpoint.pth;pred.npy;true.npy;metrics.npy;run.log,,114743
stage_c_5060,reproduction/results/phase1/local-5060-stage-c-v1,RTX 5060 Ti; C_confirmation,C_confirmation,C_confirmation_MSFT_DeReFusion_h1_s2023,C_confirmation_MSFT_DeReFusion_h1_s2023__attempt-01,completed_unreviewed,,,,,local-5060-stage-c-v1,confirmatory_local_stage_c,cuda,NVIDIA GeForce RTX 5060 Ti,phase1-v1.1-2026-09-19,f6093f1d85f13613dfe1a3ac0d25b554ca83ccd3,9e0066df3fea68788c81e469a02824ddbd87cd07d6926faa9acb34171c5c4ab4,5,checkpoint.pth;pred.npy;true.npy;metrics.npy;run.log,checkpoint.pth;pred.npy;true.npy;metrics.npy;run.log,,114668
stage_c_5060,reproduction/results/phase1/local-5060-stage-c-v1,RTX 5060 Ti; C_confirmation,C_confirmation,C_confirmation_MSFT_DeReFusion_h1_s2024,C_confirmation_MSFT_DeReFusion_h1_s2024__attempt-01,completed_unreviewed,,,,,local-5060-stage-c-v1,confirmatory_local_stage_c,cuda,NVIDIA GeForce RTX 5060 Ti,phase1-v1.1-2026-09-19,f6093f1d85f13613dfe1a3ac0d25b554ca83ccd3,d8fd0cb5e9eeeea1510548171f5feb3e461186a855f716a98a5647fda25ab3a6,5,checkpoint.pth;pred.npy;true.npy;metrics.npy;run.log,checkpoint.pth;pred.npy;true.npy;metrics.npy;run.log,,114739
stage_c_5060,reproduction/results/phase1/local-5060-stage-c-v1,RTX 5060 Ti; C_confirmation,C_confirmation,C_confirmation_MSFT_DeReFusion_h24_s2022,C_confirmation_MSFT_DeReFusion_h24_s2022__attempt-01,completed_unreviewed,,,,,local-5060-stage-c-v1,confirmatory_local_stage_c,cuda,NVIDIA GeForce RTX 5060 Ti,phase1-v1.1-2026-09-19,f6093f1d85f13613dfe1a3ac0d25b554ca83ccd3,4ab5f53bc1ef4be19b863450e8296a8d76c9473f3d1e54d1a44fce0249e2acfb,5,checkpoint.pth;pred.npy;true.npy;metrics.npy;run.log,checkpoint.pth;pred.npy;true.npy;metrics.npy;run.log,,228927
stage_c_5060,reproduction/results/phase1/local-5060-stage-c-v1,RTX 5060 Ti; C_confirmation,C_confirmation,C_confirmation_MSFT_DeReFusion_h24_s2023,C_confirmation_MSFT_DeReFusion_h24_s2023__attempt-01,completed_unreviewed,,,,,local-5060-stage-c-v1,confirmatory_local_stage_c,cuda,NVIDIA GeForce RTX 5060 Ti,phase1-v1.1-2026-09-19,f6093f1d85f13613dfe1a3ac0d25b554ca83ccd3,61648e14ba357e4039912e7dd17da1d82ba0324e8c2e49efb00ce0572bced9b0,5,checkpoint.pth;pred.npy;true.npy;metrics.npy;run.log,checkpoint.pth;pred.npy;true.npy;metrics.npy;run.log,,227523
stage_c_5060,reproduction/results/phase1/local-5060-stage-c-v1,RTX 5060 Ti; C_confirmation,C_confirmation,C_confirmation_MSFT_DeReFusion_h24_s2024,C_confirmation_MSFT_DeReFusion_h24_s2024__attempt-01,completed_unreviewed,,,,,local-5060-stage-c-v1,confirmatory_local_stage_c,cuda,NVIDIA GeForce RTX 5060 Ti,phase1-v1.1-2026-09-19,f6093f1d85f13613dfe1a3ac0d25b554ca83ccd3,0edacfba065efff3a27be50cde7282a7a41d4d822f665cf0252775ce898ede8d,5,checkpoint.pth;pred.npy;true.npy;metrics.npy;run.log,checkpoint.pth;pred.npy;true.npy;metrics.npy;run.log,,226074
stage_c_5060,reproduction/results/phase1/local-5060-stage-c-v1,RTX 5060 Ti; C_confirmation,C_confirmation,C_confirmation_MSFT_revin-DLinear_h1_s2022,C_confirmation_MSFT_revin-DLinear_h1_s2022__attempt-01,completed_unreviewed,,,,,local-5060-stage-c-v1,confirmatory_local_stage_c,cuda,NVIDIA GeForce RTX 5060 Ti,phase1-v1.1-2026-09-19,f6093f1d85f13613dfe1a3ac0d25b554ca83ccd3,aa65f1e848825b1b1bc71413f9c39b6ae4f55fbe88ced01b8dd3039032d7ad56,5,checkpoint.pth;pred.npy;true.npy;metrics.npy;run.log,checkpoint.pth;pred.npy;true.npy;metrics.npy;run.log,,21512
stage_c_5060,reproduction/results/phase1/local-5060-stage-c-v1,RTX 5060 Ti; C_confirmation,C_confirmation,C_confirmation_MSFT_revin-DLinear_h1_s2023,C_confirmation_MSFT_revin-DLinear_h1_s2023__attempt-01,completed_unreviewed,,,,,local-5060-stage-c-v1,confirmatory_local_stage_c,cuda,NVIDIA GeForce RTX 5060 Ti,phase1-v1.1-2026-09-19,f6093f1d85f13613dfe1a3ac0d25b554ca83ccd3,f83b185214aa9765398bb6560ee9831988c379017bdf6ed91e436032ecf8a257,5,checkpoint.pth;pred.npy;true.npy;metrics.npy;run.log,checkpoint.pth;pred.npy;true.npy;metrics.npy;run.log,,21476
stage_c_5060,reproduction/results/phase1/local-5060-stage-c-v1,RTX 5060 Ti; C_confirmation,C_confirmation,C_confirmation_MSFT_revin-DLinear_h1_s2024,C_confirmation_MSFT_revin-DLinear_h1_s2024__attempt-01,completed_unreviewed,,,,,local-5060-stage-c-v1,confirmatory_local_stage_c,cuda,NVIDIA GeForce RTX 5060 Ti,phase1-v1.1-2026-09-19,f6093f1d85f13613dfe1a3ac0d25b554ca83ccd3,e43e69da2579102987a8e05c88cce787e62caabd365caba4ae690c626495beb1,5,checkpoint.pth;pred.npy;true.npy;metrics.npy;run.log,checkpoint.pth;pred.npy;true.npy;metrics.npy;run.log,,21440
stage_c_5060,reproduction/results/phase1/local-5060-stage-c-v1,RTX 5060 Ti; C_confirmation,C_confirmation,C_confirmation_MSFT_revin-DLinear_h24_s2022,C_confirmation_MSFT_revin-DLinear_h24_s2022__attempt-01,completed_unreviewed,,,,,local-5060-stage-c-v1,confirmatory_local_stage_c,cuda,NVIDIA GeForce RTX 5060 Ti,phase1-v1.1-2026-09-19,f6093f1d85f13613dfe1a3ac0d25b554ca83ccd3,0044131ee90e326b2d622d7347808ae7c10ac65c8c90a76e45a2de71851dccb9,5,checkpoint.pth;pred.npy;true.npy;metrics.npy;run.log,checkpoint.pth;pred.npy;true.npy;metrics.npy;run.log,,126593
stage_c_5060,reproduction/results/phase1/local-5060-stage-c-v1,RTX 5060 Ti; C_confirmation,C_confirmation,C_confirmation_MSFT_revin-DLinear_h24_s2023,C_confirmation_MSFT_revin-DLinear_h24_s2023__attempt-01,completed_unreviewed,,,,,local-5060-stage-c-v1,confirmatory_local_stage_c,cuda,NVIDIA GeForce RTX 5060 Ti,phase1-v1.1-2026-09-19,f6093f1d85f13613dfe1a3ac0d25b554ca83ccd3,afcff80f30385bad1bc3dd889f25a6b9340661017d19bffcd05b7fa29c24634a,5,checkpoint.pth;pred.npy;true.npy;metrics.npy;run.log,checkpoint.pth;pred.npy;true.npy;metrics.npy;run.log,,126234
stage_c_5060,reproduction/results/phase1/local-5060-stage-c-v1,RTX 5060 Ti; C_confirmation,C_confirmation,C_confirmation_MSFT_revin-DLinear_h24_s2024,C_confirmation_MSFT_revin-DLinear_h24_s2024__attempt-01,completed_unreviewed,,,,,local-5060-stage-c-v1,confirmatory_local_stage_c,cuda,NVIDIA GeForce RTX 5060 Ti,phase1-v1.1-2026-09-19,f6093f1d85f13613dfe1a3ac0d25b554ca83ccd3,24b8b021b2e54f7f1c459cbadd1452888d8aae2a2f0a53e5a12e9e57cd8d9304,5,checkpoint.pth;pred.npy;true.npy;metrics.npy;run.log,checkpoint.pth;pred.npy;true.npy;metrics.npy;run.log,,124714
stage_c_5060,reproduction/results/phase1/local-5060-stage-c-v1,RTX 5060 Ti; C_confirmation,C_confirmation,C_confirmation_N225_DeReFusion_h1_s2022,C_confirmation_N225_DeReFusion_h1_s2022__attempt-01,completed_unreviewed,,,,,local-5060-stage-c-v1,confirmatory_local_stage_c,cuda,NVIDIA GeForce RTX 5060 Ti,phase1-v1.1-2026-09-19,f6093f1d85f13613dfe1a3ac0d25b554ca83ccd3,56731ae1b6a7f624b522c6dcf9953f6c32ded728666bd6dfcc453da7e0baa14f,5,checkpoint.pth;pred.npy;true.npy;metrics.npy;run.log,checkpoint.pth;pred.npy;true.npy;metrics.npy;run.log,,114496
stage_c_5060,reproduction/results/phase1/local-5060-stage-c-v1,RTX 5060 Ti; C_confirmation,C_confirmation,C_confirmation_N225_DeReFusion_h1_s2023,C_confirmation_N225_DeReFusion_h1_s2023__attempt-01,completed_unreviewed,,,,,local-5060-stage-c-v1,confirmatory_local_stage_c,cuda,NVIDIA GeForce RTX 5060 Ti,phase1-v1.1-2026-09-19,f6093f1d85f13613dfe1a3ac0d25b554ca83ccd3,e2fa5278d2b3110ce096e534cbb0af2f401e9bf99ea1de903190aefbad9397e9,5,checkpoint.pth;pred.npy;true.npy;metrics.npy;run.log,checkpoint.pth;pred.npy;true.npy;metrics.npy;run.log,,114489
stage_c_5060,reproduction/results/phase1/local-5060-stage-c-v1,RTX 5060 Ti; C_confirmation,C_confirmation,C_confirmation_N225_DeReFusion_h1_s2024,C_confirmation_N225_DeReFusion_h1_s2024__attempt-01,completed_unreviewed,,,,,local-5060-stage-c-v1,confirmatory_local_stage_c,cuda,NVIDIA GeForce RTX 5060 Ti,phase1-v1.1-2026-09-19,f6093f1d85f13613dfe1a3ac0d25b554ca83ccd3,b0f4a4a2412c7202332dc12c3f4851bc7a46930613daad9518355c6b487b6352,5,checkpoint.pth;pred.npy;true.npy;metrics.npy;run.log,checkpoint.pth;pred.npy;true.npy;metrics.npy;run.log,,114534
stage_c_5060,reproduction/results/phase1/local-5060-stage-c-v1,RTX 5060 Ti; C_confirmation,C_confirmation,C_confirmation_N225_DeReFusion_h24_s2022,C_confirmation_N225_DeReFusion_h24_s2022__attempt-01,completed_unreviewed,,,,,local-5060-stage-c-v1,confirmatory_local_stage_c,cuda,NVIDIA GeForce RTX 5060 Ti,phase1-v1.1-2026-09-19,f6093f1d85f13613dfe1a3ac0d25b554ca83ccd3,6c99173e9802c5b502307da5d2cfdfa7ba7cb38504e06ecdd373d2f4cc5365b1,5,checkpoint.pth;pred.npy;true.npy;metrics.npy;run.log,checkpoint.pth;pred.npy;true.npy;metrics.npy;run.log,,222269
stage_c_5060,reproduction/results/phase1/local-5060-stage-c-v1,RTX 5060 Ti; C_confirmation,C_confirmation,C_confirmation_N225_DeReFusion_h24_s2023,C_confirmation_N225_DeReFusion_h24_s2023__attempt-01,completed_unreviewed,,,,,local-5060-stage-c-v1,confirmatory_local_stage_c,cuda,NVIDIA GeForce RTX 5060 Ti,phase1-v1.1-2026-09-19,f6093f1d85f13613dfe1a3ac0d25b554ca83ccd3,385780a2780fa21134a97be63d4a589d89317d66783a09bdb56853b6b04891cc,5,checkpoint.pth;pred.npy;true.npy;metrics.npy;run.log,checkpoint.pth;pred.npy;true.npy;metrics.npy;run.log,,223771
stage_c_5060,reproduction/results/phase1/local-5060-stage-c-v1,RTX 5060 Ti; C_confirmation,C_confirmation,C_confirmation_N225_DeReFusion_h24_s2024,C_confirmation_N225_DeReFusion_h24_s2024__attempt-01,completed_unreviewed,,,,,local-5060-stage-c-v1,confirmatory_local_stage_c,cuda,NVIDIA GeForce RTX 5060 Ti,phase1-v1.1-2026-09-19,f6093f1d85f13613dfe1a3ac0d25b554ca83ccd3,d3e1f007870312b6680d231f98b87438b9ab4b1e49dc8b5ed2f8062717955794,5,checkpoint.pth;pred.npy;true.npy;metrics.npy;run.log,checkpoint.pth;pred.npy;true.npy;metrics.npy;run.log,,223320
stage_c_5060,reproduction/results/phase1/local-5060-stage-c-v1,RTX 5060 Ti; C_confirmation,C_confirmation,C_confirmation_N225_revin-DLinear_h1_s2022,C_confirmation_N225_revin-DLinear_h1_s2022__attempt-01,completed_unreviewed,,,,,local-5060-stage-c-v1,confirmatory_local_stage_c,cuda,NVIDIA GeForce RTX 5060 Ti,phase1-v1.1-2026-09-19,f6093f1d85f13613dfe1a3ac0d25b554ca83ccd3,48df84fa95639ccd079c45a0ea4b7bfbcd5f158fb4c02ed2daabdd489205bdd9,5,checkpoint.pth;pred.npy;true.npy;metrics.npy;run.log,checkpoint.pth;pred.npy;true.npy;metrics.npy;run.log,,21222
stage_c_5060,reproduction/results/phase1/local-5060-stage-c-v1,RTX 5060 Ti; C_confirmation,C_confirmation,C_confirmation_N225_revin-DLinear_h1_s2023,C_confirmation_N225_revin-DLinear_h1_s2023__attempt-01,completed_unreviewed,,,,,local-5060-stage-c-v1,confirmatory_local_stage_c,cuda,NVIDIA GeForce RTX 5060 Ti,phase1-v1.1-2026-09-19,f6093f1d85f13613dfe1a3ac0d25b554ca83ccd3,1d97823c5d03415e66cc306e9eef7f1b17ba8b9ef70547073ed3fd165595773b,5,checkpoint.pth;pred.npy;true.npy;metrics.npy;run.log,checkpoint.pth;pred.npy;true.npy;metrics.npy;run.log,,21222
stage_c_5060,reproduction/results/phase1/local-5060-stage-c-v1,RTX 5060 Ti; C_confirmation,C_confirmation,C_confirmation_N225_revin-DLinear_h1_s2024,C_confirmation_N225_revin-DLinear_h1_s2024__attempt-01,completed_unreviewed,,,,,local-5060-stage-c-v1,confirmatory_local_stage_c,cuda,NVIDIA GeForce RTX 5060 Ti,phase1-v1.1-2026-09-19,f6093f1d85f13613dfe1a3ac0d25b554ca83ccd3,4209d02abe6c0b7602ea2a2491c1cc8cdd0997507df9d0a703032c00309a9cdc,5,checkpoint.pth;pred.npy;true.npy;metrics.npy;run.log,checkpoint.pth;pred.npy;true.npy;metrics.npy;run.log,,21282
stage_c_5060,reproduction/results/phase1/local-5060-stage-c-v1,RTX 5060 Ti; C_confirmation,C_confirmation,C_confirmation_N225_revin-DLinear_h24_s2022,C_confirmation_N225_revin-DLinear_h24_s2022__attempt-01,completed_unreviewed,,,,,local-5060-stage-c-v1,confirmatory_local_stage_c,cuda,NVIDIA GeForce RTX 5060 Ti,phase1-v1.1-2026-09-19,f6093f1d85f13613dfe1a3ac0d25b554ca83ccd3,432185488f09d7b87c833be85e98abe5d5e65058f086387148b57af9b88c95e8,5,checkpoint.pth;pred.npy;true.npy;metrics.npy;run.log,checkpoint.pth;pred.npy;true.npy;metrics.npy;run.log,,124597
stage_c_5060,reproduction/results/phase1/local-5060-stage-c-v1,RTX 5060 Ti; C_confirmation,C_confirmation,C_confirmation_N225_revin-DLinear_h24_s2023,C_confirmation_N225_revin-DLinear_h24_s2023__attempt-01,completed_unreviewed,,,,,local-5060-stage-c-v1,confirmatory_local_stage_c,cuda,NVIDIA GeForce RTX 5060 Ti,phase1-v1.1-2026-09-19,f6093f1d85f13613dfe1a3ac0d25b554ca83ccd3,e11c38ac473b027d65de8fff1d2eec71689c641d916f5599ac8239beadb78bf2,5,checkpoint.pth;pred.npy;true.npy;metrics.npy;run.log,checkpoint.pth;pred.npy;true.npy;metrics.npy;run.log,,124568
stage_c_5060,reproduction/results/phase1/local-5060-stage-c-v1,RTX 5060 Ti; C_confirmation,C_confirmation,C_confirmation_N225_revin-DLinear_h24_s2024,C_confirmation_N225_revin-DLinear_h24_s2024__attempt-01,completed_unreviewed,,,,,local-5060-stage-c-v1,confirmatory_local_stage_c,cuda,NVIDIA GeForce RTX 5060 Ti,phase1-v1.1-2026-09-19,f6093f1d85f13613dfe1a3ac0d25b554ca83ccd3,6749bea886beb80d2c90e2cab06160eacf65b03f677ab7ed834feac73c01a316,5,checkpoint.pth;pred.npy;true.npy;metrics.npy;run.log,checkpoint.pth;pred.npy;true.npy;metrics.npy;run.log,,124532
stage_c_5060,reproduction/results/phase1/local-5060-stage-c-v1,RTX 5060 Ti; C_confirmation,C_confirmation,C_confirmation_NVO_DeReFusion_h1_s2022,C_confirmation_NVO_DeReFusion_h1_s2022__attempt-01,completed_unreviewed,,,,,local-5060-stage-c-v1,confirmatory_local_stage_c,cuda,NVIDIA GeForce RTX 5060 Ti,phase1-v1.1-2026-09-19,f6093f1d85f13613dfe1a3ac0d25b554ca83ccd3,19016ee4af3cec65a1a0e61c10227971e8a6a4b1c377ae8cf74d9edb6ec811e1,5,checkpoint.pth;pred.npy;true.npy;metrics.npy;run.log,checkpoint.pth;pred.npy;true.npy;metrics.npy;run.log,,114591
stage_c_5060,reproduction/results/phase1/local-5060-stage-c-v1,RTX 5060 Ti; C_confirmation,C_confirmation,C_confirmation_NVO_DeReFusion_h1_s2023,C_confirmation_NVO_DeReFusion_h1_s2023__attempt-01,completed_unreviewed,,,,,local-5060-stage-c-v1,confirmatory_local_stage_c,cuda,NVIDIA GeForce RTX 5060 Ti,phase1-v1.1-2026-09-19,f6093f1d85f13613dfe1a3ac0d25b554ca83ccd3,a80722ec0e0727876c7f85bd222ee38c4030dca8c5fef9d1decd9c74b374af2f,5,checkpoint.pth;pred.npy;true.npy;metrics.npy;run.log,checkpoint.pth;pred.npy;true.npy;metrics.npy;run.log,,114418
stage_c_5060,reproduction/results/phase1/local-5060-stage-c-v1,RTX 5060 Ti; C_confirmation,C_confirmation,C_confirmation_NVO_DeReFusion_h1_s2024,C_confirmation_NVO_DeReFusion_h1_s2024__attempt-01,completed_unreviewed,,,,,local-5060-stage-c-v1,confirmatory_local_stage_c,cuda,NVIDIA GeForce RTX 5060 Ti,phase1-v1.1-2026-09-19,f6093f1d85f13613dfe1a3ac0d25b554ca83ccd3,9c892f87cca72eb7d3390c5cc6ce2973be0abcc4af7a4c74f91e3cd8c5436107,5,checkpoint.pth;pred.npy;true.npy;metrics.npy;run.log,checkpoint.pth;pred.npy;true.npy;metrics.npy;run.log,,114562
stage_c_5060,reproduction/results/phase1/local-5060-stage-c-v1,RTX 5060 Ti; C_confirmation,C_confirmation,C_confirmation_NVO_DeReFusion_h24_s2022,C_confirmation_NVO_DeReFusion_h24_s2022__attempt-01,completed_unreviewed,,,,,local-5060-stage-c-v1,confirmatory_local_stage_c,cuda,NVIDIA GeForce RTX 5060 Ti,phase1-v1.1-2026-09-19,f6093f1d85f13613dfe1a3ac0d25b554ca83ccd3,35641a920e850eafce8e571f4570cc490cca3bff3d061d426b690c7ebcc1332e,5,checkpoint.pth;pred.npy;true.npy;metrics.npy;run.log,checkpoint.pth;pred.npy;true.npy;metrics.npy;run.log,,227604
stage_c_5060,reproduction/results/phase1/local-5060-stage-c-v1,RTX 5060 Ti; C_confirmation,C_confirmation,C_confirmation_NVO_DeReFusion_h24_s2023,C_confirmation_NVO_DeReFusion_h24_s2023__attempt-01,completed_unreviewed,,,,,local-5060-stage-c-v1,confirmatory_local_stage_c,cuda,NVIDIA GeForce RTX 5060 Ti,phase1-v1.1-2026-09-19,f6093f1d85f13613dfe1a3ac0d25b554ca83ccd3,cbbd9a141243a9591ffe765c1ae64cc30a517d33ec32deb3f678b664f67ae1ad,5,checkpoint.pth;pred.npy;true.npy;metrics.npy;run.log,checkpoint.pth;pred.npy;true.npy;metrics.npy;run.log,,225788
stage_c_5060,reproduction/results/phase1/local-5060-stage-c-v1,RTX 5060 Ti; C_confirmation,C_confirmation,C_confirmation_NVO_DeReFusion_h24_s2024,C_confirmation_NVO_DeReFusion_h24_s2024__attempt-01,completed_unreviewed,,,,,local-5060-stage-c-v1,confirmatory_local_stage_c,cuda,NVIDIA GeForce RTX 5060 Ti,phase1-v1.1-2026-09-19,f6093f1d85f13613dfe1a3ac0d25b554ca83ccd3,af92da496581b8db01a4ac78f4d24c90ffcdd6fecf8b339d500544030a7e6497,5,checkpoint.pth;pred.npy;true.npy;metrics.npy;run.log,checkpoint.pth;pred.npy;true.npy;metrics.npy;run.log,,226873
stage_c_5060,reproduction/results/phase1/local-5060-stage-c-v1,RTX 5060 Ti; C_confirmation,C_confirmation,C_confirmation_NVO_revin-DLinear_h1_s2022,C_confirmation_NVO_revin-DLinear_h1_s2022__attempt-01,completed_unreviewed,,,,,local-5060-stage-c-v1,confirmatory_local_stage_c,cuda,NVIDIA GeForce RTX 5060 Ti,phase1-v1.1-2026-09-19,f6093f1d85f13613dfe1a3ac0d25b554ca83ccd3,415b8f26b978b6c7f641285c9d82bb631890ed1650efb7e47a8e20edb241dcd6,5,checkpoint.pth;pred.npy;true.npy;metrics.npy;run.log,checkpoint.pth;pred.npy;true.npy;metrics.npy;run.log,,21461
stage_c_5060,reproduction/results/phase1/local-5060-stage-c-v1,RTX 5060 Ti; C_confirmation,C_confirmation,C_confirmation_NVO_revin-DLinear_h1_s2023,C_confirmation_NVO_revin-DLinear_h1_s2023__attempt-01,completed_unreviewed,,,,,local-5060-stage-c-v1,confirmatory_local_stage_c,cuda,NVIDIA GeForce RTX 5060 Ti,phase1-v1.1-2026-09-19,f6093f1d85f13613dfe1a3ac0d25b554ca83ccd3,d70b880726c5bf7dc08c1fa1994814600d31283f513253bca340f2359100d74d,5,checkpoint.pth;pred.npy;true.npy;metrics.npy;run.log,checkpoint.pth;pred.npy;true.npy;metrics.npy;run.log,,21389
stage_c_5060,reproduction/results/phase1/local-5060-stage-c-v1,RTX 5060 Ti; C_confirmation,C_confirmation,C_confirmation_NVO_revin-DLinear_h1_s2024,C_confirmation_NVO_revin-DLinear_h1_s2024__attempt-01,completed_unreviewed,,,,,local-5060-stage-c-v1,confirmatory_local_stage_c,cuda,NVIDIA GeForce RTX 5060 Ti,phase1-v1.1-2026-09-19,f6093f1d85f13613dfe1a3ac0d25b554ca83ccd3,9a445d9707074725f6e446100cdcbbe80ec54a588ddf619a13cf1eae594bb20f,5,checkpoint.pth;pred.npy;true.npy;metrics.npy;run.log,checkpoint.pth;pred.npy;true.npy;metrics.npy;run.log,,21496
stage_c_5060,reproduction/results/phase1/local-5060-stage-c-v1,RTX 5060 Ti; C_confirmation,C_confirmation,C_confirmation_NVO_revin-DLinear_h24_s2022,C_confirmation_NVO_revin-DLinear_h24_s2022__attempt-01,completed_unreviewed,,,,,local-5060-stage-c-v1,confirmatory_local_stage_c,cuda,NVIDIA GeForce RTX 5060 Ti,phase1-v1.1-2026-09-19,f6093f1d85f13613dfe1a3ac0d25b554ca83ccd3,7f7c7ec6451883cec6ab7188867729bf20c5e1a90547a06331d1afad9dda3f92,5,checkpoint.pth;pred.npy;true.npy;metrics.npy;run.log,checkpoint.pth;pred.npy;true.npy;metrics.npy;run.log,,126446
stage_c_5060,reproduction/results/phase1/local-5060-stage-c-v1,RTX 5060 Ti; C_confirmation,C_confirmation,C_confirmation_NVO_revin-DLinear_h24_s2023,C_confirmation_NVO_revin-DLinear_h24_s2023__attempt-01,completed_unreviewed,,,,,local-5060-stage-c-v1,confirmatory_local_stage_c,cuda,NVIDIA GeForce RTX 5060 Ti,phase1-v1.1-2026-09-19,f6093f1d85f13613dfe1a3ac0d25b554ca83ccd3,60749a2389d74495f3b565515f809179661f80c2f14dfeb84e7dd052a72a56f0,5,checkpoint.pth;pred.npy;true.npy;metrics.npy;run.log,checkpoint.pth;pred.npy;true.npy;metrics.npy;run.log,,126892
stage_c_5060,reproduction/results/phase1/local-5060-stage-c-v1,RTX 5060 Ti; C_confirmation,C_confirmation,C_confirmation_NVO_revin-DLinear_h24_s2024,C_confirmation_NVO_revin-DLinear_h24_s2024__attempt-01,completed_unreviewed,,,,,local-5060-stage-c-v1,confirmatory_local_stage_c,cuda,NVIDIA GeForce RTX 5060 Ti,phase1-v1.1-2026-09-19,f6093f1d85f13613dfe1a3ac0d25b554ca83ccd3,9628c5ac84bffd7304fcba1ed98c247442293d09359cac879d88bce144721d6d,5,checkpoint.pth;pred.npy;true.npy;metrics.npy;run.log,checkpoint.pth;pred.npy;true.npy;metrics.npy;run.log,,126855
stage_c_5060,reproduction/results/phase1/local-5060-stage-c-v1,RTX 5060 Ti; C_confirmation,C_confirmation,C_confirmation_RUT_DeReFusion_h1_s2022,C_confirmation_RUT_DeReFusion_h1_s2022__attempt-01,completed_unreviewed,,,,,local-5060-stage-c-v1,confirmatory_local_stage_c,cuda,NVIDIA GeForce RTX 5060 Ti,phase1-v1.1-2026-09-19,f6093f1d85f13613dfe1a3ac0d25b554ca83ccd3,2e93045801c96fa821826f69618fc9fef3ad4745b2627bf1cb4ac69ab33973cf,5,checkpoint.pth;pred.npy;true.npy;metrics.npy;run.log,checkpoint.pth;pred.npy;true.npy;metrics.npy;run.log,,114665
stage_c_5060,reproduction/results/phase1/local-5060-stage-c-v1,RTX 5060 Ti; C_confirmation,C_confirmation,C_confirmation_RUT_DeReFusion_h1_s2023,C_confirmation_RUT_DeReFusion_h1_s2023__attempt-01,completed_unreviewed,,,,,local-5060-stage-c-v1,confirmatory_local_stage_c,cuda,NVIDIA GeForce RTX 5060 Ti,phase1-v1.1-2026-09-19,f6093f1d85f13613dfe1a3ac0d25b554ca83ccd3,87c129dfc545154534c4863ab56adcaba2af0ec9063dc6d2f91488c80f5a1731,5,checkpoint.pth;pred.npy;true.npy;metrics.npy;run.log,checkpoint.pth;pred.npy;true.npy;metrics.npy;run.log,,114699
stage_c_5060,reproduction/results/phase1/local-5060-stage-c-v1,RTX 5060 Ti; C_confirmation,C_confirmation,C_confirmation_RUT_DeReFusion_h1_s2024,C_confirmation_RUT_DeReFusion_h1_s2024__attempt-01,completed_unreviewed,,,,,local-5060-stage-c-v1,confirmatory_local_stage_c,cuda,NVIDIA GeForce RTX 5060 Ti,phase1-v1.1-2026-09-19,f6093f1d85f13613dfe1a3ac0d25b554ca83ccd3,0a05af3c375b611eb5b535cf9c81f62cb38d83435d082b3a82d0818300b50e4f,5,checkpoint.pth;pred.npy;true.npy;metrics.npy;run.log,checkpoint.pth;pred.npy;true.npy;metrics.npy;run.log,,114700
stage_c_5060,reproduction/results/phase1/local-5060-stage-c-v1,RTX 5060 Ti; C_confirmation,C_confirmation,C_confirmation_RUT_DeReFusion_h24_s2022,C_confirmation_RUT_DeReFusion_h24_s2022__attempt-01,completed_unreviewed,,,,,local-5060-stage-c-v1,confirmatory_local_stage_c,cuda,NVIDIA GeForce RTX 5060 Ti,phase1-v1.1-2026-09-19,f6093f1d85f13613dfe1a3ac0d25b554ca83ccd3,96897218916f038df5fd1d2baedab603c4b7f0fa18b2e088c1f3319567f2faec,5,checkpoint.pth;pred.npy;true.npy;metrics.npy;run.log,checkpoint.pth;pred.npy;true.npy;metrics.npy;run.log,,227186
stage_c_5060,reproduction/results/phase1/local-5060-stage-c-v1,RTX 5060 Ti; C_confirmation,C_confirmation,C_confirmation_RUT_DeReFusion_h24_s2023,C_confirmation_RUT_DeReFusion_h24_s2023__attempt-01,completed_unreviewed,,,,,local-5060-stage-c-v1,confirmatory_local_stage_c,cuda,NVIDIA GeForce RTX 5060 Ti,phase1-v1.1-2026-09-19,f6093f1d85f13613dfe1a3ac0d25b554ca83ccd3,da088656e24a6cba6393eec38743606e303f189be58e076c9e8b335bfe08ebdb,5,checkpoint.pth;pred.npy;true.npy;metrics.npy;run.log,checkpoint.pth;pred.npy;true.npy;metrics.npy;run.log,,227723
stage_c_5060,reproduction/results/phase1/local-5060-stage-c-v1,RTX 5060 Ti; C_confirmation,C_confirmation,C_confirmation_RUT_DeReFusion_h24_s2024,C_confirmation_RUT_DeReFusion_h24_s2024__attempt-01,completed_unreviewed,,,,,local-5060-stage-c-v1,confirmatory_local_stage_c,cuda,NVIDIA GeForce RTX 5060 Ti,phase1-v1.1-2026-09-19,f6093f1d85f13613dfe1a3ac0d25b554ca83ccd3,0b2e6ad1536b13b13c4faddf8b6eae2e3c2b3eb371421d94a4b1ab387dce0583,5,checkpoint.pth;pred.npy;true.npy;metrics.npy;run.log,checkpoint.pth;pred.npy;true.npy;metrics.npy;run.log,,227985
stage_c_5060,reproduction/results/phase1/local-5060-stage-c-v1,RTX 5060 Ti; C_confirmation,C_confirmation,C_confirmation_RUT_revin-DLinear_h1_s2022,C_confirmation_RUT_revin-DLinear_h1_s2022__attempt-01,completed_unreviewed,,,,,local-5060-stage-c-v1,confirmatory_local_stage_c,cuda,NVIDIA GeForce RTX 5060 Ti,phase1-v1.1-2026-09-19,f6093f1d85f13613dfe1a3ac0d25b554ca83ccd3,aeaed6e54e9c2375e51fd859a5ca1732042f2031d27e037a094d22c4efc05e21,5,checkpoint.pth;pred.npy;true.npy;metrics.npy;run.log,checkpoint.pth;pred.npy;true.npy;metrics.npy;run.log,,21496
stage_c_5060,reproduction/results/phase1/local-5060-stage-c-v1,RTX 5060 Ti; C_confirmation,C_confirmation,C_confirmation_RUT_revin-DLinear_h1_s2023,C_confirmation_RUT_revin-DLinear_h1_s2023__attempt-01,completed_unreviewed,,,,,local-5060-stage-c-v1,confirmatory_local_stage_c,cuda,NVIDIA GeForce RTX 5060 Ti,phase1-v1.1-2026-09-19,f6093f1d85f13613dfe1a3ac0d25b554ca83ccd3,832eaeab08db4745da408d79bab365e2b93ac69bb8afef95992e333870d40f2c,5,checkpoint.pth;pred.npy;true.npy;metrics.npy;run.log,checkpoint.pth;pred.npy;true.npy;metrics.npy;run.log,,21431
stage_c_5060,reproduction/results/phase1/local-5060-stage-c-v1,RTX 5060 Ti; C_confirmation,C_confirmation,C_confirmation_RUT_revin-DLinear_h1_s2024,C_confirmation_RUT_revin-DLinear_h1_s2024__attempt-01,completed_unreviewed,,,,,local-5060-stage-c-v1,confirmatory_local_stage_c,cuda,NVIDIA GeForce RTX 5060 Ti,phase1-v1.1-2026-09-19,f6093f1d85f13613dfe1a3ac0d25b554ca83ccd3,aa3d6a8acb3e5fe6bb57bd440bd96b543b694b9171dbe4d022a1ad9dba95c0f7,5,checkpoint.pth;pred.npy;true.npy;metrics.npy;run.log,checkpoint.pth;pred.npy;true.npy;metrics.npy;run.log,,21429
stage_c_5060,reproduction/results/phase1/local-5060-stage-c-v1,RTX 5060 Ti; C_confirmation,C_confirmation,C_confirmation_RUT_revin-DLinear_h24_s2022,C_confirmation_RUT_revin-DLinear_h24_s2022__attempt-01,completed_unreviewed,,,,,local-5060-stage-c-v1,confirmatory_local_stage_c,cuda,NVIDIA GeForce RTX 5060 Ti,phase1-v1.1-2026-09-19,f6093f1d85f13613dfe1a3ac0d25b554ca83ccd3,b7069a8b4cfdf6b97685d57c5632fb5902902c4247bd7230c9a5fcbcf5bb1adf,5,checkpoint.pth;pred.npy;true.npy;metrics.npy;run.log,checkpoint.pth;pred.npy;true.npy;metrics.npy;run.log,,125824
stage_c_5060,reproduction/results/phase1/local-5060-stage-c-v1,RTX 5060 Ti; C_confirmation,C_confirmation,C_confirmation_RUT_revin-DLinear_h24_s2023,C_confirmation_RUT_revin-DLinear_h24_s2023__attempt-01,completed_unreviewed,,,,,local-5060-stage-c-v1,confirmatory_local_stage_c,cuda,NVIDIA GeForce RTX 5060 Ti,phase1-v1.1-2026-09-19,f6093f1d85f13613dfe1a3ac0d25b554ca83ccd3,869ecd83d7db8819739a4599d816dec1bcb59bbc2f0004c0c76d078c0a3178b7,5,checkpoint.pth;pred.npy;true.npy;metrics.npy;run.log,checkpoint.pth;pred.npy;true.npy;metrics.npy;run.log,,123507
stage_c_5060,reproduction/results/phase1/local-5060-stage-c-v1,RTX 5060 Ti; C_confirmation,C_confirmation,C_confirmation_RUT_revin-DLinear_h24_s2024,C_confirmation_RUT_revin-DLinear_h24_s2024__attempt-01,completed_unreviewed,,,,,local-5060-stage-c-v1,confirmatory_local_stage_c,cuda,NVIDIA GeForce RTX 5060 Ti,phase1-v1.1-2026-09-19,f6093f1d85f13613dfe1a3ac0d25b554ca83ccd3,1c9ef762422053e80f132c443c07cb01bc4e35fe2fb85cf86b3fa5f52b84a52c,5,checkpoint.pth;pred.npy;true.npy;metrics.npy;run.log,checkpoint.pth;pred.npy;true.npy;metrics.npy;run.log,,123578
stage_c_5060,reproduction/results/phase1/local-5060-stage-c-v1,RTX 5060 Ti; C_confirmation,C_confirmation,C_confirmation_SOX_DeReFusion_h1_s2022,C_confirmation_SOX_DeReFusion_h1_s2022__attempt-01,completed_unreviewed,,,,,local-5060-stage-c-v1,confirmatory_local_stage_c,cuda,NVIDIA GeForce RTX 5060 Ti,phase1-v1.1-2026-09-19,f6093f1d85f13613dfe1a3ac0d25b554ca83ccd3,5a4961c6b2890e53fc0ba28c87886e1736dc1076a454c2a7507e84e9f732b5df,5,checkpoint.pth;pred.npy;true.npy;metrics.npy;run.log,checkpoint.pth;pred.npy;true.npy;metrics.npy;run.log,,114655
stage_c_5060,reproduction/results/phase1/local-5060-stage-c-v1,RTX 5060 Ti; C_confirmation,C_confirmation,C_confirmation_SOX_DeReFusion_h1_s2023,C_confirmation_SOX_DeReFusion_h1_s2023__attempt-01,completed_unreviewed,,,,,local-5060-stage-c-v1,confirmatory_local_stage_c,cuda,NVIDIA GeForce RTX 5060 Ti,phase1-v1.1-2026-09-19,f6093f1d85f13613dfe1a3ac0d25b554ca83ccd3,85f14fb642a5e286c855f74f281aa81040d3369f0481e5f6cb20dbd00da65bc3,5,checkpoint.pth;pred.npy;true.npy;metrics.npy;run.log,checkpoint.pth;pred.npy;true.npy;metrics.npy;run.log,,114697
stage_c_5060,reproduction/results/phase1/local-5060-stage-c-v1,RTX 5060 Ti; C_confirmation,C_confirmation,C_confirmation_SOX_DeReFusion_h1_s2024,C_confirmation_SOX_DeReFusion_h1_s2024__attempt-01,completed_unreviewed,,,,,local-5060-stage-c-v1,confirmatory_local_stage_c,cuda,NVIDIA GeForce RTX 5060 Ti,phase1-v1.1-2026-09-19,f6093f1d85f13613dfe1a3ac0d25b554ca83ccd3,f8730b25455b05dfc2068eaef13c3dbe2af832efd28b4e0baf22bdf08f0ab477,5,checkpoint.pth;pred.npy;true.npy;metrics.npy;run.log,checkpoint.pth;pred.npy;true.npy;metrics.npy;run.log,,114663
stage_c_5060,reproduction/results/phase1/local-5060-stage-c-v1,RTX 5060 Ti; C_confirmation,C_confirmation,C_confirmation_SOX_DeReFusion_h24_s2022,C_confirmation_SOX_DeReFusion_h24_s2022__attempt-01,completed_unreviewed,,,,,local-5060-stage-c-v1,confirmatory_local_stage_c,cuda,NVIDIA GeForce RTX 5060 Ti,phase1-v1.1-2026-09-19,f6093f1d85f13613dfe1a3ac0d25b554ca83ccd3,01f07994a9fa5c7281975e6af9e4f9c9d389b6b2202a0e81a153fd6c9ec8ce18,5,checkpoint.pth;pred.npy;true.npy;metrics.npy;run.log,checkpoint.pth;pred.npy;true.npy;metrics.npy;run.log,,227831
stage_c_5060,reproduction/results/phase1/local-5060-stage-c-v1,RTX 5060 Ti; C_confirmation,C_confirmation,C_confirmation_SOX_DeReFusion_h24_s2023,C_confirmation_SOX_DeReFusion_h24_s2023__attempt-01,completed_unreviewed,,,,,local-5060-stage-c-v1,confirmatory_local_stage_c,cuda,NVIDIA GeForce RTX 5060 Ti,phase1-v1.1-2026-09-19,f6093f1d85f13613dfe1a3ac0d25b554ca83ccd3,c01219cec18ad3e0e6febad2eb631079ddbaff130fe23892b31542bdd5f31428,5,checkpoint.pth;pred.npy;true.npy;metrics.npy;run.log,checkpoint.pth;pred.npy;true.npy;metrics.npy;run.log,,226221
stage_c_5060,reproduction/results/phase1/local-5060-stage-c-v1,RTX 5060 Ti; C_confirmation,C_confirmation,C_confirmation_SOX_DeReFusion_h24_s2024,C_confirmation_SOX_DeReFusion_h24_s2024__attempt-01,completed_unreviewed,,,,,local-5060-stage-c-v1,confirmatory_local_stage_c,cuda,NVIDIA GeForce RTX 5060 Ti,phase1-v1.1-2026-09-19,f6093f1d85f13613dfe1a3ac0d25b554ca83ccd3,dd576b25b0628128a804181ea4f5272c8cafec5bf0de72c6262092b7c862fb3f,5,checkpoint.pth;pred.npy;true.npy;metrics.npy;run.log,checkpoint.pth;pred.npy;true.npy;metrics.npy;run.log,,226989
stage_c_5060,reproduction/results/phase1/local-5060-stage-c-v1,RTX 5060 Ti; C_confirmation,C_confirmation,C_confirmation_SOX_revin-DLinear_h1_s2022,C_confirmation_SOX_revin-DLinear_h1_s2022__attempt-01,completed_unreviewed,,,,,local-5060-stage-c-v1,confirmatory_local_stage_c,cuda,NVIDIA GeForce RTX 5060 Ti,phase1-v1.1-2026-09-19,f6093f1d85f13613dfe1a3ac0d25b554ca83ccd3,8c17bfa16d12c71e52973dbcd81121613743802ac9f0a73c150c4e40d9ec8c7d,5,checkpoint.pth;pred.npy;true.npy;metrics.npy;run.log,checkpoint.pth;pred.npy;true.npy;metrics.npy;run.log,,21429
stage_c_5060,reproduction/results/phase1/local-5060-stage-c-v1,RTX 5060 Ti; C_confirmation,C_confirmation,C_confirmation_SOX_revin-DLinear_h1_s2023,C_confirmation_SOX_revin-DLinear_h1_s2023__attempt-01,completed_unreviewed,,,,,local-5060-stage-c-v1,confirmatory_local_stage_c,cuda,NVIDIA GeForce RTX 5060 Ti,phase1-v1.1-2026-09-19,f6093f1d85f13613dfe1a3ac0d25b554ca83ccd3,24a2bed94d04765ce42b7b935ab517d4f42188d748768b4515fa560e05cdbfb4,5,checkpoint.pth;pred.npy;true.npy;metrics.npy;run.log,checkpoint.pth;pred.npy;true.npy;metrics.npy;run.log,,21497
stage_c_5060,reproduction/results/phase1/local-5060-stage-c-v1,RTX 5060 Ti; C_confirmation,C_confirmation,C_confirmation_SOX_revin-DLinear_h1_s2024,C_confirmation_SOX_revin-DLinear_h1_s2024__attempt-01,completed_unreviewed,,,,,local-5060-stage-c-v1,confirmatory_local_stage_c,cuda,NVIDIA GeForce RTX 5060 Ti,phase1-v1.1-2026-09-19,f6093f1d85f13613dfe1a3ac0d25b554ca83ccd3,07eeb391092ac43245385ddec1190c4e700ae127fb4dad660adf1de40fbda67c,5,checkpoint.pth;pred.npy;true.npy;metrics.npy;run.log,checkpoint.pth;pred.npy;true.npy;metrics.npy;run.log,,21463
stage_c_5060,reproduction/results/phase1/local-5060-stage-c-v1,RTX 5060 Ti; C_confirmation,C_confirmation,C_confirmation_SOX_revin-DLinear_h24_s2022,C_confirmation_SOX_revin-DLinear_h24_s2022__attempt-01,completed_unreviewed,,,,,local-5060-stage-c-v1,confirmatory_local_stage_c,cuda,NVIDIA GeForce RTX 5060 Ti,phase1-v1.1-2026-09-19,f6093f1d85f13613dfe1a3ac0d25b554ca83ccd3,65286459772743c1f3e33edbec6d7693457f057e66ec4b1ea0702046ee50f526,5,checkpoint.pth;pred.npy;true.npy;metrics.npy;run.log,checkpoint.pth;pred.npy;true.npy;metrics.npy;run.log,,125702
stage_c_5060,reproduction/results/phase1/local-5060-stage-c-v1,RTX 5060 Ti; C_confirmation,C_confirmation,C_confirmation_SOX_revin-DLinear_h24_s2023,C_confirmation_SOX_revin-DLinear_h24_s2023__attempt-01,completed_unreviewed,,,,,local-5060-stage-c-v1,confirmatory_local_stage_c,cuda,NVIDIA GeForce RTX 5060 Ti,phase1-v1.1-2026-09-19,f6093f1d85f13613dfe1a3ac0d25b554ca83ccd3,b607d0f58e1e25966ab538880b7969ac7c45d57da5bfe147c3c20373fc618652,5,checkpoint.pth;pred.npy;true.npy;metrics.npy;run.log,checkpoint.pth;pred.npy;true.npy;metrics.npy;run.log,,126512
stage_c_5060,reproduction/results/phase1/local-5060-stage-c-v1,RTX 5060 Ti; C_confirmation,C_confirmation,C_confirmation_SOX_revin-DLinear_h24_s2024,C_confirmation_SOX_revin-DLinear_h24_s2024__attempt-01,completed_unreviewed,,,,,local-5060-stage-c-v1,confirmatory_local_stage_c,cuda,NVIDIA GeForce RTX 5060 Ti,phase1-v1.1-2026-09-19,f6093f1d85f13613dfe1a3ac0d25b554ca83ccd3,6de1d8c33855f9470f9a07c69d4b9ff710053d77ad3faa73e8d9b7761c2f7540,5,checkpoint.pth;pred.npy;true.npy;metrics.npy;run.log,checkpoint.pth;pred.npy;true.npy;metrics.npy;run.log,,123786
stage_c_5060,reproduction/results/phase1/local-5060-stage-c-v1,RTX 5060 Ti; C_confirmation,C_confirmation,C_confirmation_TLT_DeReFusion_h1_s2022,C_confirmation_TLT_DeReFusion_h1_s2022__attempt-01,completed_unreviewed,,,,,local-5060-stage-c-v1,confirmatory_local_stage_c,cuda,NVIDIA GeForce RTX 5060 Ti,phase1-v1.1-2026-09-19,f6093f1d85f13613dfe1a3ac0d25b554ca83ccd3,ae4b9fba93cd4c8c5b834422e64600f30eb7d369c4492d689d237b6c8c6d0dca,5,checkpoint.pth;pred.npy;true.npy;metrics.npy;run.log,checkpoint.pth;pred.npy;true.npy;metrics.npy;run.log,,114668
stage_c_5060,reproduction/results/phase1/local-5060-stage-c-v1,RTX 5060 Ti; C_confirmation,C_confirmation,C_confirmation_TLT_DeReFusion_h1_s2023,C_confirmation_TLT_DeReFusion_h1_s2023__attempt-01,completed_unreviewed,,,,,local-5060-stage-c-v1,confirmatory_local_stage_c,cuda,NVIDIA GeForce RTX 5060 Ti,phase1-v1.1-2026-09-19,f6093f1d85f13613dfe1a3ac0d25b554ca83ccd3,96dd221c0a80e7c8fbc83b3576b55491f75294b2fa3ae1447a13ba07f551064a,5,checkpoint.pth;pred.npy;true.npy;metrics.npy;run.log,checkpoint.pth;pred.npy;true.npy;metrics.npy;run.log,,114530
stage_c_5060,reproduction/results/phase1/local-5060-stage-c-v1,RTX 5060 Ti; C_confirmation,C_confirmation,C_confirmation_TLT_DeReFusion_h1_s2024,C_confirmation_TLT_DeReFusion_h1_s2024__attempt-01,completed_unreviewed,,,,,local-5060-stage-c-v1,confirmatory_local_stage_c,cuda,NVIDIA GeForce RTX 5060 Ti,phase1-v1.1-2026-09-19,f6093f1d85f13613dfe1a3ac0d25b554ca83ccd3,afb69a7f40ad1e0d9ff36814662d2ad92d8e2c365cca8a65af59ee926ccc54ff,5,checkpoint.pth;pred.npy;true.npy;metrics.npy;run.log,checkpoint.pth;pred.npy;true.npy;metrics.npy;run.log,,114625
stage_c_5060,reproduction/results/phase1/local-5060-stage-c-v1,RTX 5060 Ti; C_confirmation,C_confirmation,C_confirmation_TLT_DeReFusion_h24_s2022,C_confirmation_TLT_DeReFusion_h24_s2022__attempt-01,completed_unreviewed,,,,,local-5060-stage-c-v1,confirmatory_local_stage_c,cuda,NVIDIA GeForce RTX 5060 Ti,phase1-v1.1-2026-09-19,f6093f1d85f13613dfe1a3ac0d25b554ca83ccd3,3fe91b253faf1f5885d323b43d3310a5a521811ec9a39368f3536674a5488255,5,checkpoint.pth;pred.npy;true.npy;metrics.npy;run.log,checkpoint.pth;pred.npy;true.npy;metrics.npy;run.log,,228881
stage_c_5060,reproduction/results/phase1/local-5060-stage-c-v1,RTX 5060 Ti; C_confirmation,C_confirmation,C_confirmation_TLT_DeReFusion_h24_s2023,C_confirmation_TLT_DeReFusion_h24_s2023__attempt-01,completed_unreviewed,,,,,local-5060-stage-c-v1,confirmatory_local_stage_c,cuda,NVIDIA GeForce RTX 5060 Ti,phase1-v1.1-2026-09-19,f6093f1d85f13613dfe1a3ac0d25b554ca83ccd3,e49a61fc3d58e0ee8be27745a810b6d238596da9bec03f1d911be8f3054438e7,5,checkpoint.pth;pred.npy;true.npy;metrics.npy;run.log,checkpoint.pth;pred.npy;true.npy;metrics.npy;run.log,,226084
stage_c_5060,reproduction/results/phase1/local-5060-stage-c-v1,RTX 5060 Ti; C_confirmation,C_confirmation,C_confirmation_TLT_DeReFusion_h24_s2024,C_confirmation_TLT_DeReFusion_h24_s2024__attempt-01,completed_unreviewed,,,,,local-5060-stage-c-v1,confirmatory_local_stage_c,cuda,NVIDIA GeForce RTX 5060 Ti,phase1-v1.1-2026-09-19,f6093f1d85f13613dfe1a3ac0d25b554ca83ccd3,68704692be68dc22d4358fbaddc455422d7d00d3b22c7bc99611f6b9a6284e6e,5,checkpoint.pth;pred.npy;true.npy;metrics.npy;run.log,checkpoint.pth;pred.npy;true.npy;metrics.npy;run.log,,226195
stage_c_5060,reproduction/results/phase1/local-5060-stage-c-v1,RTX 5060 Ti; C_confirmation,C_confirmation,C_confirmation_TLT_revin-DLinear_h1_s2022,C_confirmation_TLT_revin-DLinear_h1_s2022__attempt-01,completed_unreviewed,,,,,local-5060-stage-c-v1,confirmatory_local_stage_c,cuda,NVIDIA GeForce RTX 5060 Ti,phase1-v1.1-2026-09-19,f6093f1d85f13613dfe1a3ac0d25b554ca83ccd3,949f63fc3dfeffae0f3962591254a7701f17343a03fd9092d696791ec6eccb51,5,checkpoint.pth;pred.npy;true.npy;metrics.npy;run.log,checkpoint.pth;pred.npy;true.npy;metrics.npy;run.log,,21494
stage_c_5060,reproduction/results/phase1/local-5060-stage-c-v1,RTX 5060 Ti; C_confirmation,C_confirmation,C_confirmation_TLT_revin-DLinear_h1_s2023,C_confirmation_TLT_revin-DLinear_h1_s2023__attempt-01,completed_unreviewed,,,,,local-5060-stage-c-v1,confirmatory_local_stage_c,cuda,NVIDIA GeForce RTX 5060 Ti,phase1-v1.1-2026-09-19,f6093f1d85f13613dfe1a3ac0d25b554ca83ccd3,ee375764f878f781046200d2b513466109052ff6c1113a24038271305c3c53c7,5,checkpoint.pth;pred.npy;true.npy;metrics.npy;run.log,checkpoint.pth;pred.npy;true.npy;metrics.npy;run.log,,21467
stage_c_5060,reproduction/results/phase1/local-5060-stage-c-v1,RTX 5060 Ti; C_confirmation,C_confirmation,C_confirmation_TLT_revin-DLinear_h1_s2024,C_confirmation_TLT_revin-DLinear_h1_s2024__attempt-01,completed_unreviewed,,,,,local-5060-stage-c-v1,confirmatory_local_stage_c,cuda,NVIDIA GeForce RTX 5060 Ti,phase1-v1.1-2026-09-19,f6093f1d85f13613dfe1a3ac0d25b554ca83ccd3,4fc46fe8ec71f191cc1f9d092f2ca25c8316d9ffa78f707ba73183c0a00526f4,5,checkpoint.pth;pred.npy;true.npy;metrics.npy;run.log,checkpoint.pth;pred.npy;true.npy;metrics.npy;run.log,,21495
stage_c_5060,reproduction/results/phase1/local-5060-stage-c-v1,RTX 5060 Ti; C_confirmation,C_confirmation,C_confirmation_TLT_revin-DLinear_h24_s2022,C_confirmation_TLT_revin-DLinear_h24_s2022__attempt-01,completed_unreviewed,,,,,local-5060-stage-c-v1,confirmatory_local_stage_c,cuda,NVIDIA GeForce RTX 5060 Ti,phase1-v1.1-2026-09-19,f6093f1d85f13613dfe1a3ac0d25b554ca83ccd3,1bbe6252b8f626ab72ee7fc7eff6812c6084f0e62a26b20fec21fed4d0bb6671,5,checkpoint.pth;pred.npy;true.npy;metrics.npy;run.log,checkpoint.pth;pred.npy;true.npy;metrics.npy;run.log,,125776
stage_c_5060,reproduction/results/phase1/local-5060-stage-c-v1,RTX 5060 Ti; C_confirmation,C_confirmation,C_confirmation_TLT_revin-DLinear_h24_s2023,C_confirmation_TLT_revin-DLinear_h24_s2023__attempt-01,completed_unreviewed,,,,,local-5060-stage-c-v1,confirmatory_local_stage_c,cuda,NVIDIA GeForce RTX 5060 Ti,phase1-v1.1-2026-09-19,f6093f1d85f13613dfe1a3ac0d25b554ca83ccd3,213e65badf616483688f8a45391b27901358509a3e6afd4a5adc00a9e37a244e,5,checkpoint.pth;pred.npy;true.npy;metrics.npy;run.log,checkpoint.pth;pred.npy;true.npy;metrics.npy;run.log,,123642
stage_c_5060,reproduction/results/phase1/local-5060-stage-c-v1,RTX 5060 Ti; C_confirmation,C_confirmation,C_confirmation_TLT_revin-DLinear_h24_s2024,C_confirmation_TLT_revin-DLinear_h24_s2024__attempt-01,completed_unreviewed,,,,,local-5060-stage-c-v1,confirmatory_local_stage_c,cuda,NVIDIA GeForce RTX 5060 Ti,phase1-v1.1-2026-09-19,f6093f1d85f13613dfe1a3ac0d25b554ca83ccd3,e9e27ebcf827b37fd8fa0475937b9226ae4769fac5a156006c5ac786bf2581e6,5,checkpoint.pth;pred.npy;true.npy;metrics.npy;run.log,checkpoint.pth;pred.npy;true.npy;metrics.npy;run.log,,123427
stage_c_5060,reproduction/results/phase1/local-5060-stage-c-v1,RTX 5060 Ti; C_confirmation,C_confirmation,C_confirmation_TM_DeReFusion_h1_s2022,C_confirmation_TM_DeReFusion_h1_s2022__attempt-01,completed_unreviewed,,,,,local-5060-stage-c-v1,confirmatory_local_stage_c,cuda,NVIDIA GeForce RTX 5060 Ti,phase1-v1.1-2026-09-19,f6093f1d85f13613dfe1a3ac0d25b554ca83ccd3,e9989a7bce67728add60ad40c21157da666130cfc40b3b6c659e643fda40b38b,5,checkpoint.pth;pred.npy;true.npy;metrics.npy;run.log,checkpoint.pth;pred.npy;true.npy;metrics.npy;run.log,,114610
stage_c_5060,reproduction/results/phase1/local-5060-stage-c-v1,RTX 5060 Ti; C_confirmation,C_confirmation,C_confirmation_TM_DeReFusion_h1_s2023,C_confirmation_TM_DeReFusion_h1_s2023__attempt-01,completed_unreviewed,,,,,local-5060-stage-c-v1,confirmatory_local_stage_c,cuda,NVIDIA GeForce RTX 5060 Ti,phase1-v1.1-2026-09-19,f6093f1d85f13613dfe1a3ac0d25b554ca83ccd3,a3655a28d258a33b3c097f48edfe88916804d3b02c2a9ce24714a785522a7d99,5,checkpoint.pth;pred.npy;true.npy;metrics.npy;run.log,checkpoint.pth;pred.npy;true.npy;metrics.npy;run.log,,114647
stage_c_5060,reproduction/results/phase1/local-5060-stage-c-v1,RTX 5060 Ti; C_confirmation,C_confirmation,C_confirmation_TM_DeReFusion_h1_s2024,C_confirmation_TM_DeReFusion_h1_s2024__attempt-01,completed_unreviewed,,,,,local-5060-stage-c-v1,confirmatory_local_stage_c,cuda,NVIDIA GeForce RTX 5060 Ti,phase1-v1.1-2026-09-19,f6093f1d85f13613dfe1a3ac0d25b554ca83ccd3,573f42677762ab4aac3b9b5c0f8e2c10a38994f2f146af16eacc352b75f4817c,5,checkpoint.pth;pred.npy;true.npy;metrics.npy;run.log,checkpoint.pth;pred.npy;true.npy;metrics.npy;run.log,,114654
stage_c_5060,reproduction/results/phase1/local-5060-stage-c-v1,RTX 5060 Ti; C_confirmation,C_confirmation,C_confirmation_TM_DeReFusion_h24_s2022,C_confirmation_TM_DeReFusion_h24_s2022__attempt-01,completed_unreviewed,,,,,local-5060-stage-c-v1,confirmatory_local_stage_c,cuda,NVIDIA GeForce RTX 5060 Ti,phase1-v1.1-2026-09-19,f6093f1d85f13613dfe1a3ac0d25b554ca83ccd3,0d4b23f52976eac7891db982b771be73d8edd5a88e720e27dea6c037e8a7fee8,5,checkpoint.pth;pred.npy;true.npy;metrics.npy;run.log,checkpoint.pth;pred.npy;true.npy;metrics.npy;run.log,,225547
stage_c_5060,reproduction/results/phase1/local-5060-stage-c-v1,RTX 5060 Ti; C_confirmation,C_confirmation,C_confirmation_TM_DeReFusion_h24_s2023,C_confirmation_TM_DeReFusion_h24_s2023__attempt-01,completed_unreviewed,,,,,local-5060-stage-c-v1,confirmatory_local_stage_c,cuda,NVIDIA GeForce RTX 5060 Ti,phase1-v1.1-2026-09-19,f6093f1d85f13613dfe1a3ac0d25b554ca83ccd3,f1503bca0664fe3619311b9a8f106e256d64cfefffce47255195d79838ecc967,5,checkpoint.pth;pred.npy;true.npy;metrics.npy;run.log,checkpoint.pth;pred.npy;true.npy;metrics.npy;run.log,,228900
stage_c_5060,reproduction/results/phase1/local-5060-stage-c-v1,RTX 5060 Ti; C_confirmation,C_confirmation,C_confirmation_TM_DeReFusion_h24_s2024,C_confirmation_TM_DeReFusion_h24_s2024__attempt-01,completed_unreviewed,,,,,local-5060-stage-c-v1,confirmatory_local_stage_c,cuda,NVIDIA GeForce RTX 5060 Ti,phase1-v1.1-2026-09-19,f6093f1d85f13613dfe1a3ac0d25b554ca83ccd3,7303cad033ddb3779045bccd33534eb12d4263dd2adb827ee4141771661d519f,5,checkpoint.pth;pred.npy;true.npy;metrics.npy;run.log,checkpoint.pth;pred.npy;true.npy;metrics.npy;run.log,,226527
stage_c_5060,reproduction/results/phase1/local-5060-stage-c-v1,RTX 5060 Ti; C_confirmation,C_confirmation,C_confirmation_TM_revin-DLinear_h1_s2022,C_confirmation_TM_revin-DLinear_h1_s2022__attempt-01,completed_unreviewed,,,,,local-5060-stage-c-v1,confirmatory_local_stage_c,cuda,NVIDIA GeForce RTX 5060 Ti,phase1-v1.1-2026-09-19,f6093f1d85f13613dfe1a3ac0d25b554ca83ccd3,13e8ae972c0398379cb515356e3c9fbb039555f3b8680f1e82c96d9e5c78afce,5,checkpoint.pth;pred.npy;true.npy;metrics.npy;run.log,checkpoint.pth;pred.npy;true.npy;metrics.npy;run.log,,21416
stage_c_5060,reproduction/results/phase1/local-5060-stage-c-v1,RTX 5060 Ti; C_confirmation,C_confirmation,C_confirmation_TM_revin-DLinear_h1_s2023,C_confirmation_TM_revin-DLinear_h1_s2023__attempt-01,completed_unreviewed,,,,,local-5060-stage-c-v1,confirmatory_local_stage_c,cuda,NVIDIA GeForce RTX 5060 Ti,phase1-v1.1-2026-09-19,f6093f1d85f13613dfe1a3ac0d25b554ca83ccd3,ee5773fec3550c4e3a289283c7a94a2412ac0b587cbd5060f1921eb25fff7279,5,checkpoint.pth;pred.npy;true.npy;metrics.npy;run.log,checkpoint.pth;pred.npy;true.npy;metrics.npy;run.log,,21309
stage_c_5060,reproduction/results/phase1/local-5060-stage-c-v1,RTX 5060 Ti; C_confirmation,C_confirmation,C_confirmation_TM_revin-DLinear_h1_s2024,C_confirmation_TM_revin-DLinear_h1_s2024__attempt-01,completed_unreviewed,,,,,local-5060-stage-c-v1,confirmatory_local_stage_c,cuda,NVIDIA GeForce RTX 5060 Ti,phase1-v1.1-2026-09-19,f6093f1d85f13613dfe1a3ac0d25b554ca83ccd3,ae50e4d8c9be9838bce00a2b681fd7d04805d5459b83dee52ad6a7121e452188,5,checkpoint.pth;pred.npy;true.npy;metrics.npy;run.log,checkpoint.pth;pred.npy;true.npy;metrics.npy;run.log,,21452
stage_c_5060,reproduction/results/phase1/local-5060-stage-c-v1,RTX 5060 Ti; C_confirmation,C_confirmation,C_confirmation_TM_revin-DLinear_h24_s2022,C_confirmation_TM_revin-DLinear_h24_s2022__attempt-01,completed_unreviewed,,,,,local-5060-stage-c-v1,confirmatory_local_stage_c,cuda,NVIDIA GeForce RTX 5060 Ti,phase1-v1.1-2026-09-19,f6093f1d85f13613dfe1a3ac0d25b554ca83ccd3,59949f76457c562ca6a2c8e794d65be94bb34b407fd129da234e6ef5814a54f1,5,checkpoint.pth;pred.npy;true.npy;metrics.npy;run.log,checkpoint.pth;pred.npy;true.npy;metrics.npy;run.log,,126071
stage_c_5060,reproduction/results/phase1/local-5060-stage-c-v1,RTX 5060 Ti; C_confirmation,C_confirmation,C_confirmation_TM_revin-DLinear_h24_s2023,C_confirmation_TM_revin-DLinear_h24_s2023__attempt-01,completed_unreviewed,,,,,local-5060-stage-c-v1,confirmatory_local_stage_c,cuda,NVIDIA GeForce RTX 5060 Ti,phase1-v1.1-2026-09-19,f6093f1d85f13613dfe1a3ac0d25b554ca83ccd3,23890e337d8388bafcbfc0aac0e700a768bb91b5d70249eaec35f56761bc854f,5,checkpoint.pth;pred.npy;true.npy;metrics.npy;run.log,checkpoint.pth;pred.npy;true.npy;metrics.npy;run.log,,124656
stage_c_5060,reproduction/results/phase1/local-5060-stage-c-v1,RTX 5060 Ti; C_confirmation,C_confirmation,C_confirmation_TM_revin-DLinear_h24_s2024,C_confirmation_TM_revin-DLinear_h24_s2024__attempt-01,completed_unreviewed,,,,,local-5060-stage-c-v1,confirmatory_local_stage_c,cuda,NVIDIA GeForce RTX 5060 Ti,phase1-v1.1-2026-09-19,f6093f1d85f13613dfe1a3ac0d25b554ca83ccd3,809bf9ae405a7bcab6a2386331ba96539ff0e49479c519a38a15e6f2eb0e1d37,5,checkpoint.pth;pred.npy;true.npy;metrics.npy;run.log,checkpoint.pth;pred.npy;true.npy;metrics.npy;run.log,,123879
stage_c_5060,reproduction/results/phase1/local-5060-stage-c-v1,RTX 5060 Ti; C_confirmation,C_confirmation,C_confirmation_TSLA_DeReFusion_h1_s2022,C_confirmation_TSLA_DeReFusion_h1_s2022__attempt-01,completed_unreviewed,,,,,local-5060-stage-c-v1,confirmatory_local_stage_c,cuda,NVIDIA GeForce RTX 5060 Ti,phase1-v1.1-2026-09-19,f6093f1d85f13613dfe1a3ac0d25b554ca83ccd3,5c93a9167cb77cc10b9094cdeb1befcfe54225fd77b8d5cbf8e333ce42158751,5,checkpoint.pth;pred.npy;true.npy;metrics.npy;run.log,checkpoint.pth;pred.npy;true.npy;metrics.npy;run.log,,114707
stage_c_5060,reproduction/results/phase1/local-5060-stage-c-v1,RTX 5060 Ti; C_confirmation,C_confirmation,C_confirmation_TSLA_DeReFusion_h1_s2023,C_confirmation_TSLA_DeReFusion_h1_s2023__attempt-01,completed_unreviewed,,,,,local-5060-stage-c-v1,confirmatory_local_stage_c,cuda,NVIDIA GeForce RTX 5060 Ti,phase1-v1.1-2026-09-19,f6093f1d85f13613dfe1a3ac0d25b554ca83ccd3,1db8c803611e36ee9bad39532df09a4a8f54f9056774d073f644e7e16161939e,5,checkpoint.pth;pred.npy;true.npy;metrics.npy;run.log,checkpoint.pth;pred.npy;true.npy;metrics.npy;run.log,,114467
stage_c_5060,reproduction/results/phase1/local-5060-stage-c-v1,RTX 5060 Ti; C_confirmation,C_confirmation,C_confirmation_TSLA_DeReFusion_h1_s2024,C_confirmation_TSLA_DeReFusion_h1_s2024__attempt-01,completed_unreviewed,,,,,local-5060-stage-c-v1,confirmatory_local_stage_c,cuda,NVIDIA GeForce RTX 5060 Ti,phase1-v1.1-2026-09-19,f6093f1d85f13613dfe1a3ac0d25b554ca83ccd3,cc471bf500ab070587379ee516de6575bef83bd64d800a6de23ae0484210321d,5,checkpoint.pth;pred.npy;true.npy;metrics.npy;run.log,checkpoint.pth;pred.npy;true.npy;metrics.npy;run.log,,114711
stage_c_5060,reproduction/results/phase1/local-5060-stage-c-v1,RTX 5060 Ti; C_confirmation,C_confirmation,C_confirmation_TSLA_DeReFusion_h24_s2022,C_confirmation_TSLA_DeReFusion_h24_s2022__attempt-01,completed_unreviewed,,,,,local-5060-stage-c-v1,confirmatory_local_stage_c,cuda,NVIDIA GeForce RTX 5060 Ti,phase1-v1.1-2026-09-19,f6093f1d85f13613dfe1a3ac0d25b554ca83ccd3,7a9cec1cc701e76f77093a5df8982d8eb03b0d13140c4ea29662f82a5c284dea,5,checkpoint.pth;pred.npy;true.npy;metrics.npy;run.log,checkpoint.pth;pred.npy;true.npy;metrics.npy;run.log,,226289
stage_c_5060,reproduction/results/phase1/local-5060-stage-c-v1,RTX 5060 Ti; C_confirmation,C_confirmation,C_confirmation_TSLA_DeReFusion_h24_s2023,C_confirmation_TSLA_DeReFusion_h24_s2023__attempt-01,completed_unreviewed,,,,,local-5060-stage-c-v1,confirmatory_local_stage_c,cuda,NVIDIA GeForce RTX 5060 Ti,phase1-v1.1-2026-09-19,f6093f1d85f13613dfe1a3ac0d25b554ca83ccd3,dc225e6100bf6c16efbba644cdbc78e5c7b0cb5b7e3ee7dece1970df9a3a49da,5,checkpoint.pth;pred.npy;true.npy;metrics.npy;run.log,checkpoint.pth;pred.npy;true.npy;metrics.npy;run.log,,226701
stage_c_5060,reproduction/results/phase1/local-5060-stage-c-v1,RTX 5060 Ti; C_confirmation,C_confirmation,C_confirmation_TSLA_DeReFusion_h24_s2024,C_confirmation_TSLA_DeReFusion_h24_s2024__attempt-01,completed_unreviewed,,,,,local-5060-stage-c-v1,confirmatory_local_stage_c,cuda,NVIDIA GeForce RTX 5060 Ti,phase1-v1.1-2026-09-19,f6093f1d85f13613dfe1a3ac0d25b554ca83ccd3,39f01ce541363b15286d822ee2777f7e242c4cb18efe0febed5c56b8d20cd234,5,checkpoint.pth;pred.npy;true.npy;metrics.npy;run.log,checkpoint.pth;pred.npy;true.npy;metrics.npy;run.log,,228226
stage_c_5060,reproduction/results/phase1/local-5060-stage-c-v1,RTX 5060 Ti; C_confirmation,C_confirmation,C_confirmation_TSLA_revin-DLinear_h1_s2022,C_confirmation_TSLA_revin-DLinear_h1_s2022__attempt-01,completed_unreviewed,,,,,local-5060-stage-c-v1,confirmatory_local_stage_c,cuda,NVIDIA GeForce RTX 5060 Ti,phase1-v1.1-2026-09-19,f6093f1d85f13613dfe1a3ac0d25b554ca83ccd3,290323c38762c358b03d415709773c4f6313e1104f2f47c08f98c779c26054a0,5,checkpoint.pth;pred.npy;true.npy;metrics.npy;run.log,checkpoint.pth;pred.npy;true.npy;metrics.npy;run.log,,21511
stage_c_5060,reproduction/results/phase1/local-5060-stage-c-v1,RTX 5060 Ti; C_confirmation,C_confirmation,C_confirmation_TSLA_revin-DLinear_h1_s2023,C_confirmation_TSLA_revin-DLinear_h1_s2023__attempt-01,completed_unreviewed,,,,,local-5060-stage-c-v1,confirmatory_local_stage_c,cuda,NVIDIA GeForce RTX 5060 Ti,phase1-v1.1-2026-09-19,f6093f1d85f13613dfe1a3ac0d25b554ca83ccd3,a37a3714c89bd4123917f7b4bf30ad0d2229d4c0775bf32dbc8937544f07b1c7,5,checkpoint.pth;pred.npy;true.npy;metrics.npy;run.log,checkpoint.pth;pred.npy;true.npy;metrics.npy;run.log,,21433
stage_c_5060,reproduction/results/phase1/local-5060-stage-c-v1,RTX 5060 Ti; C_confirmation,C_confirmation,C_confirmation_TSLA_revin-DLinear_h1_s2024,C_confirmation_TSLA_revin-DLinear_h1_s2024__attempt-01,completed_unreviewed,,,,,local-5060-stage-c-v1,confirmatory_local_stage_c,cuda,NVIDIA GeForce RTX 5060 Ti,phase1-v1.1-2026-09-19,f6093f1d85f13613dfe1a3ac0d25b554ca83ccd3,d21514029453bc96e3aae714613ad2ece031bf5459ff25998ce1e62c96be797c,5,checkpoint.pth;pred.npy;true.npy;metrics.npy;run.log,checkpoint.pth;pred.npy;true.npy;metrics.npy;run.log,,21474
stage_c_5060,reproduction/results/phase1/local-5060-stage-c-v1,RTX 5060 Ti; C_confirmation,C_confirmation,C_confirmation_TSLA_revin-DLinear_h24_s2022,C_confirmation_TSLA_revin-DLinear_h24_s2022__attempt-01,completed_unreviewed,,,,,local-5060-stage-c-v1,confirmatory_local_stage_c,cuda,NVIDIA GeForce RTX 5060 Ti,phase1-v1.1-2026-09-19,f6093f1d85f13613dfe1a3ac0d25b554ca83ccd3,9f32960aefb58346e5a688c814e28a7d467749f6e5fe423857ce8750070489e7,5,checkpoint.pth;pred.npy;true.npy;metrics.npy;run.log,checkpoint.pth;pred.npy;true.npy;metrics.npy;run.log,,123361
stage_c_5060,reproduction/results/phase1/local-5060-stage-c-v1,RTX 5060 Ti; C_confirmation,C_confirmation,C_confirmation_TSLA_revin-DLinear_h24_s2023,C_confirmation_TSLA_revin-DLinear_h24_s2023__attempt-01,completed_unreviewed,,,,,local-5060-stage-c-v1,confirmatory_local_stage_c,cuda,NVIDIA GeForce RTX 5060 Ti,phase1-v1.1-2026-09-19,f6093f1d85f13613dfe1a3ac0d25b554ca83ccd3,4df00c3a13cbdea3195cebb9799d42b7ab09cd19984b71021251feec45a95a8f,5,checkpoint.pth;pred.npy;true.npy;metrics.npy;run.log,checkpoint.pth;pred.npy;true.npy;metrics.npy;run.log,,124798
stage_c_5060,reproduction/results/phase1/local-5060-stage-c-v1,RTX 5060 Ti; C_confirmation,C_confirmation,C_confirmation_TSLA_revin-DLinear_h24_s2024,C_confirmation_TSLA_revin-DLinear_h24_s2024__attempt-01,completed_unreviewed,,,,,local-5060-stage-c-v1,confirmatory_local_stage_c,cuda,NVIDIA GeForce RTX 5060 Ti,phase1-v1.1-2026-09-19,f6093f1d85f13613dfe1a3ac0d25b554ca83ccd3,66c31f218b9c75b01b0d9aab3c0a03c217e298710c3cc475053fe28d15255c62,5,checkpoint.pth;pred.npy;true.npy;metrics.npy;run.log,checkpoint.pth;pred.npy;true.npy;metrics.npy;run.log,,126447
stage_c_5060,reproduction/results/phase1/local-5060-stage-c-v1,RTX 5060 Ti; C_confirmation,C_confirmation,C_confirmation_USDCAD_DeReFusion_h1_s2022,C_confirmation_USDCAD_DeReFusion_h1_s2022__attempt-01,completed_unreviewed,,,,,local-5060-stage-c-v1,confirmatory_local_stage_c,cuda,NVIDIA GeForce RTX 5060 Ti,phase1-v1.1-2026-09-19,f6093f1d85f13613dfe1a3ac0d25b554ca83ccd3,4bedf20cf390dddda2dc28d85cc4540e31ef2b54d34c222e5c4f30ffa228be70,5,checkpoint.pth;pred.npy;true.npy;metrics.npy;run.log,checkpoint.pth;pred.npy;true.npy;metrics.npy;run.log,,114520
stage_c_5060,reproduction/results/phase1/local-5060-stage-c-v1,RTX 5060 Ti; C_confirmation,C_confirmation,C_confirmation_USDCAD_DeReFusion_h1_s2023,C_confirmation_USDCAD_DeReFusion_h1_s2023__attempt-01,completed_unreviewed,,,,,local-5060-stage-c-v1,confirmatory_local_stage_c,cuda,NVIDIA GeForce RTX 5060 Ti,phase1-v1.1-2026-09-19,f6093f1d85f13613dfe1a3ac0d25b554ca83ccd3,60d874055e8a0a718e4579f70ec5cd10e259a3a195885e22c43d7ff407e79c79,5,checkpoint.pth;pred.npy;true.npy;metrics.npy;run.log,checkpoint.pth;pred.npy;true.npy;metrics.npy;run.log,,113080
stage_c_5060,reproduction/results/phase1/local-5060-stage-c-v1,RTX 5060 Ti; C_confirmation,C_confirmation,C_confirmation_USDCAD_DeReFusion_h1_s2024,C_confirmation_USDCAD_DeReFusion_h1_s2024__attempt-01,completed_unreviewed,,,,,local-5060-stage-c-v1,confirmatory_local_stage_c,cuda,NVIDIA GeForce RTX 5060 Ti,phase1-v1.1-2026-09-19,f6093f1d85f13613dfe1a3ac0d25b554ca83ccd3,a14a7b3db991f78f9ee32c85f0432a9e0e580083140c3a4f78989734cfcaacc2,5,checkpoint.pth;pred.npy;true.npy;metrics.npy;run.log,checkpoint.pth;pred.npy;true.npy;metrics.npy;run.log,,114550
stage_c_5060,reproduction/results/phase1/local-5060-stage-c-v1,RTX 5060 Ti; C_confirmation,C_confirmation,C_confirmation_USDCAD_DeReFusion_h24_s2022,C_confirmation_USDCAD_DeReFusion_h24_s2022__attempt-01,completed_unreviewed,,,,,local-5060-stage-c-v1,confirmatory_local_stage_c,cuda,NVIDIA GeForce RTX 5060 Ti,phase1-v1.1-2026-09-19,f6093f1d85f13613dfe1a3ac0d25b554ca83ccd3,d3c7cb26ae1595c4f5923f226b2a6174231aca5b33ec84499c554c97955de48f,5,checkpoint.pth;pred.npy;true.npy;metrics.npy;run.log,checkpoint.pth;pred.npy;true.npy;metrics.npy;run.log,,228203
stage_c_5060,reproduction/results/phase1/local-5060-stage-c-v1,RTX 5060 Ti; C_confirmation,C_confirmation,C_confirmation_USDCAD_DeReFusion_h24_s2023,C_confirmation_USDCAD_DeReFusion_h24_s2023__attempt-01,completed_unreviewed,,,,,local-5060-stage-c-v1,confirmatory_local_stage_c,cuda,NVIDIA GeForce RTX 5060 Ti,phase1-v1.1-2026-09-19,f6093f1d85f13613dfe1a3ac0d25b554ca83ccd3,0272bc9596c4c301b3ec077509233bdf2b0231eaf5edfc71390f14dee49bea1a,5,checkpoint.pth;pred.npy;true.npy;metrics.npy;run.log,checkpoint.pth;pred.npy;true.npy;metrics.npy;run.log,,231994
stage_c_5060,reproduction/results/phase1/local-5060-stage-c-v1,RTX 5060 Ti; C_confirmation,C_confirmation,C_confirmation_USDCAD_DeReFusion_h24_s2024,C_confirmation_USDCAD_DeReFusion_h24_s2024__attempt-01,completed_unreviewed,,,,,local-5060-stage-c-v1,confirmatory_local_stage_c,cuda,NVIDIA GeForce RTX 5060 Ti,phase1-v1.1-2026-09-19,f6093f1d85f13613dfe1a3ac0d25b554ca83ccd3,c2372b4ceba689bcd1d92585bdd0b9d08766aaf793af9bc77ae9541f2f1cb7df,5,checkpoint.pth;pred.npy;true.npy;metrics.npy;run.log,checkpoint.pth;pred.npy;true.npy;metrics.npy;run.log,,232471
stage_c_5060,reproduction/results/phase1/local-5060-stage-c-v1,RTX 5060 Ti; C_confirmation,C_confirmation,C_confirmation_USDCAD_revin-DLinear_h1_s2022,C_confirmation_USDCAD_revin-DLinear_h1_s2022__attempt-01,completed_unreviewed,,,,,local-5060-stage-c-v1,confirmatory_local_stage_c,cuda,NVIDIA GeForce RTX 5060 Ti,phase1-v1.1-2026-09-19,f6093f1d85f13613dfe1a3ac0d25b554ca83ccd3,b6b73d6bbc35f1cb210bcca34c81067677cefc54c313529e964b420537171a90,5,checkpoint.pth;pred.npy;true.npy;metrics.npy;run.log,checkpoint.pth;pred.npy;true.npy;metrics.npy;run.log,,21288
stage_c_5060,reproduction/results/phase1/local-5060-stage-c-v1,RTX 5060 Ti; C_confirmation,C_confirmation,C_confirmation_USDCAD_revin-DLinear_h1_s2023,C_confirmation_USDCAD_revin-DLinear_h1_s2023__attempt-01,completed_unreviewed,,,,,local-5060-stage-c-v1,confirmatory_local_stage_c,cuda,NVIDIA GeForce RTX 5060 Ti,phase1-v1.1-2026-09-19,f6093f1d85f13613dfe1a3ac0d25b554ca83ccd3,0cc8a8cd1faa5311d321c1b6ff57611ee55b2524afc08c9f8f03cc4604dc1214,5,checkpoint.pth;pred.npy;true.npy;metrics.npy;run.log,checkpoint.pth;pred.npy;true.npy;metrics.npy;run.log,,20621
stage_c_5060,reproduction/results/phase1/local-5060-stage-c-v1,RTX 5060 Ti; C_confirmation,C_confirmation,C_confirmation_USDCAD_revin-DLinear_h1_s2024,C_confirmation_USDCAD_revin-DLinear_h1_s2024__attempt-01,completed_unreviewed,,,,,local-5060-stage-c-v1,confirmatory_local_stage_c,cuda,NVIDIA GeForce RTX 5060 Ti,phase1-v1.1-2026-09-19,f6093f1d85f13613dfe1a3ac0d25b554ca83ccd3,f5a4b7e8743527f77cd780dc2c8b5806a06c011d1ab5597434ed467db62f1616,5,checkpoint.pth;pred.npy;true.npy;metrics.npy;run.log,checkpoint.pth;pred.npy;true.npy;metrics.npy;run.log,,21148
stage_c_5060,reproduction/results/phase1/local-5060-stage-c-v1,RTX 5060 Ti; C_confirmation,C_confirmation,C_confirmation_USDCAD_revin-DLinear_h24_s2022,C_confirmation_USDCAD_revin-DLinear_h24_s2022__attempt-01,completed_unreviewed,,,,,local-5060-stage-c-v1,confirmatory_local_stage_c,cuda,NVIDIA GeForce RTX 5060 Ti,phase1-v1.1-2026-09-19,f6093f1d85f13613dfe1a3ac0d25b554ca83ccd3,24d93aa5e4dbf1b91f0d47978673f8935b83fe321d4c7deb23ad8c78f89b2e0d,5,checkpoint.pth;pred.npy;true.npy;metrics.npy;run.log,checkpoint.pth;pred.npy;true.npy;metrics.npy;run.log,,127723
stage_c_5060,reproduction/results/phase1/local-5060-stage-c-v1,RTX 5060 Ti; C_confirmation,C_confirmation,C_confirmation_USDCAD_revin-DLinear_h24_s2023,C_confirmation_USDCAD_revin-DLinear_h24_s2023__attempt-01,completed_unreviewed,,,,,local-5060-stage-c-v1,confirmatory_local_stage_c,cuda,NVIDIA GeForce RTX 5060 Ti,phase1-v1.1-2026-09-19,f6093f1d85f13613dfe1a3ac0d25b554ca83ccd3,a4ae286769806a9083480e810bbe5aff8d2cad7a55022a7c9eeb79ef90b3e2d6,5,checkpoint.pth;pred.npy;true.npy;metrics.npy;run.log,checkpoint.pth;pred.npy;true.npy;metrics.npy;run.log,,127376
stage_c_5060,reproduction/results/phase1/local-5060-stage-c-v1,RTX 5060 Ti; C_confirmation,C_confirmation,C_confirmation_USDCAD_revin-DLinear_h24_s2024,C_confirmation_USDCAD_revin-DLinear_h24_s2024__attempt-01,completed_unreviewed,,,,,local-5060-stage-c-v1,confirmatory_local_stage_c,cuda,NVIDIA GeForce RTX 5060 Ti,phase1-v1.1-2026-09-19,f6093f1d85f13613dfe1a3ac0d25b554ca83ccd3,229454c1e7178484f19b163462f694b4555be27a465a496167f6b0d7ce2258f1,5,checkpoint.pth;pred.npy;true.npy;metrics.npy;run.log,checkpoint.pth;pred.npy;true.npy;metrics.npy;run.log,,128446
stage_c_5060,reproduction/results/phase1/local-5060-stage-c-v1,RTX 5060 Ti; C_confirmation,C_confirmation,C_confirmation_USDJPY_DeReFusion_h1_s2022,C_confirmation_USDJPY_DeReFusion_h1_s2022__attempt-01,completed_unreviewed,,,,,local-5060-stage-c-v1,confirmatory_local_stage_c,cuda,NVIDIA GeForce RTX 5060 Ti,phase1-v1.1-2026-09-19,f6093f1d85f13613dfe1a3ac0d25b554ca83ccd3,7d96b617cbc042dd3f203690a1dc719ae500a81ee5235576451c80891c65db43,5,checkpoint.pth;pred.npy;true.npy;metrics.npy;run.log,checkpoint.pth;pred.npy;true.npy;metrics.npy;run.log,,114520
stage_c_5060,reproduction/results/phase1/local-5060-stage-c-v1,RTX 5060 Ti; C_confirmation,C_confirmation,C_confirmation_USDJPY_DeReFusion_h1_s2023,C_confirmation_USDJPY_DeReFusion_h1_s2023__attempt-01,completed_unreviewed,,,,,local-5060-stage-c-v1,confirmatory_local_stage_c,cuda,NVIDIA GeForce RTX 5060 Ti,phase1-v1.1-2026-09-19,f6093f1d85f13613dfe1a3ac0d25b554ca83ccd3,7a9c371d44cea5cb3a7dcf21ef7ae53f031dbd6a8421e9ecb9ccc2b4b7eba37e,5,checkpoint.pth;pred.npy;true.npy;metrics.npy;run.log,checkpoint.pth;pred.npy;true.npy;metrics.npy;run.log,,114661
stage_c_5060,reproduction/results/phase1/local-5060-stage-c-v1,RTX 5060 Ti; C_confirmation,C_confirmation,C_confirmation_USDJPY_DeReFusion_h1_s2024,C_confirmation_USDJPY_DeReFusion_h1_s2024__attempt-01,completed_unreviewed,,,,,local-5060-stage-c-v1,confirmatory_local_stage_c,cuda,NVIDIA GeForce RTX 5060 Ti,phase1-v1.1-2026-09-19,f6093f1d85f13613dfe1a3ac0d25b554ca83ccd3,a115599cdc4e0c226354d2548bc2e364429b307ff5abab79ee2a1159863d84a0,5,checkpoint.pth;pred.npy;true.npy;metrics.npy;run.log,checkpoint.pth;pred.npy;true.npy;metrics.npy;run.log,,114449
stage_c_5060,reproduction/results/phase1/local-5060-stage-c-v1,RTX 5060 Ti; C_confirmation,C_confirmation,C_confirmation_USDJPY_DeReFusion_h24_s2022,C_confirmation_USDJPY_DeReFusion_h24_s2022__attempt-01,completed_unreviewed,,,,,local-5060-stage-c-v1,confirmatory_local_stage_c,cuda,NVIDIA GeForce RTX 5060 Ti,phase1-v1.1-2026-09-19,f6093f1d85f13613dfe1a3ac0d25b554ca83ccd3,b40f4d05a78704814f2d343aac87ff98cf77365dc07b5d29f65ed591cec32b13,5,checkpoint.pth;pred.npy;true.npy;metrics.npy;run.log,checkpoint.pth;pred.npy;true.npy;metrics.npy;run.log,,232645
stage_c_5060,reproduction/results/phase1/local-5060-stage-c-v1,RTX 5060 Ti; C_confirmation,C_confirmation,C_confirmation_USDJPY_DeReFusion_h24_s2023,C_confirmation_USDJPY_DeReFusion_h24_s2023__attempt-01,completed_unreviewed,,,,,local-5060-stage-c-v1,confirmatory_local_stage_c,cuda,NVIDIA GeForce RTX 5060 Ti,phase1-v1.1-2026-09-19,f6093f1d85f13613dfe1a3ac0d25b554ca83ccd3,4518f9962ddf0a9d932e9e2e2ef89ed3dfa38c439d3ffb2ea933913336905f1e,5,checkpoint.pth;pred.npy;true.npy;metrics.npy;run.log,checkpoint.pth;pred.npy;true.npy;metrics.npy;run.log,,229345
stage_c_5060,reproduction/results/phase1/local-5060-stage-c-v1,RTX 5060 Ti; C_confirmation,C_confirmation,C_confirmation_USDJPY_DeReFusion_h24_s2024,C_confirmation_USDJPY_DeReFusion_h24_s2024__attempt-01,completed_unreviewed,,,,,local-5060-stage-c-v1,confirmatory_local_stage_c,cuda,NVIDIA GeForce RTX 5060 Ti,phase1-v1.1-2026-09-19,f6093f1d85f13613dfe1a3ac0d25b554ca83ccd3,82b7ed20f745d75a92278468a20066f002cb5c94f9b0f122462177e4cef22910,5,checkpoint.pth;pred.npy;true.npy;metrics.npy;run.log,checkpoint.pth;pred.npy;true.npy;metrics.npy;run.log,,231837
stage_c_5060,reproduction/results/phase1/local-5060-stage-c-v1,RTX 5060 Ti; C_confirmation,C_confirmation,C_confirmation_USDJPY_revin-DLinear_h1_s2022,C_confirmation_USDJPY_revin-DLinear_h1_s2022__attempt-01,completed_unreviewed,,,,,local-5060-stage-c-v1,confirmatory_local_stage_c,cuda,NVIDIA GeForce RTX 5060 Ti,phase1-v1.1-2026-09-19,f6093f1d85f13613dfe1a3ac0d25b554ca83ccd3,9850ff85b5483fe30bc23ef9a3aea8ded9e369dc511fa708e988dc1af29a66ff,5,checkpoint.pth;pred.npy;true.npy;metrics.npy;run.log,checkpoint.pth;pred.npy;true.npy;metrics.npy;run.log,,21006
stage_c_5060,reproduction/results/phase1/local-5060-stage-c-v1,RTX 5060 Ti; C_confirmation,C_confirmation,C_confirmation_USDJPY_revin-DLinear_h1_s2023,C_confirmation_USDJPY_revin-DLinear_h1_s2023__attempt-01,completed_unreviewed,,,,,local-5060-stage-c-v1,confirmatory_local_stage_c,cuda,NVIDIA GeForce RTX 5060 Ti,phase1-v1.1-2026-09-19,f6093f1d85f13613dfe1a3ac0d25b554ca83ccd3,2cb5b9d9bcb8816393e04e3261d1dd1ec6c3649b32e94b723a8fcc926265e108,5,checkpoint.pth;pred.npy;true.npy;metrics.npy;run.log,checkpoint.pth;pred.npy;true.npy;metrics.npy;run.log,,20657
stage_c_5060,reproduction/results/phase1/local-5060-stage-c-v1,RTX 5060 Ti; C_confirmation,C_confirmation,C_confirmation_USDJPY_revin-DLinear_h1_s2024,C_confirmation_USDJPY_revin-DLinear_h1_s2024__attempt-01,completed_unreviewed,,,,,local-5060-stage-c-v1,confirmatory_local_stage_c,cuda,NVIDIA GeForce RTX 5060 Ti,phase1-v1.1-2026-09-19,f6093f1d85f13613dfe1a3ac0d25b554ca83ccd3,bd62cb66ceb8e08248424d520d5ff14f399a5cb78e19ac38235fe6f1149c485d,5,checkpoint.pth;pred.npy;true.npy;metrics.npy;run.log,checkpoint.pth;pred.npy;true.npy;metrics.npy;run.log,,21388
stage_c_5060,reproduction/results/phase1/local-5060-stage-c-v1,RTX 5060 Ti; C_confirmation,C_confirmation,C_confirmation_USDJPY_revin-DLinear_h24_s2022,C_confirmation_USDJPY_revin-DLinear_h24_s2022__attempt-01,completed_unreviewed,,,,,local-5060-stage-c-v1,confirmatory_local_stage_c,cuda,NVIDIA GeForce RTX 5060 Ti,phase1-v1.1-2026-09-19,f6093f1d85f13613dfe1a3ac0d25b554ca83ccd3,b8276b7b7e0bd085e9108d5e59341a2704ab16113bf0bcf2f0a2f6e6f432bd17,5,checkpoint.pth;pred.npy;true.npy;metrics.npy;run.log,checkpoint.pth;pred.npy;true.npy;metrics.npy;run.log,,130203
stage_c_5060,reproduction/results/phase1/local-5060-stage-c-v1,RTX 5060 Ti; C_confirmation,C_confirmation,C_confirmation_USDJPY_revin-DLinear_h24_s2023,C_confirmation_USDJPY_revin-DLinear_h24_s2023__attempt-01,completed_unreviewed,,,,,local-5060-stage-c-v1,confirmatory_local_stage_c,cuda,NVIDIA GeForce RTX 5060 Ti,phase1-v1.1-2026-09-19,f6093f1d85f13613dfe1a3ac0d25b554ca83ccd3,01cc7700ade4f825bdc1633acce4a44a3198c256c439113a7761d9620ee6e998,5,checkpoint.pth;pred.npy;true.npy;metrics.npy;run.log,checkpoint.pth;pred.npy;true.npy;metrics.npy;run.log,,129946
stage_c_5060,reproduction/results/phase1/local-5060-stage-c-v1,RTX 5060 Ti; C_confirmation,C_confirmation,C_confirmation_USDJPY_revin-DLinear_h24_s2024,C_confirmation_USDJPY_revin-DLinear_h24_s2024__attempt-01,completed_unreviewed,,,,,local-5060-stage-c-v1,confirmatory_local_stage_c,cuda,NVIDIA GeForce RTX 5060 Ti,phase1-v1.1-2026-09-19,f6093f1d85f13613dfe1a3ac0d25b554ca83ccd3,fb4a719bca6d2e38effe6e8a76c04a6ab7ecb113e0562599d7a25161412b8892,5,checkpoint.pth;pred.npy;true.npy;metrics.npy;run.log,checkpoint.pth;pred.npy;true.npy;metrics.npy;run.log,,130009
stage_c_5060,reproduction/results/phase1/local-5060-stage-c-v1,RTX 5060 Ti; C_confirmation,C_confirmation,C_confirmation_WMT_DeReFusion_h1_s2022,C_confirmation_WMT_DeReFusion_h1_s2022__attempt-01,completed_unreviewed,,,,,local-5060-stage-c-v1,confirmatory_local_stage_c,cuda,NVIDIA GeForce RTX 5060 Ti,phase1-v1.1-2026-09-19,f6093f1d85f13613dfe1a3ac0d25b554ca83ccd3,efee506e42320d70053f39f3c3c2d431badc808a1fb818b024ccfa7d5e2e48dd,5,checkpoint.pth;pred.npy;true.npy;metrics.npy;run.log,checkpoint.pth;pred.npy;true.npy;metrics.npy;run.log,,114661
stage_c_5060,reproduction/results/phase1/local-5060-stage-c-v1,RTX 5060 Ti; C_confirmation,C_confirmation,C_confirmation_WMT_DeReFusion_h1_s2023,C_confirmation_WMT_DeReFusion_h1_s2023__attempt-01,completed_unreviewed,,,,,local-5060-stage-c-v1,confirmatory_local_stage_c,cuda,NVIDIA GeForce RTX 5060 Ti,phase1-v1.1-2026-09-19,f6093f1d85f13613dfe1a3ac0d25b554ca83ccd3,5ffb07d0e5156d1c744e0c5953eda6c34bc455fbff1eb5b7174168434988fa19,5,checkpoint.pth;pred.npy;true.npy;metrics.npy;run.log,checkpoint.pth;pred.npy;true.npy;metrics.npy;run.log,,114665
stage_c_5060,reproduction/results/phase1/local-5060-stage-c-v1,RTX 5060 Ti; C_confirmation,C_confirmation,C_confirmation_WMT_DeReFusion_h1_s2024,C_confirmation_WMT_DeReFusion_h1_s2024__attempt-01,completed_unreviewed,,,,,local-5060-stage-c-v1,confirmatory_local_stage_c,cuda,NVIDIA GeForce RTX 5060 Ti,phase1-v1.1-2026-09-19,f6093f1d85f13613dfe1a3ac0d25b554ca83ccd3,9fc529d79b9fe6e94e375e268437a82d467caad279f853ca1a83ecdb4982291f,5,checkpoint.pth;pred.npy;true.npy;metrics.npy;run.log,checkpoint.pth;pred.npy;true.npy;metrics.npy;run.log,,114631
stage_c_5060,reproduction/results/phase1/local-5060-stage-c-v1,RTX 5060 Ti; C_confirmation,C_confirmation,C_confirmation_WMT_DeReFusion_h24_s2022,C_confirmation_WMT_DeReFusion_h24_s2022__attempt-01,completed_unreviewed,,,,,local-5060-stage-c-v1,confirmatory_local_stage_c,cuda,NVIDIA GeForce RTX 5060 Ti,phase1-v1.1-2026-09-19,f6093f1d85f13613dfe1a3ac0d25b554ca83ccd3,199ea85e784fbbf18c5f745c36c14f5d6045556550c175b3b6fc17bb3d68158b,5,checkpoint.pth;pred.npy;true.npy;metrics.npy;run.log,checkpoint.pth;pred.npy;true.npy;metrics.npy;run.log,,226150
stage_c_5060,reproduction/results/phase1/local-5060-stage-c-v1,RTX 5060 Ti; C_confirmation,C_confirmation,C_confirmation_WMT_DeReFusion_h24_s2023,C_confirmation_WMT_DeReFusion_h24_s2023__attempt-01,completed_unreviewed,,,,,local-5060-stage-c-v1,confirmatory_local_stage_c,cuda,NVIDIA GeForce RTX 5060 Ti,phase1-v1.1-2026-09-19,f6093f1d85f13613dfe1a3ac0d25b554ca83ccd3,c74e32110b2469381411e9ee881cc50d92a06f358dce4535cdd5107f51dd3e9f,5,checkpoint.pth;pred.npy;true.npy;metrics.npy;run.log,checkpoint.pth;pred.npy;true.npy;metrics.npy;run.log,,225397
stage_c_5060,reproduction/results/phase1/local-5060-stage-c-v1,RTX 5060 Ti; C_confirmation,C_confirmation,C_confirmation_WMT_DeReFusion_h24_s2024,C_confirmation_WMT_DeReFusion_h24_s2024__attempt-01,completed_unreviewed,,,,,local-5060-stage-c-v1,confirmatory_local_stage_c,cuda,NVIDIA GeForce RTX 5060 Ti,phase1-v1.1-2026-09-19,f6093f1d85f13613dfe1a3ac0d25b554ca83ccd3,4ff412fcfee9334499092f3e62b8674094cc9d91811617acabc58dee6d457f8a,5,checkpoint.pth;pred.npy;true.npy;metrics.npy;run.log,checkpoint.pth;pred.npy;true.npy;metrics.npy;run.log,,225555
stage_c_5060,reproduction/results/phase1/local-5060-stage-c-v1,RTX 5060 Ti; C_confirmation,C_confirmation,C_confirmation_WMT_revin-DLinear_h1_s2022,C_confirmation_WMT_revin-DLinear_h1_s2022__attempt-01,completed_unreviewed,,,,,local-5060-stage-c-v1,confirmatory_local_stage_c,cuda,NVIDIA GeForce RTX 5060 Ti,phase1-v1.1-2026-09-19,f6093f1d85f13613dfe1a3ac0d25b554ca83ccd3,d831febbb25cdaf5e9d10f4fd4939557f1ace7233659ad901973b0db103620fd,5,checkpoint.pth;pred.npy;true.npy;metrics.npy;run.log,checkpoint.pth;pred.npy;true.npy;metrics.npy;run.log,,21459
stage_c_5060,reproduction/results/phase1/local-5060-stage-c-v1,RTX 5060 Ti; C_confirmation,C_confirmation,C_confirmation_WMT_revin-DLinear_h1_s2023,C_confirmation_WMT_revin-DLinear_h1_s2023__attempt-01,completed_unreviewed,,,,,local-5060-stage-c-v1,confirmatory_local_stage_c,cuda,NVIDIA GeForce RTX 5060 Ti,phase1-v1.1-2026-09-19,f6093f1d85f13613dfe1a3ac0d25b554ca83ccd3,3ff5389e4594914e701caf0b80efc9b195c213814c8a57899b7b13707e2daa5a,5,checkpoint.pth;pred.npy;true.npy;metrics.npy;run.log,checkpoint.pth;pred.npy;true.npy;metrics.npy;run.log,,21396
stage_c_5060,reproduction/results/phase1/local-5060-stage-c-v1,RTX 5060 Ti; C_confirmation,C_confirmation,C_confirmation_WMT_revin-DLinear_h1_s2024,C_confirmation_WMT_revin-DLinear_h1_s2024__attempt-01,completed_unreviewed,,,,,local-5060-stage-c-v1,confirmatory_local_stage_c,cuda,NVIDIA GeForce RTX 5060 Ti,phase1-v1.1-2026-09-19,f6093f1d85f13613dfe1a3ac0d25b554ca83ccd3,d5c57e664e47d6128636eba38be9e3a7166eb63ba97da647704469cfe873eeaa,5,checkpoint.pth;pred.npy;true.npy;metrics.npy;run.log,checkpoint.pth;pred.npy;true.npy;metrics.npy;run.log,,21501
stage_c_5060,reproduction/results/phase1/local-5060-stage-c-v1,RTX 5060 Ti; C_confirmation,C_confirmation,C_confirmation_WMT_revin-DLinear_h24_s2022,C_confirmation_WMT_revin-DLinear_h24_s2022__attempt-01,completed_unreviewed,,,,,local-5060-stage-c-v1,confirmatory_local_stage_c,cuda,NVIDIA GeForce RTX 5060 Ti,phase1-v1.1-2026-09-19,f6093f1d85f13613dfe1a3ac0d25b554ca83ccd3,7a370d1af66acf86db3ab59cebb8915a17ea4f8c65f6f5b82cdb6ddec6c5f1e4,5,checkpoint.pth;pred.npy;true.npy;metrics.npy;run.log,checkpoint.pth;pred.npy;true.npy;metrics.npy;run.log,,124928
stage_c_5060,reproduction/results/phase1/local-5060-stage-c-v1,RTX 5060 Ti; C_confirmation,C_confirmation,C_confirmation_WMT_revin-DLinear_h24_s2023,C_confirmation_WMT_revin-DLinear_h24_s2023__attempt-01,completed_unreviewed,,,,,local-5060-stage-c-v1,confirmatory_local_stage_c,cuda,NVIDIA GeForce RTX 5060 Ti,phase1-v1.1-2026-09-19,f6093f1d85f13613dfe1a3ac0d25b554ca83ccd3,78a683a2519f81a40ea3a7025f288680fc47af15ca04b4ab4e14fa6206460423,5,checkpoint.pth;pred.npy;true.npy;metrics.npy;run.log,checkpoint.pth;pred.npy;true.npy;metrics.npy;run.log,,123419
stage_c_5060,reproduction/results/phase1/local-5060-stage-c-v1,RTX 5060 Ti; C_confirmation,C_confirmation,C_confirmation_WMT_revin-DLinear_h24_s2024,C_confirmation_WMT_revin-DLinear_h24_s2024__attempt-01,completed_unreviewed,,,,,local-5060-stage-c-v1,confirmatory_local_stage_c,cuda,NVIDIA GeForce RTX 5060 Ti,phase1-v1.1-2026-09-19,f6093f1d85f13613dfe1a3ac0d25b554ca83ccd3,7696c3615f5c9ec84b506af66b5c0153f41884d46ab3d02da60d5dfddc325cc8,5,checkpoint.pth;pred.npy;true.npy;metrics.npy;run.log,checkpoint.pth;pred.npy;true.npy;metrics.npy;run.log,,124770
stage_c_5060,reproduction/results/phase1/local-5060-stage-c-v1,RTX 5060 Ti; C_confirmation,C_confirmation,C_confirmation_WTI_DeReFusion_h1_s2022,C_confirmation_WTI_DeReFusion_h1_s2022__attempt-01,completed_unreviewed,,,,,local-5060-stage-c-v1,confirmatory_local_stage_c,cuda,NVIDIA GeForce RTX 5060 Ti,phase1-v1.1-2026-09-19,f6093f1d85f13613dfe1a3ac0d25b554ca83ccd3,f5a0cfadb87e2807e22f045388fa953d0112136dbd530a0adade3817d144882f,5,checkpoint.pth;pred.npy;true.npy;metrics.npy;run.log,checkpoint.pth;pred.npy;true.npy;metrics.npy;run.log,,114628
stage_c_5060,reproduction/results/phase1/local-5060-stage-c-v1,RTX 5060 Ti; C_confirmation,C_confirmation,C_confirmation_WTI_DeReFusion_h1_s2023,C_confirmation_WTI_DeReFusion_h1_s2023__attempt-01,completed_unreviewed,,,,,local-5060-stage-c-v1,confirmatory_local_stage_c,cuda,NVIDIA GeForce RTX 5060 Ti,phase1-v1.1-2026-09-19,f6093f1d85f13613dfe1a3ac0d25b554ca83ccd3,b1a3ae3cb8c0965ce48d1ad82c28c077556057fc35ac3bec06dd55663ac6eb9d,5,checkpoint.pth;pred.npy;true.npy;metrics.npy;run.log,checkpoint.pth;pred.npy;true.npy;metrics.npy;run.log,,114519
stage_c_5060,reproduction/results/phase1/local-5060-stage-c-v1,RTX 5060 Ti; C_confirmation,C_confirmation,C_confirmation_WTI_DeReFusion_h1_s2024,C_confirmation_WTI_DeReFusion_h1_s2024__attempt-01,completed_unreviewed,,,,,local-5060-stage-c-v1,confirmatory_local_stage_c,cuda,NVIDIA GeForce RTX 5060 Ti,phase1-v1.1-2026-09-19,f6093f1d85f13613dfe1a3ac0d25b554ca83ccd3,f2c848933df60d049266073a902b167b9b96c24187301e1a01d195d124a2b17f,5,checkpoint.pth;pred.npy;true.npy;metrics.npy;run.log,checkpoint.pth;pred.npy;true.npy;metrics.npy;run.log,,114700
stage_c_5060,reproduction/results/phase1/local-5060-stage-c-v1,RTX 5060 Ti; C_confirmation,C_confirmation,C_confirmation_WTI_DeReFusion_h24_s2022,C_confirmation_WTI_DeReFusion_h24_s2022__attempt-01,completed_unreviewed,,,,,local-5060-stage-c-v1,confirmatory_local_stage_c,cuda,NVIDIA GeForce RTX 5060 Ti,phase1-v1.1-2026-09-19,f6093f1d85f13613dfe1a3ac0d25b554ca83ccd3,5970118a9a9b1512f4aeb755b2669dd5cc2e1a3cb0d65d1c2da8a9c007a14dcc,5,checkpoint.pth;pred.npy;true.npy;metrics.npy;run.log,checkpoint.pth;pred.npy;true.npy;metrics.npy;run.log,,228670
stage_c_5060,reproduction/results/phase1/local-5060-stage-c-v1,RTX 5060 Ti; C_confirmation,C_confirmation,C_confirmation_WTI_DeReFusion_h24_s2023,C_confirmation_WTI_DeReFusion_h24_s2023__attempt-01,completed_unreviewed,,,,,local-5060-stage-c-v1,confirmatory_local_stage_c,cuda,NVIDIA GeForce RTX 5060 Ti,phase1-v1.1-2026-09-19,f6093f1d85f13613dfe1a3ac0d25b554ca83ccd3,5597ce45712f9ff2fa5863f181296cf05efa93e10dd657bc84fb1a382963385e,5,checkpoint.pth;pred.npy;true.npy;metrics.npy;run.log,checkpoint.pth;pred.npy;true.npy;metrics.npy;run.log,,226712
stage_c_5060,reproduction/results/phase1/local-5060-stage-c-v1,RTX 5060 Ti; C_confirmation,C_confirmation,C_confirmation_WTI_DeReFusion_h24_s2024,C_confirmation_WTI_DeReFusion_h24_s2024__attempt-01,completed_unreviewed,,,,,local-5060-stage-c-v1,confirmatory_local_stage_c,cuda,NVIDIA GeForce RTX 5060 Ti,phase1-v1.1-2026-09-19,f6093f1d85f13613dfe1a3ac0d25b554ca83ccd3,b07c2669cd3fae88c4d84c78713dbaa9e815892d833a1f90c81b9fa13290d36c,5,checkpoint.pth;pred.npy;true.npy;metrics.npy;run.log,checkpoint.pth;pred.npy;true.npy;metrics.npy;run.log,,226644
stage_c_5060,reproduction/results/phase1/local-5060-stage-c-v1,RTX 5060 Ti; C_confirmation,C_confirmation,C_confirmation_WTI_revin-DLinear_h1_s2022,C_confirmation_WTI_revin-DLinear_h1_s2022__attempt-01,completed_unreviewed,,,,,local-5060-stage-c-v1,confirmatory_local_stage_c,cuda,NVIDIA GeForce RTX 5060 Ti,phase1-v1.1-2026-09-19,f6093f1d85f13613dfe1a3ac0d25b554ca83ccd3,19b7d8236bd0a4017524029482870d10208843b5e10f5ea75b81c9703b2f654b,5,checkpoint.pth;pred.npy;true.npy;metrics.npy;run.log,checkpoint.pth;pred.npy;true.npy;metrics.npy;run.log,,21460
stage_c_5060,reproduction/results/phase1/local-5060-stage-c-v1,RTX 5060 Ti; C_confirmation,C_confirmation,C_confirmation_WTI_revin-DLinear_h1_s2023,C_confirmation_WTI_revin-DLinear_h1_s2023__attempt-01,completed_unreviewed,,,,,local-5060-stage-c-v1,confirmatory_local_stage_c,cuda,NVIDIA GeForce RTX 5060 Ti,phase1-v1.1-2026-09-19,f6093f1d85f13613dfe1a3ac0d25b554ca83ccd3,0e0174344dc3ceaddefd676093cbf0d0768712074fc96b9a598a8f149cbc1ff1,5,checkpoint.pth;pred.npy;true.npy;metrics.npy;run.log,checkpoint.pth;pred.npy;true.npy;metrics.npy;run.log,,21422
stage_c_5060,reproduction/results/phase1/local-5060-stage-c-v1,RTX 5060 Ti; C_confirmation,C_confirmation,C_confirmation_WTI_revin-DLinear_h1_s2024,C_confirmation_WTI_revin-DLinear_h1_s2024__attempt-01,completed_unreviewed,,,,,local-5060-stage-c-v1,confirmatory_local_stage_c,cuda,NVIDIA GeForce RTX 5060 Ti,phase1-v1.1-2026-09-19,f6093f1d85f13613dfe1a3ac0d25b554ca83ccd3,061a17203ca206beb6ccc5fe8da6b182be33001daab14a00032a191ae31aee3c,5,checkpoint.pth;pred.npy;true.npy;metrics.npy;run.log,checkpoint.pth;pred.npy;true.npy;metrics.npy;run.log,,21422
stage_c_5060,reproduction/results/phase1/local-5060-stage-c-v1,RTX 5060 Ti; C_confirmation,C_confirmation,C_confirmation_WTI_revin-DLinear_h24_s2022,C_confirmation_WTI_revin-DLinear_h24_s2022__attempt-01,completed_unreviewed,,,,,local-5060-stage-c-v1,confirmatory_local_stage_c,cuda,NVIDIA GeForce RTX 5060 Ti,phase1-v1.1-2026-09-19,f6093f1d85f13613dfe1a3ac0d25b554ca83ccd3,ec3f55eab978620898807988789dcdbb88a1a89fbcc7385e5fd73a2c75940974,5,checkpoint.pth;pred.npy;true.npy;metrics.npy;run.log,checkpoint.pth;pred.npy;true.npy;metrics.npy;run.log,,125119
stage_c_5060,reproduction/results/phase1/local-5060-stage-c-v1,RTX 5060 Ti; C_confirmation,C_confirmation,C_confirmation_WTI_revin-DLinear_h24_s2023,C_confirmation_WTI_revin-DLinear_h24_s2023__attempt-01,completed_unreviewed,,,,,local-5060-stage-c-v1,confirmatory_local_stage_c,cuda,NVIDIA GeForce RTX 5060 Ti,phase1-v1.1-2026-09-19,f6093f1d85f13613dfe1a3ac0d25b554ca83ccd3,30dbfe82b335f3c19335509e3312c7b447c4ef9720a6a48cc0a571b0eb9bc62f,5,checkpoint.pth;pred.npy;true.npy;metrics.npy;run.log,checkpoint.pth;pred.npy;true.npy;metrics.npy;run.log,,125575
stage_c_5060,reproduction/results/phase1/local-5060-stage-c-v1,RTX 5060 Ti; C_confirmation,C_confirmation,C_confirmation_WTI_revin-DLinear_h24_s2024,C_confirmation_WTI_revin-DLinear_h24_s2024__attempt-01,completed_unreviewed,,,,,local-5060-stage-c-v1,confirmatory_local_stage_c,cuda,NVIDIA GeForce RTX 5060 Ti,phase1-v1.1-2026-09-19,f6093f1d85f13613dfe1a3ac0d25b554ca83ccd3,1dc4f7be48a222d4448a0f783dae8e42c40386c828a27428eacfe78a65b60015,5,checkpoint.pth;pred.npy;true.npy;metrics.npy;run.log,checkpoint.pth;pred.npy;true.npy;metrics.npy;run.log,,126773
stage_c_5060,reproduction/results/phase1/local-5060-stage-c-v1,RTX 5060 Ti; C_confirmation,C_confirmation,C_confirmation_XOM_DeReFusion_h1_s2022,C_confirmation_XOM_DeReFusion_h1_s2022__attempt-01,completed_unreviewed,,,,,local-5060-stage-c-v1,confirmatory_local_stage_c,cuda,NVIDIA GeForce RTX 5060 Ti,phase1-v1.1-2026-09-19,f6093f1d85f13613dfe1a3ac0d25b554ca83ccd3,cbbb417d367faa3601cd0b5b88e73f6c220c20222bf2bef07f4e15d92415bc1b,5,checkpoint.pth;pred.npy;true.npy;metrics.npy;run.log,checkpoint.pth;pred.npy;true.npy;metrics.npy;run.log,,114596
stage_c_5060,reproduction/results/phase1/local-5060-stage-c-v1,RTX 5060 Ti; C_confirmation,C_confirmation,C_confirmation_XOM_DeReFusion_h1_s2023,C_confirmation_XOM_DeReFusion_h1_s2023__attempt-01,completed_unreviewed,,,,,local-5060-stage-c-v1,confirmatory_local_stage_c,cuda,NVIDIA GeForce RTX 5060 Ti,phase1-v1.1-2026-09-19,f6093f1d85f13613dfe1a3ac0d25b554ca83ccd3,1a581e42fee6bb3c101a5ccf3d71cf889238517ae70500bb95a62d7245229f4b,5,checkpoint.pth;pred.npy;true.npy;metrics.npy;run.log,checkpoint.pth;pred.npy;true.npy;metrics.npy;run.log,,114668
stage_c_5060,reproduction/results/phase1/local-5060-stage-c-v1,RTX 5060 Ti; C_confirmation,C_confirmation,C_confirmation_XOM_DeReFusion_h1_s2024,C_confirmation_XOM_DeReFusion_h1_s2024__attempt-01,completed_unreviewed,,,,,local-5060-stage-c-v1,confirmatory_local_stage_c,cuda,NVIDIA GeForce RTX 5060 Ti,phase1-v1.1-2026-09-19,f6093f1d85f13613dfe1a3ac0d25b554ca83ccd3,d209fa10b0e486dac3f93735d2e66202b658236eeb4b2b8456bc8a3c7cc51a36,5,checkpoint.pth;pred.npy;true.npy;metrics.npy;run.log,checkpoint.pth;pred.npy;true.npy;metrics.npy;run.log,,114630
stage_c_5060,reproduction/results/phase1/local-5060-stage-c-v1,RTX 5060 Ti; C_confirmation,C_confirmation,C_confirmation_XOM_DeReFusion_h24_s2022,C_confirmation_XOM_DeReFusion_h24_s2022__attempt-01,completed_unreviewed,,,,,local-5060-stage-c-v1,confirmatory_local_stage_c,cuda,NVIDIA GeForce RTX 5060 Ti,phase1-v1.1-2026-09-19,f6093f1d85f13613dfe1a3ac0d25b554ca83ccd3,cb2c4ddfa97a0bcaa28ac2bd750d8d92fd9b738044cc893f87601adb2892da64,5,checkpoint.pth;pred.npy;true.npy;metrics.npy;run.log,checkpoint.pth;pred.npy;true.npy;metrics.npy;run.log,,228529
stage_c_5060,reproduction/results/phase1/local-5060-stage-c-v1,RTX 5060 Ti; C_confirmation,C_confirmation,C_confirmation_XOM_DeReFusion_h24_s2023,C_confirmation_XOM_DeReFusion_h24_s2023__attempt-01,completed_unreviewed,,,,,local-5060-stage-c-v1,confirmatory_local_stage_c,cuda,NVIDIA GeForce RTX 5060 Ti,phase1-v1.1-2026-09-19,f6093f1d85f13613dfe1a3ac0d25b554ca83ccd3,30d2b3ddb01bf2a693d4a360418219e4ea2573a0933c1705f7011d529f45024c,5,checkpoint.pth;pred.npy;true.npy;metrics.npy;run.log,checkpoint.pth;pred.npy;true.npy;metrics.npy;run.log,,227147
stage_c_5060,reproduction/results/phase1/local-5060-stage-c-v1,RTX 5060 Ti; C_confirmation,C_confirmation,C_confirmation_XOM_DeReFusion_h24_s2024,C_confirmation_XOM_DeReFusion_h24_s2024__attempt-01,completed_unreviewed,,,,,local-5060-stage-c-v1,confirmatory_local_stage_c,cuda,NVIDIA GeForce RTX 5060 Ti,phase1-v1.1-2026-09-19,f6093f1d85f13613dfe1a3ac0d25b554ca83ccd3,b734958a9e84e6aecbe5a7226a2679beb0654e40ac157d6dd3f11e74a3104a26,5,checkpoint.pth;pred.npy;true.npy;metrics.npy;run.log,checkpoint.pth;pred.npy;true.npy;metrics.npy;run.log,,226346
stage_c_5060,reproduction/results/phase1/local-5060-stage-c-v1,RTX 5060 Ti; C_confirmation,C_confirmation,C_confirmation_XOM_revin-DLinear_h1_s2022,C_confirmation_XOM_revin-DLinear_h1_s2022__attempt-01,completed_unreviewed,,,,,local-5060-stage-c-v1,confirmatory_local_stage_c,cuda,NVIDIA GeForce RTX 5060 Ti,phase1-v1.1-2026-09-19,f6093f1d85f13613dfe1a3ac0d25b554ca83ccd3,9bec90b213d2af0fcdcbc732a05517975d2d19daade28cf1f5976a2107282f65,5,checkpoint.pth;pred.npy;true.npy;metrics.npy;run.log,checkpoint.pth;pred.npy;true.npy;metrics.npy;run.log,,21396
stage_c_5060,reproduction/results/phase1/local-5060-stage-c-v1,RTX 5060 Ti; C_confirmation,C_confirmation,C_confirmation_XOM_revin-DLinear_h1_s2023,C_confirmation_XOM_revin-DLinear_h1_s2023__attempt-01,completed_unreviewed,,,,,local-5060-stage-c-v1,confirmatory_local_stage_c,cuda,NVIDIA GeForce RTX 5060 Ti,phase1-v1.1-2026-09-19,f6093f1d85f13613dfe1a3ac0d25b554ca83ccd3,205054084251990e34d57638fe38452a893099846dde775524cf73f87ca0055f,5,checkpoint.pth;pred.npy;true.npy;metrics.npy;run.log,checkpoint.pth;pred.npy;true.npy;metrics.npy;run.log,,21464
stage_c_5060,reproduction/results/phase1/local-5060-stage-c-v1,RTX 5060 Ti; C_confirmation,C_confirmation,C_confirmation_XOM_revin-DLinear_h1_s2024,C_confirmation_XOM_revin-DLinear_h1_s2024__attempt-01,completed_unreviewed,,,,,local-5060-stage-c-v1,confirmatory_local_stage_c,cuda,NVIDIA GeForce RTX 5060 Ti,phase1-v1.1-2026-09-19,f6093f1d85f13613dfe1a3ac0d25b554ca83ccd3,3753451d03025c538cc2959c859ec365472ea3b1bee08a7bd84f984dee74232f,5,checkpoint.pth;pred.npy;true.npy;metrics.npy;run.log,checkpoint.pth;pred.npy;true.npy;metrics.npy;run.log,,21498
stage_c_5060,reproduction/results/phase1/local-5060-stage-c-v1,RTX 5060 Ti; C_confirmation,C_confirmation,C_confirmation_XOM_revin-DLinear_h24_s2022,C_confirmation_XOM_revin-DLinear_h24_s2022__attempt-01,completed_unreviewed,,,,,local-5060-stage-c-v1,confirmatory_local_stage_c,cuda,NVIDIA GeForce RTX 5060 Ti,phase1-v1.1-2026-09-19,f6093f1d85f13613dfe1a3ac0d25b554ca83ccd3,4d6a606effe3a62022ae0b1d5d74570a1b28f1123cb944d165b42a9c5af61bac,5,checkpoint.pth;pred.npy;true.npy;metrics.npy;run.log,checkpoint.pth;pred.npy;true.npy;metrics.npy;run.log,,125820
stage_c_5060,reproduction/results/phase1/local-5060-stage-c-v1,RTX 5060 Ti; C_confirmation,C_confirmation,C_confirmation_XOM_revin-DLinear_h24_s2023,C_confirmation_XOM_revin-DLinear_h24_s2023__attempt-01,completed_unreviewed,,,,,local-5060-stage-c-v1,confirmatory_local_stage_c,cuda,NVIDIA GeForce RTX 5060 Ti,phase1-v1.1-2026-09-19,f6093f1d85f13613dfe1a3ac0d25b554ca83ccd3,c672055f5f5dff675b74d30eb7cd50f0a2ae075830e0293b49d696b49a5dcd4e,5,checkpoint.pth;pred.npy;true.npy;metrics.npy;run.log,checkpoint.pth;pred.npy;true.npy;metrics.npy;run.log,,122967
stage_c_5060,reproduction/results/phase1/local-5060-stage-c-v1,RTX 5060 Ti; C_confirmation,C_confirmation,C_confirmation_XOM_revin-DLinear_h24_s2024,C_confirmation_XOM_revin-DLinear_h24_s2024__attempt-01,completed_unreviewed,,,,,local-5060-stage-c-v1,confirmatory_local_stage_c,cuda,NVIDIA GeForce RTX 5060 Ti,phase1-v1.1-2026-09-19,f6093f1d85f13613dfe1a3ac0d25b554ca83ccd3,a86a4df87e1bbe5a8af939a77c6bd620aaa60f9356cd8f085e08e78a71eb2164,5,checkpoint.pth;pred.npy;true.npy;metrics.npy;run.log,checkpoint.pth;pred.npy;true.npy;metrics.npy;run.log,,122128
stage_b_rtx8000,reproduction/results/phase1/rtx8000-intake-20260929-v2/attempts,RTX 8000; supplemental B_screen,B_screen,B_screen_AUDUSD_revin-TimesNet_h24_s2021,B_screen_AUDUSD_revin-TimesNet_h24_s2021__attempt-01,completed_unreviewed,,,,,rtx8000-timesnet-remaining-v1,nonconfirmatory_remote_gpu_supplement,cuda,,phase1-v1.1-2026-09-19,096c68be953a3efb2c0e0658bcf16b5b88403f44,0ce555e29fd77cbde098828063dd921607556243aefbf7c88f0963d38ae9d662,5,checkpoint.pth;pred.npy;true.npy;metrics.npy;run.log,checkpoint.pth;pred.npy;true.npy;metrics.npy;run.log,,300807260
stage_b_rtx8000,reproduction/results/phase1/rtx8000-intake-20260929-v2/attempts,RTX 8000; supplemental B_screen,B_screen,B_screen_BABA_revin-TimesNet_h1_s2021,B_screen_BABA_revin-TimesNet_h1_s2021__attempt-01,completed_unreviewed,,,,,rtx8000-timesnet-remaining-v1,nonconfirmatory_remote_gpu_supplement,cuda,,phase1-v1.1-2026-09-19,096c68be953a3efb2c0e0658bcf16b5b88403f44,f76c39c1b69453335e1ef54a9735ac460a56341b6c16b8138f52aaa881112e5d,5,checkpoint.pth;pred.npy;true.npy;metrics.npy;run.log,checkpoint.pth;pred.npy;true.npy;metrics.npy;run.log,,300706416
stage_b_rtx8000,reproduction/results/phase1/rtx8000-intake-20260929-v2/attempts,RTX 8000; supplemental B_screen,B_screen,B_screen_BABA_revin-TimesNet_h24_s2021,B_screen_BABA_revin-TimesNet_h24_s2021__attempt-01,completed_unreviewed,,,,,rtx8000-timesnet-remaining-v1,nonconfirmatory_remote_gpu_supplement,cuda,,phase1-v1.1-2026-09-19,096c68be953a3efb2c0e0658bcf16b5b88403f44,617560cecb966504328716b0b9016a3f28ff6b12481d7e9c30dadf633a1669f7,5,checkpoint.pth;pred.npy;true.npy;metrics.npy;run.log,checkpoint.pth;pred.npy;true.npy;metrics.npy;run.log,,300803082
stage_b_rtx8000,reproduction/results/phase1/rtx8000-intake-20260929-v2/attempts,RTX 8000; supplemental B_screen,B_screen,B_screen_BTCUSD_revin-TimesNet_h1_s2021,B_screen_BTCUSD_revin-TimesNet_h1_s2021__attempt-01,completed_unreviewed,,,,,rtx8000-timesnet-remaining-v1,nonconfirmatory_remote_gpu_supplement,cuda,,phase1-v1.1-2026-09-19,096c68be953a3efb2c0e0658bcf16b5b88403f44,6d98976b08ea65ec8d46ebf76a5ae9d1d4838b1bface0470ae46d8f5664b671d,5,checkpoint.pth;pred.npy;true.npy;metrics.npy;run.log,checkpoint.pth;pred.npy;true.npy;metrics.npy;run.log,,300708162
stage_b_rtx8000,reproduction/results/phase1/rtx8000-intake-20260929-v2/attempts,RTX 8000; supplemental B_screen,B_screen,B_screen_BTCUSD_revin-TimesNet_h24_s2021,B_screen_BTCUSD_revin-TimesNet_h24_s2021__attempt-01,completed_unreviewed,,,,,rtx8000-timesnet-remaining-v1,nonconfirmatory_remote_gpu_supplement,cuda,,phase1-v1.1-2026-09-19,096c68be953a3efb2c0e0658bcf16b5b88403f44,a2c8efc6706a4b1998236f2afe3f0c36eb766b72064fca2e9e47339b2d746923,5,checkpoint.pth;pred.npy;true.npy;metrics.npy;run.log,checkpoint.pth;pred.npy;true.npy;metrics.npy;run.log,,300846588
stage_b_rtx8000,reproduction/results/phase1/rtx8000-intake-20260929-v2/attempts,RTX 8000; supplemental B_screen,B_screen,B_screen_DJI_revin-TimesNet_h1_s2021,B_screen_DJI_revin-TimesNet_h1_s2021__attempt-01,completed_unreviewed,,,,,rtx8000-timesnet-remaining-v1,nonconfirmatory_remote_gpu_supplement,cuda,,phase1-v1.1-2026-09-19,096c68be953a3efb2c0e0658bcf16b5b88403f44,3e7854c5c81f9ea8ff7785e2b5d65213682355eaf91c4d6e95f8f81b58c044fa,5,checkpoint.pth;pred.npy;true.npy;metrics.npy;run.log,checkpoint.pth;pred.npy;true.npy;metrics.npy;run.log,,300708110
stage_b_rtx8000,reproduction/results/phase1/rtx8000-intake-20260929-v2/attempts,RTX 8000; supplemental B_screen,B_screen,B_screen_DJI_revin-TimesNet_h24_s2021,B_screen_DJI_revin-TimesNet_h24_s2021__attempt-01,completed_unreviewed,,,,,rtx8000-timesnet-remaining-v1,nonconfirmatory_remote_gpu_supplement,cuda,,phase1-v1.1-2026-09-19,096c68be953a3efb2c0e0658bcf16b5b88403f44,07494455662848e8a7c7eca1d6899c0308bccc8c60393c0d636efae98cf876f4,5,checkpoint.pth;pred.npy;true.npy;metrics.npy;run.log,checkpoint.pth;pred.npy;true.npy;metrics.npy;run.log,,300803556
stage_b_rtx8000,reproduction/results/phase1/rtx8000-intake-20260929-v2/attempts,RTX 8000; supplemental B_screen,B_screen,B_screen_ETHUSD_revin-TimesNet_h1_s2021,B_screen_ETHUSD_revin-TimesNet_h1_s2021__attempt-01,completed_unreviewed,,,,,rtx8000-timesnet-remaining-v1,nonconfirmatory_remote_gpu_supplement,cuda,,phase1-v1.1-2026-09-19,096c68be953a3efb2c0e0658bcf16b5b88403f44,d60e956514cba500845ecbfdd74c3d54f2c4c4601cc347902f2c1e723d993bb1,5,checkpoint.pth;pred.npy;true.npy;metrics.npy;run.log,checkpoint.pth;pred.npy;true.npy;metrics.npy;run.log,,300709274
stage_b_rtx8000,reproduction/results/phase1/rtx8000-intake-20260929-v2/attempts,RTX 8000; supplemental B_screen,B_screen,B_screen_ETHUSD_revin-TimesNet_h24_s2021,B_screen_ETHUSD_revin-TimesNet_h24_s2021__attempt-01,completed_unreviewed,,,,,rtx8000-timesnet-remaining-v1,nonconfirmatory_remote_gpu_supplement,cuda,,phase1-v1.1-2026-09-19,096c68be953a3efb2c0e0658bcf16b5b88403f44,ea655fa6796ffb1ea73b4459943bdc14eeae7efc71625f702e09b2da8ac25bde,5,checkpoint.pth;pred.npy;true.npy;metrics.npy;run.log,checkpoint.pth;pred.npy;true.npy;metrics.npy;run.log,,300822545
stage_b_rtx8000,reproduction/results/phase1/rtx8000-intake-20260929-v2/attempts,RTX 8000; supplemental B_screen,B_screen,B_screen_EURUSD_revin-TimesNet_h1_s2021,B_screen_EURUSD_revin-TimesNet_h1_s2021__attempt-01,completed_unreviewed,,,,,rtx8000-timesnet-remaining-v1,nonconfirmatory_remote_gpu_supplement,cuda,,phase1-v1.1-2026-09-19,096c68be953a3efb2c0e0658bcf16b5b88403f44,57f3a54bdd210b6aef4da2eca7e914e415b7e3da0e1b34fe2bf4ca506f6f7bb5,5,checkpoint.pth;pred.npy;true.npy;metrics.npy;run.log,checkpoint.pth;pred.npy;true.npy;metrics.npy;run.log,,300706913
stage_b_rtx8000,reproduction/results/phase1/rtx8000-intake-20260929-v2/attempts,RTX 8000; supplemental B_screen,B_screen,B_screen_EURUSD_revin-TimesNet_h24_s2021,B_screen_EURUSD_revin-TimesNet_h24_s2021__attempt-01,completed_unreviewed,,,,,rtx8000-timesnet-remaining-v1,nonconfirmatory_remote_gpu_supplement,cuda,,phase1-v1.1-2026-09-19,096c68be953a3efb2c0e0658bcf16b5b88403f44,a665752f15424afb449c111227ed3658f5d75ebc66b1b178d58238210ac6a310,5,checkpoint.pth;pred.npy;true.npy;metrics.npy;run.log,checkpoint.pth;pred.npy;true.npy;metrics.npy;run.log,,300806289
stage_b_rtx8000,reproduction/results/phase1/rtx8000-intake-20260929-v2/attempts,RTX 8000; supplemental B_screen,B_screen,B_screen_FTSE_revin-TimesNet_h1_s2021,B_screen_FTSE_revin-TimesNet_h1_s2021__attempt-01,completed_unreviewed,,,,,rtx8000-timesnet-remaining-v1,nonconfirmatory_remote_gpu_supplement,cuda,,phase1-v1.1-2026-09-19,096c68be953a3efb2c0e0658bcf16b5b88403f44,7a99ef8043096bd1646b295e910f9ac04475b536b63d56e1c42bf397242032b3,5,checkpoint.pth;pred.npy;true.npy;metrics.npy;run.log,checkpoint.pth;pred.npy;true.npy;metrics.npy;run.log,,300707766
stage_b_rtx8000,reproduction/results/phase1/rtx8000-intake-20260929-v2/attempts,RTX 8000; supplemental B_screen,B_screen,B_screen_FTSE_revin-TimesNet_h24_s2021,B_screen_FTSE_revin-TimesNet_h24_s2021__attempt-01,completed_unreviewed,,,,,rtx8000-timesnet-remaining-v1,nonconfirmatory_remote_gpu_supplement,cuda,,phase1-v1.1-2026-09-19,096c68be953a3efb2c0e0658bcf16b5b88403f44,b25d9cb500f5149b4589152225cf83771640b0131b846bcab68f0421d63e6ede,5,checkpoint.pth;pred.npy;true.npy;metrics.npy;run.log,checkpoint.pth;pred.npy;true.npy;metrics.npy;run.log,,300804141
stage_b_rtx8000,reproduction/results/phase1/rtx8000-intake-20260929-v2/attempts,RTX 8000; supplemental B_screen,B_screen,B_screen_GBPUSD_revin-TimesNet_h1_s2021,B_screen_GBPUSD_revin-TimesNet_h1_s2021__attempt-01,completed_unreviewed,,,,,rtx8000-timesnet-remaining-v1,nonconfirmatory_remote_gpu_supplement,cuda,,phase1-v1.1-2026-09-19,096c68be953a3efb2c0e0658bcf16b5b88403f44,0b7122d3db7f186ef7bb2b5dd4a6ab8b3036bf2ef4a7a7fb5d1e658f71c5c7f7,5,checkpoint.pth;pred.npy;true.npy;metrics.npy;run.log,checkpoint.pth;pred.npy;true.npy;metrics.npy;run.log,,300708122
stage_b_rtx8000,reproduction/results/phase1/rtx8000-intake-20260929-v2/attempts,RTX 8000; supplemental B_screen,B_screen,B_screen_GBPUSD_revin-TimesNet_h24_s2021,B_screen_GBPUSD_revin-TimesNet_h24_s2021__attempt-01,completed_unreviewed,,,,,rtx8000-timesnet-remaining-v1,nonconfirmatory_remote_gpu_supplement,cuda,,phase1-v1.1-2026-09-19,096c68be953a3efb2c0e0658bcf16b5b88403f44,3d5670cda7775ef7f7308fd392a6a767e1c7cae4cbe1c55a29bcc07f5518924d,5,checkpoint.pth;pred.npy;true.npy;metrics.npy;run.log,checkpoint.pth;pred.npy;true.npy;metrics.npy;run.log,,300806290
stage_b_rtx8000,reproduction/results/phase1/rtx8000-intake-20260929-v2/attempts,RTX 8000; supplemental B_screen,B_screen,B_screen_GDAXI_revin-TimesNet_h1_s2021,B_screen_GDAXI_revin-TimesNet_h1_s2021__attempt-01,completed_unreviewed,,,,,rtx8000-timesnet-remaining-v1,nonconfirmatory_remote_gpu_supplement,cuda,,phase1-v1.1-2026-09-19,096c68be953a3efb2c0e0658bcf16b5b88403f44,03eaa95faf19e27c100ae26a1301a1a187c4dca7f0ed7010f4107f52facae9c6,5,checkpoint.pth;pred.npy;true.npy;metrics.npy;run.log,checkpoint.pth;pred.npy;true.npy;metrics.npy;run.log,,300707208
stage_b_rtx8000,reproduction/results/phase1/rtx8000-intake-20260929-v2/attempts,RTX 8000; supplemental B_screen,B_screen,B_screen_GDAXI_revin-TimesNet_h24_s2021,B_screen_GDAXI_revin-TimesNet_h24_s2021__attempt-01,completed_unreviewed,,,,,rtx8000-timesnet-remaining-v1,nonconfirmatory_remote_gpu_supplement,cuda,,phase1-v1.1-2026-09-19,096c68be953a3efb2c0e0658bcf16b5b88403f44,11e23a15d6f5dd834636b926e219bdf64d234cb77239d7892e90d508cb244a05,5,checkpoint.pth;pred.npy;true.npy;metrics.npy;run.log,checkpoint.pth;pred.npy;true.npy;metrics.npy;run.log,,300803533
stage_b_rtx8000,reproduction/results/phase1/rtx8000-intake-20260929-v2/attempts,RTX 8000; supplemental B_screen,B_screen,B_screen_GLD_revin-TimesNet_h1_s2021,B_screen_GLD_revin-TimesNet_h1_s2021__attempt-01,completed_unreviewed,,,,,rtx8000-timesnet-remaining-v1,nonconfirmatory_remote_gpu_supplement,cuda,,phase1-v1.1-2026-09-19,096c68be953a3efb2c0e0658bcf16b5b88403f44,912b2bd6ff67d0137bfa0265c0b0712295f849f1b1f3fc7b82e583a04f566a74,5,checkpoint.pth;pred.npy;true.npy;metrics.npy;run.log,checkpoint.pth;pred.npy;true.npy;metrics.npy;run.log,,300706556
stage_b_rtx8000,reproduction/results/phase1/rtx8000-intake-20260929-v2/attempts,RTX 8000; supplemental B_screen,B_screen,B_screen_GLD_revin-TimesNet_h24_s2021,B_screen_GLD_revin-TimesNet_h24_s2021__attempt-01,completed_unreviewed,,,,,rtx8000-timesnet-remaining-v1,nonconfirmatory_remote_gpu_supplement,cuda,,phase1-v1.1-2026-09-19,096c68be953a3efb2c0e0658bcf16b5b88403f44,eaaf567ebb39c6685f290c6d5a798df3daeef15f96d236ec7329a57e84ab1c67,5,checkpoint.pth;pred.npy;true.npy;metrics.npy;run.log,checkpoint.pth;pred.npy;true.npy;metrics.npy;run.log,,300803625
stage_b_rtx8000,reproduction/results/phase1/rtx8000-intake-20260929-v2/attempts,RTX 8000; supplemental B_screen,B_screen,B_screen_GOLD_revin-TimesNet_h1_s2021,B_screen_GOLD_revin-TimesNet_h1_s2021__attempt-01,completed_unreviewed,,,,,rtx8000-timesnet-remaining-v1,nonconfirmatory_remote_gpu_supplement,cuda,,phase1-v1.1-2026-09-19,096c68be953a3efb2c0e0658bcf16b5b88403f44,2e9c0d9db357a6cc2a4871c0ce65490901c84e67138241c34597dde0213a6dcc,5,checkpoint.pth;pred.npy;true.npy;metrics.npy;run.log,checkpoint.pth;pred.npy;true.npy;metrics.npy;run.log,,300708271
stage_b_rtx8000,reproduction/results/phase1/rtx8000-intake-20260929-v2/attempts,RTX 8000; supplemental B_screen,B_screen,B_screen_GOLD_revin-TimesNet_h24_s2021,B_screen_GOLD_revin-TimesNet_h24_s2021__attempt-01,completed_unreviewed,,,,,rtx8000-timesnet-remaining-v1,nonconfirmatory_remote_gpu_supplement,cuda,,phase1-v1.1-2026-09-19,096c68be953a3efb2c0e0658bcf16b5b88403f44,04ee6a225f78570df2d856dbb0a4f84c3508cd0a4919315754fc8d3b36755cbd,5,checkpoint.pth;pred.npy;true.npy;metrics.npy;run.log,checkpoint.pth;pred.npy;true.npy;metrics.npy;run.log,,300803529
stage_b_rtx8000,reproduction/results/phase1/rtx8000-intake-20260929-v2/attempts,RTX 8000; supplemental B_screen,B_screen,B_screen_GSPC_revin-TimesNet_h1_s2021,B_screen_GSPC_revin-TimesNet_h1_s2021__attempt-01,completed_unreviewed,,,,,rtx8000-timesnet-remaining-v1,nonconfirmatory_remote_gpu_supplement,cuda,,phase1-v1.1-2026-09-19,096c68be953a3efb2c0e0658bcf16b5b88403f44,75ae250b9f4cbd3cad0a2f0029dbccbb27b92c6d8ab0a372f69e40276e68b2cc,5,checkpoint.pth;pred.npy;true.npy;metrics.npy;run.log,checkpoint.pth;pred.npy;true.npy;metrics.npy;run.log,,300707125
stage_b_rtx8000,reproduction/results/phase1/rtx8000-intake-20260929-v2/attempts,RTX 8000; supplemental B_screen,B_screen,B_screen_GSPC_revin-TimesNet_h24_s2021,B_screen_GSPC_revin-TimesNet_h24_s2021__attempt-01,completed_unreviewed,,,,,rtx8000-timesnet-remaining-v1,nonconfirmatory_remote_gpu_supplement,cuda,,phase1-v1.1-2026-09-19,096c68be953a3efb2c0e0658bcf16b5b88403f44,bb2478f0dc070801220ab832b7e53e4d499097c963d205de1ed0157ec4a71b3b,5,checkpoint.pth;pred.npy;true.npy;metrics.npy;run.log,checkpoint.pth;pred.npy;true.npy;metrics.npy;run.log,,300802567
stage_b_rtx8000,reproduction/results/phase1/rtx8000-intake-20260929-v2/attempts,RTX 8000; supplemental B_screen,B_screen,B_screen_HSI_revin-TimesNet_h1_s2021,B_screen_HSI_revin-TimesNet_h1_s2021__attempt-01,completed_unreviewed,,,,,rtx8000-timesnet-remaining-v1,nonconfirmatory_remote_gpu_supplement,cuda,,phase1-v1.1-2026-09-19,096c68be953a3efb2c0e0658bcf16b5b88403f44,751edaacf27778cdb2d2de9bf21507939d45b5a4726dedcae3a9bc5eae0dd323,5,checkpoint.pth;pred.npy;true.npy;metrics.npy;run.log,checkpoint.pth;pred.npy;true.npy;metrics.npy;run.log,,300708680
stage_b_rtx8000,reproduction/results/phase1/rtx8000-intake-20260929-v2/attempts,RTX 8000; supplemental B_screen,B_screen,B_screen_HSI_revin-TimesNet_h24_s2021,B_screen_HSI_revin-TimesNet_h24_s2021__attempt-01,completed_unreviewed,,,,,rtx8000-timesnet-remaining-v1,nonconfirmatory_remote_gpu_supplement,cuda,,phase1-v1.1-2026-09-19,096c68be953a3efb2c0e0658bcf16b5b88403f44,58ccd9914160684c7fe03d3530cc46554581cb5f00a7226c2c99af726f284a3c,5,checkpoint.pth;pred.npy;true.npy;metrics.npy;run.log,checkpoint.pth;pred.npy;true.npy;metrics.npy;run.log,,300800695
