logical_run_id,attempt_id,execution_track,cohort,asset,model,horizon,seed,test_values,pred_shape,true_shape,mae,mse,rmse,prediction_keys_sha256,true_sha256,dataset_sha256,split_manifest_id
B_screen_AAPL_DeReFusion_h1_s2021,B_screen_AAPL_DeReFusion_h1_s2021__attempt-01,P4,c1-20,AAPL,DeReFusion,1,2021,502,502x1x1,502x1x1,0.123776615378,0.0262031076122,0.161873739724,73822078adeea8178f7a86207c830d6e4bcb88b42cfe0519e52c2f435b240c4f,196675eff430b3293db4fe123536ccd96c6ef8009f7a0ec3f3f6421cb190eba0,2d0ec4a90463b9a6bae915a3038d871c061b3d18d813d6572d50d75f4b185916,7cac5ba56fd37aa1849b6545178c55a980436206f9174e122e82dc58c0cb41b6
B_screen_AAPL_revin-DLinear_h1_s2021,B_screen_AAPL_revin-DLinear_h1_s2021__attempt-01,P4,c1-20,AAPL,revin-DLinear,1,2021,502,502x1x1,502x1x1,0.116139692614,0.0229998421514,0.151656988469,73822078adeea8178f7a86207c830d6e4bcb88b42cfe0519e52c2f435b240c4f,196675eff430b3293db4fe123536ccd96c6ef8009f7a0ec3f3f6421cb190eba0,2d0ec4a90463b9a6bae915a3038d871c061b3d18d813d6572d50d75f4b185916,7cac5ba56fd37aa1849b6545178c55a980436206f9174e122e82dc58c0cb41b6
B_screen_AAPL_revin-PatchTST_h1_s2021,B_screen_AAPL_revin-PatchTST_h1_s2021__attempt-01,P4,c1-20,AAPL,revin-PatchTST,1,2021,502,502x1x1,502x1x1,0.0716059592616,0.0105865648422,0.102891033828,73822078adeea8178f7a86207c830d6e4bcb88b42cfe0519e52c2f435b240c4f,196675eff430b3293db4fe123536ccd96c6ef8009f7a0ec3f3f6421cb190eba0,2d0ec4a90463b9a6bae915a3038d871c061b3d18d813d6572d50d75f4b185916,7cac5ba56fd37aa1849b6545178c55a980436206f9174e122e82dc58c0cb41b6
B_screen_AAPL_revin-TimesNet_h1_s2021,B_screen_AAPL_revin-TimesNet_h1_s2021__attempt-01,P4,c1-20,AAPL,revin-TimesNet,1,2021,502,502x1x1,502x1x1,0.0952659118698,0.0175632854389,0.132526546167,73822078adeea8178f7a86207c830d6e4bcb88b42cfe0519e52c2f435b240c4f,196675eff430b3293db4fe123536ccd96c6ef8009f7a0ec3f3f6421cb190eba0,2d0ec4a90463b9a6bae915a3038d871c061b3d18d813d6572d50d75f4b185916,7cac5ba56fd37aa1849b6545178c55a980436206f9174e122e82dc58c0cb41b6
B_screen_AAPL_revin-iTransformer_h1_s2021,B_screen_AAPL_revin-iTransformer_h1_s2021__attempt-01,P4,c1-20,AAPL,revin-iTransformer,1,2021,502,502x1x1,502x1x1,0.087872371968,0.0140000758428,0.118321916156,73822078adeea8178f7a86207c830d6e4bcb88b42cfe0519e52c2f435b240c4f,196675eff430b3293db4fe123536ccd96c6ef8009f7a0ec3f3f6421cb190eba0,2d0ec4a90463b9a6bae915a3038d871c061b3d18d813d6572d50d75f4b185916,7cac5ba56fd37aa1849b6545178c55a980436206f9174e122e82dc58c0cb41b6
B_screen_AMZN_DeReFusion_h1_s2021,B_screen_AMZN_DeReFusion_h1_s2021__attempt-01,P4,c1-20,AMZN,DeReFusion,1,2021,502,502x1x1,502x1x1,0.119980777165,0.024524152909,0.156601893057,c0665593f755f43d626791ab40aa7da66b3d2a8bbc30e7cc355d9b9d3f245daf,6813be2bc7b51a18dd0e72a71a1a1291f57bce89e44e1bbdcf5fb32c7e16cb0f,28f348100dc6d056b7bd70aa472ff29923d3776b3eaf9a1385254e08b01e6771,14c2959d9af9dca3a7be05095898db77030f03459ffab00bf4786454ac5356d5
B_screen_AMZN_revin-DLinear_h1_s2021,B_screen_AMZN_revin-DLinear_h1_s2021__attempt-01,P4,c1-20,AMZN,revin-DLinear,1,2021,502,502x1x1,502x1x1,0.115073751643,0.0236016210258,0.153628190856,c0665593f755f43d626791ab40aa7da66b3d2a8bbc30e7cc355d9b9d3f245daf,6813be2bc7b51a18dd0e72a71a1a1291f57bce89e44e1bbdcf5fb32c7e16cb0f,28f348100dc6d056b7bd70aa472ff29923d3776b3eaf9a1385254e08b01e6771,14c2959d9af9dca3a7be05095898db77030f03459ffab00bf4786454ac5356d5
B_screen_AMZN_revin-PatchTST_h1_s2021,B_screen_AMZN_revin-PatchTST_h1_s2021__attempt-01,P4,c1-20,AMZN,revin-PatchTST,1,2021,502,502x1x1,502x1x1,0.0716600000146,0.00971649591768,0.0985722877774,c0665593f755f43d626791ab40aa7da66b3d2a8bbc30e7cc355d9b9d3f245daf,6813be2bc7b51a18dd0e72a71a1a1291f57bce89e44e1bbdcf5fb32c7e16cb0f,28f348100dc6d056b7bd70aa472ff29923d3776b3eaf9a1385254e08b01e6771,14c2959d9af9dca3a7be05095898db77030f03459ffab00bf4786454ac5356d5
B_screen_AMZN_revin-TimesNet_h1_s2021,B_screen_AMZN_revin-TimesNet_h1_s2021__attempt-01,P4,c1-20,AMZN,revin-TimesNet,1,2021,502,502x1x1,502x1x1,0.11285519315,0.0249361971245,0.157911991706,c0665593f755f43d626791ab40aa7da66b3d2a8bbc30e7cc355d9b9d3f245daf,6813be2bc7b51a18dd0e72a71a1a1291f57bce89e44e1bbdcf5fb32c7e16cb0f,28f348100dc6d056b7bd70aa472ff29923d3776b3eaf9a1385254e08b01e6771,14c2959d9af9dca3a7be05095898db77030f03459ffab00bf4786454ac5356d5
B_screen_AMZN_revin-iTransformer_h1_s2021,B_screen_AMZN_revin-iTransformer_h1_s2021__attempt-01,P4,c1-20,AMZN,revin-iTransformer,1,2021,502,502x1x1,502x1x1,0.0868303326972,0.0131399097163,0.114629445241,c0665593f755f43d626791ab40aa7da66b3d2a8bbc30e7cc355d9b9d3f245daf,6813be2bc7b51a18dd0e72a71a1a1291f57bce89e44e1bbdcf5fb32c7e16cb0f,28f348100dc6d056b7bd70aa472ff29923d3776b3eaf9a1385254e08b01e6771,14c2959d9af9dca3a7be05095898db77030f03459ffab00bf4786454ac5356d5
B_screen_AUDUSD_DeReFusion_h1_s2021,B_screen_AUDUSD_DeReFusion_h1_s2021__attempt-01,P4,c1-20,AUDUSD,DeReFusion,1,2021,520,520x1x1,520x1x1,0.124309485119,0.0261546807331,0.16172408829,0bfa94ee9a51aa11944cec548b6dcf176068449495639a7e00e3b01dfa7c0534,04b0ab1f29f63222554c20f3cfa7461fb5aa19574bea1993d75229232fc22902,cd12448f0624128676d89c3bc7c0d6a12fc34a8b37309e689834804fa15d2a9a,3fd9b178c4240e2deee32e7fb865767496ac697d75ced0c7bfc8271c2d829205
B_screen_AUDUSD_revin-DLinear_h1_s2021,B_screen_AUDUSD_revin-DLinear_h1_s2021__attempt-01,P4,c1-20,AUDUSD,revin-DLinear,1,2021,520,520x1x1,520x1x1,0.124018135552,0.0251124401439,0.15846905106,0bfa94ee9a51aa11944cec548b6dcf176068449495639a7e00e3b01dfa7c0534,04b0ab1f29f63222554c20f3cfa7461fb5aa19574bea1993d75229232fc22902,cd12448f0624128676d89c3bc7c0d6a12fc34a8b37309e689834804fa15d2a9a,3fd9b178c4240e2deee32e7fb865767496ac697d75ced0c7bfc8271c2d829205
B_screen_AUDUSD_revin-PatchTST_h1_s2021,B_screen_AUDUSD_revin-PatchTST_h1_s2021__attempt-01,P4,c1-20,AUDUSD,revin-PatchTST,1,2021,520,520x1x1,520x1x1,0.0831183414047,0.0120924465905,0.109965660961,0bfa94ee9a51aa11944cec548b6dcf176068449495639a7e00e3b01dfa7c0534,04b0ab1f29f63222554c20f3cfa7461fb5aa19574bea1993d75229232fc22902,cd12448f0624128676d89c3bc7c0d6a12fc34a8b37309e689834804fa15d2a9a,3fd9b178c4240e2deee32e7fb865767496ac697d75ced0c7bfc8271c2d829205
B_screen_AUDUSD_revin-TimesNet_h1_s2021,B_screen_AUDUSD_revin-TimesNet_h1_s2021__attempt-01,P4,c1-20,AUDUSD,revin-TimesNet,1,2021,520,520x1x1,520x1x1,0.0809150343904,0.012100201385,0.110000915383,0bfa94ee9a51aa11944cec548b6dcf176068449495639a7e00e3b01dfa7c0534,04b0ab1f29f63222554c20f3cfa7461fb5aa19574bea1993d75229232fc22902,cd12448f0624128676d89c3bc7c0d6a12fc34a8b37309e689834804fa15d2a9a,3fd9b178c4240e2deee32e7fb865767496ac697d75ced0c7bfc8271c2d829205
B_screen_AUDUSD_revin-iTransformer_h1_s2021,B_screen_AUDUSD_revin-iTransformer_h1_s2021__attempt-01,P4,c1-20,AUDUSD,revin-iTransformer,1,2021,520,520x1x1,520x1x1,0.0877821713686,0.013775113587,0.117367429839,0bfa94ee9a51aa11944cec548b6dcf176068449495639a7e00e3b01dfa7c0534,04b0ab1f29f63222554c20f3cfa7461fb5aa19574bea1993d75229232fc22902,cd12448f0624128676d89c3bc7c0d6a12fc34a8b37309e689834804fa15d2a9a,3fd9b178c4240e2deee32e7fb865767496ac697d75ced0c7bfc8271c2d829205
B_screen_FTSE_DeReFusion_h1_s2021,B_screen_FTSE_DeReFusion_h1_s2021__attempt-01,P4,c1-20,FTSE,DeReFusion,1,2021,505,505x1x1,505x1x1,0.178660201908,0.060160062819,0.245275483526,25381dafdf252f80d3d4cf354fe658b75fd249430d4d4f124861c1693384204e,90386acf10830afc6ff6030b2bbad9ddd7de8264252db21607e4939e0b623644,7c69f5dd2b1d6e8f78c228cd607646c1289a688e83e3c6eeef5735e2f276d13e,a7dbca95a1ac903247e93d0e49c7adf52fda67a818df303e655d7b9f162b81cf
B_screen_FTSE_revin-DLinear_h1_s2021,B_screen_FTSE_revin-DLinear_h1_s2021__attempt-01,P4,c1-20,FTSE,revin-DLinear,1,2021,505,505x1x1,505x1x1,0.169480417389,0.0522037266801,0.228481348648,25381dafdf252f80d3d4cf354fe658b75fd249430d4d4f124861c1693384204e,90386acf10830afc6ff6030b2bbad9ddd7de8264252db21607e4939e0b623644,7c69f5dd2b1d6e8f78c228cd607646c1289a688e83e3c6eeef5735e2f276d13e,a7dbca95a1ac903247e93d0e49c7adf52fda67a818df303e655d7b9f162b81cf
B_screen_FTSE_revin-PatchTST_h1_s2021,B_screen_FTSE_revin-PatchTST_h1_s2021__attempt-01,P4,c1-20,FTSE,revin-PatchTST,1,2021,505,505x1x1,505x1x1,0.102852921085,0.0192258795998,0.13865741812,25381dafdf252f80d3d4cf354fe658b75fd249430d4d4f124861c1693384204e,90386acf10830afc6ff6030b2bbad9ddd7de8264252db21607e4939e0b623644,7c69f5dd2b1d6e8f78c228cd607646c1289a688e83e3c6eeef5735e2f276d13e,a7dbca95a1ac903247e93d0e49c7adf52fda67a818df303e655d7b9f162b81cf
B_screen_FTSE_revin-TimesNet_h1_s2021,B_screen_FTSE_revin-TimesNet_h1_s2021__attempt-01,RTX8000,c1-20,FTSE,revin-TimesNet,1,2021,505,505x1x1,505x1x1,0.131706703181,0.0339590805703,0.184279897358,25381dafdf252f80d3d4cf354fe658b75fd249430d4d4f124861c1693384204e,90386acf10830afc6ff6030b2bbad9ddd7de8264252db21607e4939e0b623644,7c69f5dd2b1d6e8f78c228cd607646c1289a688e83e3c6eeef5735e2f276d13e,a7dbca95a1ac903247e93d0e49c7adf52fda67a818df303e655d7b9f162b81cf
B_screen_FTSE_revin-iTransformer_h1_s2021,B_screen_FTSE_revin-iTransformer_h1_s2021__attempt-01,P4,c1-20,FTSE,revin-iTransformer,1,2021,505,505x1x1,505x1x1,0.111176161247,0.0243428617565,0.156021991259,25381dafdf252f80d3d4cf354fe658b75fd249430d4d4f124861c1693384204e,90386acf10830afc6ff6030b2bbad9ddd7de8264252db21607e4939e0b623644,7c69f5dd2b1d6e8f78c228cd607646c1289a688e83e3c6eeef5735e2f276d13e,a7dbca95a1ac903247e93d0e49c7adf52fda67a818df303e655d7b9f162b81cf
B_screen_GBPUSD_DeReFusion_h1_s2021,B_screen_GBPUSD_DeReFusion_h1_s2021__attempt-01,P4,c1-20,GBPUSD,DeReFusion,1,2021,520,520x1x1,520x1x1,0.112381330417,0.0197608480931,0.14057328371,63408bb8324411c53218af9f2e4fd4434506be2bc85038dcd610b4fa6886b885,c6569b7f930bbacfe738eaa78f4d779d6de887a04350bca03afcba05bc78f2b8,90e00d04d481138da937e5316ac8274728d622b30a117e755e33e9057c833c7d,6496043492d9b148dcfbbc80135cda2b9fd1e89efa9b7631bb3c73a68fd59c8c
B_screen_GBPUSD_revin-DLinear_h1_s2021,B_screen_GBPUSD_revin-DLinear_h1_s2021__attempt-01,P4,c1-20,GBPUSD,revin-DLinear,1,2021,520,520x1x1,520x1x1,0.127934016837,0.0247779818227,0.157410234174,63408bb8324411c53218af9f2e4fd4434506be2bc85038dcd610b4fa6886b885,c6569b7f930bbacfe738eaa78f4d779d6de887a04350bca03afcba05bc78f2b8,90e00d04d481138da937e5316ac8274728d622b30a117e755e33e9057c833c7d,6496043492d9b148dcfbbc80135cda2b9fd1e89efa9b7631bb3c73a68fd59c8c
B_screen_GBPUSD_revin-PatchTST_h1_s2021,B_screen_GBPUSD_revin-PatchTST_h1_s2021__attempt-01,P4,c1-20,GBPUSD,revin-PatchTST,1,2021,520,520x1x1,520x1x1,0.0704435281223,0.00862482641021,0.0928699435243,63408bb8324411c53218af9f2e4fd4434506be2bc85038dcd610b4fa6886b885,c6569b7f930bbacfe738eaa78f4d779d6de887a04350bca03afcba05bc78f2b8,90e00d04d481138da937e5316ac8274728d622b30a117e755e33e9057c833c7d,6496043492d9b148dcfbbc80135cda2b9fd1e89efa9b7631bb3c73a68fd59c8c
B_screen_GBPUSD_revin-TimesNet_h1_s2021,B_screen_GBPUSD_revin-TimesNet_h1_s2021__attempt-01,RTX8000,c1-20,GBPUSD,revin-TimesNet,1,2021,520,520x1x1,520x1x1,0.0745400738311,0.00973231647619,0.0986525036489,63408bb8324411c53218af9f2e4fd4434506be2bc85038dcd610b4fa6886b885,c6569b7f930bbacfe738eaa78f4d779d6de887a04350bca03afcba05bc78f2b8,90e00d04d481138da937e5316ac8274728d622b30a117e755e33e9057c833c7d,6496043492d9b148dcfbbc80135cda2b9fd1e89efa9b7631bb3c73a68fd59c8c
B_screen_GBPUSD_revin-iTransformer_h1_s2021,B_screen_GBPUSD_revin-iTransformer_h1_s2021__attempt-01,P4,c1-20,GBPUSD,revin-iTransformer,1,2021,520,520x1x1,520x1x1,0.0829353895952,0.0111225097661,0.105463310047,63408bb8324411c53218af9f2e4fd4434506be2bc85038dcd610b4fa6886b885,c6569b7f930bbacfe738eaa78f4d779d6de887a04350bca03afcba05bc78f2b8,90e00d04d481138da937e5316ac8274728d622b30a117e755e33e9057c833c7d,6496043492d9b148dcfbbc80135cda2b9fd1e89efa9b7631bb3c73a68fd59c8c
B_screen_GDAXI_DeReFusion_h1_s2021,B_screen_GDAXI_DeReFusion_h1_s2021__attempt-01,P4,c1-20,GDAXI,DeReFusion,1,2021,507,507x1x1,507x1x1,0.176598223944,0.0608741573275,0.246726888132,0553be9111cb92c9b25c6508200e945943f216fda0575d67a879d4260e2817e8,cdfd3db1bacc2b4ce312b9678b13ee929b40d2e6adfbda5d0fdbbbdce3196e0b,6c8cc51c65fa002dc3129fd12b2278c05ae8b9a3e1d33ce3e3bcb076f57dbee5,b3539c99e221813c15fc5021a48678553792484ab1f019a3cbf75e10c039341b
B_screen_GDAXI_revin-DLinear_h1_s2021,B_screen_GDAXI_revin-DLinear_h1_s2021__attempt-01,P4,c1-20,GDAXI,revin-DLinear,1,2021,507,507x1x1,507x1x1,0.181401676445,0.0635164902649,0.252024781053,0553be9111cb92c9b25c6508200e945943f216fda0575d67a879d4260e2817e8,cdfd3db1bacc2b4ce312b9678b13ee929b40d2e6adfbda5d0fdbbbdce3196e0b,6c8cc51c65fa002dc3129fd12b2278c05ae8b9a3e1d33ce3e3bcb076f57dbee5,b3539c99e221813c15fc5021a48678553792484ab1f019a3cbf75e10c039341b
B_screen_GDAXI_revin-PatchTST_h1_s2021,B_screen_GDAXI_revin-PatchTST_h1_s2021__attempt-01,P4,c1-20,GDAXI,revin-PatchTST,1,2021,507,507x1x1,507x1x1,0.122512079085,0.0261628659111,0.161749392305,0553be9111cb92c9b25c6508200e945943f216fda0575d67a879d4260e2817e8,cdfd3db1bacc2b4ce312b9678b13ee929b40d2e6adfbda5d0fdbbbdce3196e0b,6c8cc51c65fa002dc3129fd12b2278c05ae8b9a3e1d33ce3e3bcb076f57dbee5,b3539c99e221813c15fc5021a48678553792484ab1f019a3cbf75e10c039341b
B_screen_GDAXI_revin-TimesNet_h1_s2021,B_screen_GDAXI_revin-TimesNet_h1_s2021__attempt-01,RTX8000,c1-20,GDAXI,revin-TimesNet,1,2021,507,507x1x1,507x1x1,0.163239399122,0.0741644657336,0.272331536429,0553be9111cb92c9b25c6508200e945943f216fda0575d67a879d4260e2817e8,cdfd3db1bacc2b4ce312b9678b13ee929b40d2e6adfbda5d0fdbbbdce3196e0b,6c8cc51c65fa002dc3129fd12b2278c05ae8b9a3e1d33ce3e3bcb076f57dbee5,b3539c99e221813c15fc5021a48678553792484ab1f019a3cbf75e10c039341b
B_screen_GDAXI_revin-iTransformer_h1_s2021,B_screen_GDAXI_revin-iTransformer_h1_s2021__attempt-01,P4,c1-20,GDAXI,revin-iTransformer,1,2021,507,507x1x1,507x1x1,0.144257276016,0.0395609190053,0.198899268489,0553be9111cb92c9b25c6508200e945943f216fda0575d67a879d4260e2817e8,cdfd3db1bacc2b4ce312b9678b13ee929b40d2e6adfbda5d0fdbbbdce3196e0b,6c8cc51c65fa002dc3129fd12b2278c05ae8b9a3e1d33ce3e3bcb076f57dbee5,b3539c99e221813c15fc5021a48678553792484ab1f019a3cbf75e10c039341b
B_screen_GLD_DeReFusion_h1_s2021,B_screen_GLD_DeReFusion_h1_s2021__attempt-01,P4,c1-20,GLD,DeReFusion,1,2021,502,502x1x1,502x1x1,0.18283304584,0.0625111426495,0.250022284306,a4c22d1ee9f27affc8f971fb3d5a908259995077afaf6732ff4c52d0594339a6,4d7147dac9399b887fb94a0ad2aac30f63a2ecfbe5350c8af73b76482755607c,0b77dfa686fce94a851cf19ad1f0f23a45028a85423a5a9f218594b12f69b231,f3f52d5fa50e5a08d854623d8ab1209e820dc30c18d9f2a9cfb5feba8c64906c
B_screen_GLD_revin-DLinear_h1_s2021,B_screen_GLD_revin-DLinear_h1_s2021__attempt-01,P4,c1-20,GLD,revin-DLinear,1,2021,502,502x1x1,502x1x1,0.194029228146,0.072593563723,0.269431927809,a4c22d1ee9f27affc8f971fb3d5a908259995077afaf6732ff4c52d0594339a6,4d7147dac9399b887fb94a0ad2aac30f63a2ecfbe5350c8af73b76482755607c,0b77dfa686fce94a851cf19ad1f0f23a45028a85423a5a9f218594b12f69b231,f3f52d5fa50e5a08d854623d8ab1209e820dc30c18d9f2a9cfb5feba8c64906c
B_screen_GLD_revin-PatchTST_h1_s2021,B_screen_GLD_revin-PatchTST_h1_s2021__attempt-01,P4,c1-20,GLD,revin-PatchTST,1,2021,502,502x1x1,502x1x1,0.120150264753,0.0278084315696,0.166758602686,a4c22d1ee9f27affc8f971fb3d5a908259995077afaf6732ff4c52d0594339a6,4d7147dac9399b887fb94a0ad2aac30f63a2ecfbe5350c8af73b76482755607c,0b77dfa686fce94a851cf19ad1f0f23a45028a85423a5a9f218594b12f69b231,f3f52d5fa50e5a08d854623d8ab1209e820dc30c18d9f2a9cfb5feba8c64906c
B_screen_GLD_revin-TimesNet_h1_s2021,B_screen_GLD_revin-TimesNet_h1_s2021__attempt-01,RTX8000,c1-20,GLD,revin-TimesNet,1,2021,502,502x1x1,502x1x1,0.137979387762,0.0345827955893,0.185964500885,a4c22d1ee9f27affc8f971fb3d5a908259995077afaf6732ff4c52d0594339a6,4d7147dac9399b887fb94a0ad2aac30f63a2ecfbe5350c8af73b76482755607c,0b77dfa686fce94a851cf19ad1f0f23a45028a85423a5a9f218594b12f69b231,f3f52d5fa50e5a08d854623d8ab1209e820dc30c18d9f2a9cfb5feba8c64906c
B_screen_GLD_revin-iTransformer_h1_s2021,B_screen_GLD_revin-iTransformer_h1_s2021__attempt-01,P4,c1-20,GLD,revin-iTransformer,1,2021,502,502x1x1,502x1x1,0.136358680716,0.0352612272095,0.187779730561,a4c22d1ee9f27affc8f971fb3d5a908259995077afaf6732ff4c52d0594339a6,4d7147dac9399b887fb94a0ad2aac30f63a2ecfbe5350c8af73b76482755607c,0b77dfa686fce94a851cf19ad1f0f23a45028a85423a5a9f218594b12f69b231,f3f52d5fa50e5a08d854623d8ab1209e820dc30c18d9f2a9cfb5feba8c64906c
B_screen_GOLD_DeReFusion_h1_s2021,B_screen_GOLD_DeReFusion_h1_s2021__attempt-01,P4,c1-20,GOLD,DeReFusion,1,2021,502,502x1x1,502x1x1,0.175066562525,0.0569760646451,0.238696595378,7eec85b3379c2ca69db144e40ab95eb9511e1b15f9d66a0df182b05419bcd409,4bc172331de4fafb46e9b37e1c9280126b5c1e186bfb8937277a15a573508f7d,76e42c67bcf264a2ce36a12e162a5f61f8807bde3954823ed074e23b77f8f4e5,b0e52c2ee049a874bc0534fcc7606edf42c4df13756b45ba7cb04860c5dd9b91
B_screen_GOLD_revin-DLinear_h1_s2021,B_screen_GOLD_revin-DLinear_h1_s2021__attempt-01,P4,c1-20,GOLD,revin-DLinear,1,2021,502,502x1x1,502x1x1,0.191506727758,0.0684153462228,0.261563273842,7eec85b3379c2ca69db144e40ab95eb9511e1b15f9d66a0df182b05419bcd409,4bc172331de4fafb46e9b37e1c9280126b5c1e186bfb8937277a15a573508f7d,76e42c67bcf264a2ce36a12e162a5f61f8807bde3954823ed074e23b77f8f4e5,b0e52c2ee049a874bc0534fcc7606edf42c4df13756b45ba7cb04860c5dd9b91
B_screen_GOLD_revin-PatchTST_h1_s2021,B_screen_GOLD_revin-PatchTST_h1_s2021__attempt-01,P4,c1-20,GOLD,revin-PatchTST,1,2021,502,502x1x1,502x1x1,0.119539837676,0.0272722981291,0.165143265467,7eec85b3379c2ca69db144e40ab95eb9511e1b15f9d66a0df182b05419bcd409,4bc172331de4fafb46e9b37e1c9280126b5c1e186bfb8937277a15a573508f7d,76e42c67bcf264a2ce36a12e162a5f61f8807bde3954823ed074e23b77f8f4e5,b0e52c2ee049a874bc0534fcc7606edf42c4df13756b45ba7cb04860c5dd9b91
B_screen_GOLD_revin-TimesNet_h1_s2021,B_screen_GOLD_revin-TimesNet_h1_s2021__attempt-01,RTX8000,c1-20,GOLD,revin-TimesNet,1,2021,502,502x1x1,502x1x1,0.133498549699,0.0322863738893,0.179684094703,7eec85b3379c2ca69db144e40ab95eb9511e1b15f9d66a0df182b05419bcd409,4bc172331de4fafb46e9b37e1c9280126b5c1e186bfb8937277a15a573508f7d,76e42c67bcf264a2ce36a12e162a5f61f8807bde3954823ed074e23b77f8f4e5,b0e52c2ee049a874bc0534fcc7606edf42c4df13756b45ba7cb04860c5dd9b91
B_screen_GOLD_revin-iTransformer_h1_s2021,B_screen_GOLD_revin-iTransformer_h1_s2021__attempt-01,P4,c1-20,GOLD,revin-iTransformer,1,2021,502,502x1x1,502x1x1,0.139939993264,0.0364496770808,0.190917985221,7eec85b3379c2ca69db144e40ab95eb9511e1b15f9d66a0df182b05419bcd409,4bc172331de4fafb46e9b37e1c9280126b5c1e186bfb8937277a15a573508f7d,76e42c67bcf264a2ce36a12e162a5f61f8807bde3954823ed074e23b77f8f4e5,b0e52c2ee049a874bc0534fcc7606edf42c4df13756b45ba7cb04860c5dd9b91
B_screen_HSI_DeReFusion_h1_s2021,B_screen_HSI_DeReFusion_h1_s2021__attempt-01,P4,c1-20,HSI,DeReFusion,1,2021,491,491x1x1,491x1x1,0.135689930365,0.0355594661384,0.18857217753,7d27763191432c197951097235386de72a940463396ae31fc6c8987cb28ba2ff,06eaa24e99fe626d3baa3e529571710b532d3e677f4108cda03ff4c3339e3b35,2a04256095a96d541142a426d289c5f173946b287ceefbd0ee2887c10cc25cec,0a217ac14d1d6398b4ef284cdaa2053be4080c3388b5a657d9905a51e80589b1
B_screen_HSI_revin-DLinear_h1_s2021,B_screen_HSI_revin-DLinear_h1_s2021__attempt-01,P4,c1-20,HSI,revin-DLinear,1,2021,491,491x1x1,491x1x1,0.13601648954,0.0371857576759,0.19283609018,7d27763191432c197951097235386de72a940463396ae31fc6c8987cb28ba2ff,06eaa24e99fe626d3baa3e529571710b532d3e677f4108cda03ff4c3339e3b35,2a04256095a96d541142a426d289c5f173946b287ceefbd0ee2887c10cc25cec,0a217ac14d1d6398b4ef284cdaa2053be4080c3388b5a657d9905a51e80589b1
B_screen_HSI_revin-PatchTST_h1_s2021,B_screen_HSI_revin-PatchTST_h1_s2021__attempt-01,P4,c1-20,HSI,revin-PatchTST,1,2021,491,491x1x1,491x1x1,0.0831716582456,0.0165113459681,0.128496482318,7d27763191432c197951097235386de72a940463396ae31fc6c8987cb28ba2ff,06eaa24e99fe626d3baa3e529571710b532d3e677f4108cda03ff4c3339e3b35,2a04256095a96d541142a426d289c5f173946b287ceefbd0ee2887c10cc25cec,0a217ac14d1d6398b4ef284cdaa2053be4080c3388b5a657d9905a51e80589b1
B_screen_HSI_revin-TimesNet_h1_s2021,B_screen_HSI_revin-TimesNet_h1_s2021__attempt-01,RTX8000,c1-20,HSI,revin-TimesNet,1,2021,491,491x1x1,491x1x1,0.122928257119,0.0338440908143,0.183967635236,7d27763191432c197951097235386de72a940463396ae31fc6c8987cb28ba2ff,06eaa24e99fe626d3baa3e529571710b532d3e677f4108cda03ff4c3339e3b35,2a04256095a96d541142a426d289c5f173946b287ceefbd0ee2887c10cc25cec,0a217ac14d1d6398b4ef284cdaa2053be4080c3388b5a657d9905a51e80589b1
B_screen_HSI_revin-iTransformer_h1_s2021,B_screen_HSI_revin-iTransformer_h1_s2021__attempt-01,P4,c1-20,HSI,revin-iTransformer,1,2021,491,491x1x1,491x1x1,0.0949644196426,0.0188497983791,0.137294567915,7d27763191432c197951097235386de72a940463396ae31fc6c8987cb28ba2ff,06eaa24e99fe626d3baa3e529571710b532d3e677f4108cda03ff4c3339e3b35,2a04256095a96d541142a426d289c5f173946b287ceefbd0ee2887c10cc25cec,0a217ac14d1d6398b4ef284cdaa2053be4080c3388b5a657d9905a51e80589b1
B_screen_JPM_DeReFusion_h1_s2021,B_screen_JPM_DeReFusion_h1_s2021__attempt-01,P4,c1-20,JPM,DeReFusion,1,2021,502,502x1x1,502x1x1,0.202107372987,0.0690366489743,0.262748261601,2e2637ca3389a5875329769298e1bd5929bd9bf4f7cc835ce26d238693a64906,8dea5e16660007170a4db88c9400027d5efb35884ae1fd154e12f1f67e4b578b,450e3fec5302e7464e1a773e18a4d7f0132b58a926cac014f0e09e2083b1dc5e,84539ca60bc6e92f45e02185da70a674d93086ea3c83e150cde522a931a3a3d0
B_screen_JPM_revin-DLinear_h1_s2021,B_screen_JPM_revin-DLinear_h1_s2021__attempt-01,P4,c1-20,JPM,revin-DLinear,1,2021,502,502x1x1,502x1x1,0.206968486547,0.0757689044599,0.275261520122,2e2637ca3389a5875329769298e1bd5929bd9bf4f7cc835ce26d238693a64906,8dea5e16660007170a4db88c9400027d5efb35884ae1fd154e12f1f67e4b578b,450e3fec5302e7464e1a773e18a4d7f0132b58a926cac014f0e09e2083b1dc5e,84539ca60bc6e92f45e02185da70a674d93086ea3c83e150cde522a931a3a3d0
B_screen_JPM_revin-PatchTST_h1_s2021,B_screen_JPM_revin-PatchTST_h1_s2021__attempt-01,P4,c1-20,JPM,revin-PatchTST,1,2021,502,502x1x1,502x1x1,0.104354627579,0.0217945281531,0.147629699428,2e2637ca3389a5875329769298e1bd5929bd9bf4f7cc835ce26d238693a64906,8dea5e16660007170a4db88c9400027d5efb35884ae1fd154e12f1f67e4b578b,450e3fec5302e7464e1a773e18a4d7f0132b58a926cac014f0e09e2083b1dc5e,84539ca60bc6e92f45e02185da70a674d93086ea3c83e150cde522a931a3a3d0
B_screen_JPM_revin-TimesNet_h1_s2021,B_screen_JPM_revin-TimesNet_h1_s2021__attempt-01,RTX8000,c1-20,JPM,revin-TimesNet,1,2021,502,502x1x1,502x1x1,0.147311868421,0.0385883162911,0.196439090537,2e2637ca3389a5875329769298e1bd5929bd9bf4f7cc835ce26d238693a64906,8dea5e16660007170a4db88c9400027d5efb35884ae1fd154e12f1f67e4b578b,450e3fec5302e7464e1a773e18a4d7f0132b58a926cac014f0e09e2083b1dc5e,84539ca60bc6e92f45e02185da70a674d93086ea3c83e150cde522a931a3a3d0
B_screen_JPM_revin-iTransformer_h1_s2021,B_screen_JPM_revin-iTransformer_h1_s2021__attempt-01,P4,c1-20,JPM,revin-iTransformer,1,2021,502,502x1x1,502x1x1,0.137483984826,0.0342343300771,0.185025214706,2e2637ca3389a5875329769298e1bd5929bd9bf4f7cc835ce26d238693a64906,8dea5e16660007170a4db88c9400027d5efb35884ae1fd154e12f1f67e4b578b,450e3fec5302e7464e1a773e18a4d7f0132b58a926cac014f0e09e2083b1dc5e,84539ca60bc6e92f45e02185da70a674d93086ea3c83e150cde522a931a3a3d0
B_screen_META_DeReFusion_h1_s2021,B_screen_META_DeReFusion_h1_s2021__attempt-01,P4,c1-20,META,DeReFusion,1,2021,502,502x1x1,502x1x1,0.346991463011,0.188234383311,0.433859865983,233e860fa9a8cc0052df509901e407e827382a403c41345a3962e60eab50a880,43991262eba7a02f2a5948d2c5a1306420483be43424803ca683244b93a659cc,fe0effbe8a541895f60e19c664e7f06791408fd46de31db0396f61b2590fa19d,08f0bf4f5198a96a177c9e1a37c1aa4f8cbfa824232cbb93c55f210de35b7f29
B_screen_META_revin-DLinear_h1_s2021,B_screen_META_revin-DLinear_h1_s2021__attempt-01,P4,c1-20,META,revin-DLinear,1,2021,502,502x1x1,502x1x1,0.331493666922,0.179860883651,0.424100086832,233e860fa9a8cc0052df509901e407e827382a403c41345a3962e60eab50a880,43991262eba7a02f2a5948d2c5a1306420483be43424803ca683244b93a659cc,fe0effbe8a541895f60e19c664e7f06791408fd46de31db0396f61b2590fa19d,08f0bf4f5198a96a177c9e1a37c1aa4f8cbfa824232cbb93c55f210de35b7f29
B_screen_META_revin-PatchTST_h1_s2021,B_screen_META_revin-PatchTST_h1_s2021__attempt-01,P4,c1-20,META,revin-PatchTST,1,2021,502,502x1x1,502x1x1,0.220378810666,0.0857919132106,0.29290256607,233e860fa9a8cc0052df509901e407e827382a403c41345a3962e60eab50a880,43991262eba7a02f2a5948d2c5a1306420483be43424803ca683244b93a659cc,fe0effbe8a541895f60e19c664e7f06791408fd46de31db0396f61b2590fa19d,08f0bf4f5198a96a177c9e1a37c1aa4f8cbfa824232cbb93c55f210de35b7f29
B_screen_META_revin-TimesNet_h1_s2021,B_screen_META_revin-TimesNet_h1_s2021__attempt-01,RTX8000,c1-20,META,revin-TimesNet,1,2021,502,502x1x1,502x1x1,0.256473660944,0.11963790066,0.345887121269,233e860fa9a8cc0052df509901e407e827382a403c41345a3962e60eab50a880,43991262eba7a02f2a5948d2c5a1306420483be43424803ca683244b93a659cc,fe0effbe8a541895f60e19c664e7f06791408fd46de31db0396f61b2590fa19d,08f0bf4f5198a96a177c9e1a37c1aa4f8cbfa824232cbb93c55f210de35b7f29
B_screen_META_revin-iTransformer_h1_s2021,B_screen_META_revin-iTransformer_h1_s2021__attempt-01,P4,c1-20,META,revin-iTransformer,1,2021,502,502x1x1,502x1x1,0.223357928227,0.0804952875909,0.283716914531,233e860fa9a8cc0052df509901e407e827382a403c41345a3962e60eab50a880,43991262eba7a02f2a5948d2c5a1306420483be43424803ca683244b93a659cc,fe0effbe8a541895f60e19c664e7f06791408fd46de31db0396f61b2590fa19d,08f0bf4f5198a96a177c9e1a37c1aa4f8cbfa824232cbb93c55f210de35b7f29
B_screen_MSFT_DeReFusion_h1_s2021,B_screen_MSFT_DeReFusion_h1_s2021__attempt-01,P4,c1-20,MSFT,DeReFusion,1,2021,502,502x1x1,502x1x1,0.108146220089,0.0186006396966,0.136384162191,24ab47a31e00127b7258e9e935072051ac2de82af3315a7ec714c469a555f749,7897acecb4fb38d152d771daf80ea414a5cecec464b72555a0b90afa221374cd,48139f47b21a71466a60f7db045a20c85c3a75dcaba7afc20d175646f8b0d931,516eb90db569ddacd4378283748f13a4ef4714ae1baeb485f9bd577c75f9ee02
B_screen_MSFT_revin-DLinear_h1_s2021,B_screen_MSFT_revin-DLinear_h1_s2021__attempt-01,P4,c1-20,MSFT,revin-DLinear,1,2021,502,502x1x1,502x1x1,0.111491348639,0.0202047039629,0.142143251556,24ab47a31e00127b7258e9e935072051ac2de82af3315a7ec714c469a555f749,7897acecb4fb38d152d771daf80ea414a5cecec464b72555a0b90afa221374cd,48139f47b21a71466a60f7db045a20c85c3a75dcaba7afc20d175646f8b0d931,516eb90db569ddacd4378283748f13a4ef4714ae1baeb485f9bd577c75f9ee02
B_screen_MSFT_revin-PatchTST_h1_s2021,B_screen_MSFT_revin-PatchTST_h1_s2021__attempt-01,P4,c1-20,MSFT,revin-PatchTST,1,2021,502,502x1x1,502x1x1,0.0758482578741,0.00948959833131,0.0974145693996,24ab47a31e00127b7258e9e935072051ac2de82af3315a7ec714c469a555f749,7897acecb4fb38d152d771daf80ea414a5cecec464b72555a0b90afa221374cd,48139f47b21a71466a60f7db045a20c85c3a75dcaba7afc20d175646f8b0d931,516eb90db569ddacd4378283748f13a4ef4714ae1baeb485f9bd577c75f9ee02
B_screen_MSFT_revin-TimesNet_h1_s2021,B_screen_MSFT_revin-TimesNet_h1_s2021__attempt-01,RTX8000,c1-20,MSFT,revin-TimesNet,1,2021,502,502x1x1,502x1x1,0.092142670753,0.0149409071251,0.12223300342,24ab47a31e00127b7258e9e935072051ac2de82af3315a7ec714c469a555f749,7897acecb4fb38d152d771daf80ea414a5cecec464b72555a0b90afa221374cd,48139f47b21a71466a60f7db045a20c85c3a75dcaba7afc20d175646f8b0d931,516eb90db569ddacd4378283748f13a4ef4714ae1baeb485f9bd577c75f9ee02
B_screen_MSFT_revin-iTransformer_h1_s2021,B_screen_MSFT_revin-iTransformer_h1_s2021__attempt-01,P4,c1-20,MSFT,revin-iTransformer,1,2021,502,502x1x1,502x1x1,0.0785646015904,0.0105156277675,0.102545735004,24ab47a31e00127b7258e9e935072051ac2de82af3315a7ec714c469a555f749,7897acecb4fb38d152d771daf80ea414a5cecec464b72555a0b90afa221374cd,48139f47b21a71466a60f7db045a20c85c3a75dcaba7afc20d175646f8b0d931,516eb90db569ddacd4378283748f13a4ef4714ae1baeb485f9bd577c75f9ee02
B_screen_N225_DeReFusion_h1_s2021,B_screen_N225_DeReFusion_h1_s2021__attempt-01,P4,c1-20,N225,DeReFusion,1,2021,488,488x1x1,488x1x1,0.189025231561,0.0656077132519,0.256140026649,e51d1aba8b0485960c37bf05fefbc2d96f936cf366be93f24d6b716096f7e1c8,d5f55201de6ac044a29c4458d3b5082145be81d0a5e4e137a868345921ae248f,7250ac1596365ef894b61bb257789e23fe56a386a90e378901ce651fce4924a3,a27d6c71ad7c5daf93f47678ca99e4acd1f470eadf2b9e15448428b24f92464b
B_screen_N225_revin-DLinear_h1_s2021,B_screen_N225_revin-DLinear_h1_s2021__attempt-01,P4,c1-20,N225,revin-DLinear,1,2021,488,488x1x1,488x1x1,0.191943041614,0.070810817387,0.266103020252,e51d1aba8b0485960c37bf05fefbc2d96f936cf366be93f24d6b716096f7e1c8,d5f55201de6ac044a29c4458d3b5082145be81d0a5e4e137a868345921ae248f,7250ac1596365ef894b61bb257789e23fe56a386a90e378901ce651fce4924a3,a27d6c71ad7c5daf93f47678ca99e4acd1f470eadf2b9e15448428b24f92464b
B_screen_N225_revin-PatchTST_h1_s2021,B_screen_N225_revin-PatchTST_h1_s2021__attempt-01,P4,c1-20,N225,revin-PatchTST,1,2021,488,488x1x1,488x1x1,0.114172326737,0.0265928437692,0.163073123994,e51d1aba8b0485960c37bf05fefbc2d96f936cf366be93f24d6b716096f7e1c8,d5f55201de6ac044a29c4458d3b5082145be81d0a5e4e137a868345921ae248f,7250ac1596365ef894b61bb257789e23fe56a386a90e378901ce651fce4924a3,a27d6c71ad7c5daf93f47678ca99e4acd1f470eadf2b9e15448428b24f92464b
B_screen_N225_revin-TimesNet_h1_s2021,B_screen_N225_revin-TimesNet_h1_s2021__attempt-01,RTX8000,c1-20,N225,revin-TimesNet,1,2021,488,488x1x1,488x1x1,0.145604915306,0.0466195946463,0.215915711902,e51d1aba8b0485960c37bf05fefbc2d96f936cf366be93f24d6b716096f7e1c8,d5f55201de6ac044a29c4458d3b5082145be81d0a5e4e137a868345921ae248f,7250ac1596365ef894b61bb257789e23fe56a386a90e378901ce651fce4924a3,a27d6c71ad7c5daf93f47678ca99e4acd1f470eadf2b9e15448428b24f92464b
B_screen_N225_revin-iTransformer_h1_s2021,B_screen_N225_revin-iTransformer_h1_s2021__attempt-01,P4,c1-20,N225,revin-iTransformer,1,2021,488,488x1x1,488x1x1,0.147088760724,0.0402290878234,0.200571901879,e51d1aba8b0485960c37bf05fefbc2d96f936cf366be93f24d6b716096f7e1c8,d5f55201de6ac044a29c4458d3b5082145be81d0a5e4e137a868345921ae248f,7250ac1596365ef894b61bb257789e23fe56a386a90e378901ce651fce4924a3,a27d6c71ad7c5daf93f47678ca99e4acd1f470eadf2b9e15448428b24f92464b
B_screen_RUT_DeReFusion_h1_s2021,B_screen_RUT_DeReFusion_h1_s2021__attempt-01,P4,c1-20,RUT,DeReFusion,1,2021,502,502x1x1,502x1x1,0.118577730371,0.0253140355152,0.159103851353,170c35b1094c28effc04d7694399b60799596f9aabd86b540a4381114b9c99a6,5a7f9aa9121d657187f89e7857d64d3ed1539be912fe0eeb00934a12decdf5d3,27f21f002ef041815e4a1db4acb8c6a0b2492832b43dfd2e79e0ad016bf1f718,10eb12b662914a9e78642643873f4a7b30d381140ac1c70de7b48a3952c094d8
B_screen_RUT_revin-DLinear_h1_s2021,B_screen_RUT_revin-DLinear_h1_s2021__attempt-01,P4,c1-20,RUT,revin-DLinear,1,2021,502,502x1x1,502x1x1,0.123271112542,0.0254745033775,0.159607341239,170c35b1094c28effc04d7694399b60799596f9aabd86b540a4381114b9c99a6,5a7f9aa9121d657187f89e7857d64d3ed1539be912fe0eeb00934a12decdf5d3,27f21f002ef041815e4a1db4acb8c6a0b2492832b43dfd2e79e0ad016bf1f718,10eb12b662914a9e78642643873f4a7b30d381140ac1c70de7b48a3952c094d8
B_screen_RUT_revin-PatchTST_h1_s2021,B_screen_RUT_revin-PatchTST_h1_s2021__attempt-01,P4,c1-20,RUT,revin-PatchTST,1,2021,502,502x1x1,502x1x1,0.0737953746461,0.0100132316319,0.10006613629,170c35b1094c28effc04d7694399b60799596f9aabd86b540a4381114b9c99a6,5a7f9aa9121d657187f89e7857d64d3ed1539be912fe0eeb00934a12decdf5d3,27f21f002ef041815e4a1db4acb8c6a0b2492832b43dfd2e79e0ad016bf1f718,10eb12b662914a9e78642643873f4a7b30d381140ac1c70de7b48a3952c094d8
B_screen_RUT_revin-TimesNet_h1_s2021,B_screen_RUT_revin-TimesNet_h1_s2021__attempt-01,RTX8000,c1-20,RUT,revin-TimesNet,1,2021,502,502x1x1,502x1x1,0.107858633496,0.0235279289201,0.153388164211,170c35b1094c28effc04d7694399b60799596f9aabd86b540a4381114b9c99a6,5a7f9aa9121d657187f89e7857d64d3ed1539be912fe0eeb00934a12decdf5d3,27f21f002ef041815e4a1db4acb8c6a0b2492832b43dfd2e79e0ad016bf1f718,10eb12b662914a9e78642643873f4a7b30d381140ac1c70de7b48a3952c094d8
B_screen_RUT_revin-iTransformer_h1_s2021,B_screen_RUT_revin-iTransformer_h1_s2021__attempt-01,P4,c1-20,RUT,revin-iTransformer,1,2021,502,502x1x1,502x1x1,0.0878625209351,0.0136320288444,0.116756279679,170c35b1094c28effc04d7694399b60799596f9aabd86b540a4381114b9c99a6,5a7f9aa9121d657187f89e7857d64d3ed1539be912fe0eeb00934a12decdf5d3,27f21f002ef041815e4a1db4acb8c6a0b2492832b43dfd2e79e0ad016bf1f718,10eb12b662914a9e78642643873f4a7b30d381140ac1c70de7b48a3952c094d8
B_screen_TLT_DeReFusion_h1_s2021,B_screen_TLT_DeReFusion_h1_s2021__attempt-01,P4,c1-20,TLT,DeReFusion,1,2021,502,502x1x1,502x1x1,0.0759573182262,0.00913443891223,0.0955742586277,c608c38555c941c07d9a8de7f1c6dd16de4088338cde6f826876064261ac36ae,d7b67c9eb9229543acbb037b4d3484ca8f84e476d4e39d91b766475f17633c74,4da4b28f0adc0b50a763a4eba39f6e1f0893df85b9f3bac2769576cfb7671da1,2c17079a795e5e4a3f6248906d2ebc22a94e19e4474fc885097f2799a5b2e162
B_screen_TLT_revin-DLinear_h1_s2021,B_screen_TLT_revin-DLinear_h1_s2021__attempt-01,P4,c1-20,TLT,revin-DLinear,1,2021,502,502x1x1,502x1x1,0.0811129955656,0.0104052544433,0.102006149047,c608c38555c941c07d9a8de7f1c6dd16de4088338cde6f826876064261ac36ae,d7b67c9eb9229543acbb037b4d3484ca8f84e476d4e39d91b766475f17633c74,4da4b28f0adc0b50a763a4eba39f6e1f0893df85b9f3bac2769576cfb7671da1,2c17079a795e5e4a3f6248906d2ebc22a94e19e4474fc885097f2799a5b2e162
B_screen_TLT_revin-PatchTST_h1_s2021,B_screen_TLT_revin-PatchTST_h1_s2021__attempt-01,P4,c1-20,TLT,revin-PatchTST,1,2021,502,502x1x1,502x1x1,0.0477803430234,0.00364256817052,0.0603536922692,c608c38555c941c07d9a8de7f1c6dd16de4088338cde6f826876064261ac36ae,d7b67c9eb9229543acbb037b4d3484ca8f84e476d4e39d91b766475f17633c74,4da4b28f0adc0b50a763a4eba39f6e1f0893df85b9f3bac2769576cfb7671da1,2c17079a795e5e4a3f6248906d2ebc22a94e19e4474fc885097f2799a5b2e162
B_screen_TLT_revin-TimesNet_h1_s2021,B_screen_TLT_revin-TimesNet_h1_s2021__attempt-01,RTX8000,c1-20,TLT,revin-TimesNet,1,2021,502,502x1x1,502x1x1,0.0659803719635,0.00703067663209,0.0838491301809,c608c38555c941c07d9a8de7f1c6dd16de4088338cde6f826876064261ac36ae,d7b67c9eb9229543acbb037b4d3484ca8f84e476d4e39d91b766475f17633c74,4da4b28f0adc0b50a763a4eba39f6e1f0893df85b9f3bac2769576cfb7671da1,2c17079a795e5e4a3f6248906d2ebc22a94e19e4474fc885097f2799a5b2e162
B_screen_TLT_revin-iTransformer_h1_s2021,B_screen_TLT_revin-iTransformer_h1_s2021__attempt-01,P4,c1-20,TLT,revin-iTransformer,1,2021,502,502x1x1,502x1x1,0.0546718769339,0.00479322932785,0.0692331519422,c608c38555c941c07d9a8de7f1c6dd16de4088338cde6f826876064261ac36ae,d7b67c9eb9229543acbb037b4d3484ca8f84e476d4e39d91b766475f17633c74,4da4b28f0adc0b50a763a4eba39f6e1f0893df85b9f3bac2769576cfb7671da1,2c17079a795e5e4a3f6248906d2ebc22a94e19e4474fc885097f2799a5b2e162
B_screen_TSLA_DeReFusion_h1_s2021,B_screen_TSLA_DeReFusion_h1_s2021__attempt-01,P4,c1-20,TSLA,DeReFusion,1,2021,502,502x1x1,502x1x1,0.154107898474,0.0405349233819,0.201332867118,c4464b5f5b9dd3630b501d60d2b9798e61697d1b3eacebf204f3a372b32e4dcd,142fabe91a8c527acd0734b81f0504a4f09021a2f714e3d2138b4525ec27a326,4993de1e6a0997785a6c40f5397374dcbe9254b5f5bd3f0633edf92c951e5b9d,a324d1fa022bd9d8d1cccef4e3f74272942363a5825b3308c9cb9c6091646dae
B_screen_TSLA_revin-DLinear_h1_s2021,B_screen_TSLA_revin-DLinear_h1_s2021__attempt-01,P4,c1-20,TSLA,revin-DLinear,1,2021,502,502x1x1,502x1x1,0.158114343169,0.0432864130783,0.208053870616,c4464b5f5b9dd3630b501d60d2b9798e61697d1b3eacebf204f3a372b32e4dcd,142fabe91a8c527acd0734b81f0504a4f09021a2f714e3d2138b4525ec27a326,4993de1e6a0997785a6c40f5397374dcbe9254b5f5bd3f0633edf92c951e5b9d,a324d1fa022bd9d8d1cccef4e3f74272942363a5825b3308c9cb9c6091646dae
B_screen_TSLA_revin-PatchTST_h1_s2021,B_screen_TSLA_revin-PatchTST_h1_s2021__attempt-01,P4,c1-20,TSLA,revin-PatchTST,1,2021,502,502x1x1,502x1x1,0.0941328393867,0.0161196403822,0.126963145764,c4464b5f5b9dd3630b501d60d2b9798e61697d1b3eacebf204f3a372b32e4dcd,142fabe91a8c527acd0734b81f0504a4f09021a2f714e3d2138b4525ec27a326,4993de1e6a0997785a6c40f5397374dcbe9254b5f5bd3f0633edf92c951e5b9d,a324d1fa022bd9d8d1cccef4e3f74272942363a5825b3308c9cb9c6091646dae
B_screen_TSLA_revin-TimesNet_h1_s2021,B_screen_TSLA_revin-TimesNet_h1_s2021__attempt-01,RTX8000,c1-20,TSLA,revin-TimesNet,1,2021,502,502x1x1,502x1x1,0.139044763557,0.036095866225,0.189989121333,c4464b5f5b9dd3630b501d60d2b9798e61697d1b3eacebf204f3a372b32e4dcd,142fabe91a8c527acd0734b81f0504a4f09021a2f714e3d2138b4525ec27a326,4993de1e6a0997785a6c40f5397374dcbe9254b5f5bd3f0633edf92c951e5b9d,a324d1fa022bd9d8d1cccef4e3f74272942363a5825b3308c9cb9c6091646dae
B_screen_TSLA_revin-iTransformer_h1_s2021,B_screen_TSLA_revin-iTransformer_h1_s2021__attempt-01,P4,c1-20,TSLA,revin-iTransformer,1,2021,502,502x1x1,502x1x1,0.11680389448,0.0232782621017,0.152572153756,c4464b5f5b9dd3630b501d60d2b9798e61697d1b3eacebf204f3a372b32e4dcd,142fabe91a8c527acd0734b81f0504a4f09021a2f714e3d2138b4525ec27a326,4993de1e6a0997785a6c40f5397374dcbe9254b5f5bd3f0633edf92c951e5b9d,a324d1fa022bd9d8d1cccef4e3f74272942363a5825b3308c9cb9c6091646dae
B_screen_USDCAD_DeReFusion_h1_s2021,B_screen_USDCAD_DeReFusion_h1_s2021__attempt-01,P4,c1-20,USDCAD,DeReFusion,1,2021,520,520x1x1,520x1x1,0.147288789715,0.0371039470709,0.192623848655,0a81b3cf51249f9b9cbbe1b1bd4d6604b502362deef39a3603082412acfeb277,c842013f54e1ff660d3225c9411eedba9e806b36ab14ea587315bb10192d37f4,4f346a1849e213ec83446c6d7cdcd450e4e13f15532ce9787cb26a05e09727ee,b74d6f3312aa7dfdffb100eea199bee088c2203c78556abc44056f6c5d5b1217
B_screen_USDCAD_revin-DLinear_h1_s2021,B_screen_USDCAD_revin-DLinear_h1_s2021__attempt-01,P4,c1-20,USDCAD,revin-DLinear,1,2021,520,520x1x1,520x1x1,0.150038799242,0.0381366956159,0.195286189004,0a81b3cf51249f9b9cbbe1b1bd4d6604b502362deef39a3603082412acfeb277,c842013f54e1ff660d3225c9411eedba9e806b36ab14ea587315bb10192d37f4,4f346a1849e213ec83446c6d7cdcd450e4e13f15532ce9787cb26a05e09727ee,b74d6f3312aa7dfdffb100eea199bee088c2203c78556abc44056f6c5d5b1217
B_screen_USDCAD_revin-PatchTST_h1_s2021,B_screen_USDCAD_revin-PatchTST_h1_s2021__attempt-01,P4,c1-20,USDCAD,revin-PatchTST,1,2021,520,520x1x1,520x1x1,0.109416737178,0.0206365784006,0.143654371324,0a81b3cf51249f9b9cbbe1b1bd4d6604b502362deef39a3603082412acfeb277,c842013f54e1ff660d3225c9411eedba9e806b36ab14ea587315bb10192d37f4,4f346a1849e213ec83446c6d7cdcd450e4e13f15532ce9787cb26a05e09727ee,b74d6f3312aa7dfdffb100eea199bee088c2203c78556abc44056f6c5d5b1217
B_screen_USDCAD_revin-TimesNet_h1_s2021,B_screen_USDCAD_revin-TimesNet_h1_s2021__attempt-01,RTX8000,c1-20,USDCAD,revin-TimesNet,1,2021,520,520x1x1,520x1x1,0.0944772422887,0.0157867436693,0.125645308982,0a81b3cf51249f9b9cbbe1b1bd4d6604b502362deef39a3603082412acfeb277,c842013f54e1ff660d3225c9411eedba9e806b36ab14ea587315bb10192d37f4,4f346a1849e213ec83446c6d7cdcd450e4e13f15532ce9787cb26a05e09727ee,b74d6f3312aa7dfdffb100eea199bee088c2203c78556abc44056f6c5d5b1217
B_screen_USDCAD_revin-iTransformer_h1_s2021,B_screen_USDCAD_revin-iTransformer_h1_s2021__attempt-01,P4,c1-20,USDCAD,revin-iTransformer,1,2021,520,520x1x1,520x1x1,0.105733939146,0.0193672095029,0.139166121965,0a81b3cf51249f9b9cbbe1b1bd4d6604b502362deef39a3603082412acfeb277,c842013f54e1ff660d3225c9411eedba9e806b36ab14ea587315bb10192d37f4,4f346a1849e213ec83446c6d7cdcd450e4e13f15532ce9787cb26a05e09727ee,b74d6f3312aa7dfdffb100eea199bee088c2203c78556abc44056f6c5d5b1217
B_screen_WMT_DeReFusion_h1_s2021,B_screen_WMT_DeReFusion_h1_s2021__attempt-01,P4,c1-20,WMT,DeReFusion,1,2021,502,502x1x1,502x1x1,0.178389399413,0.0588072509176,0.242502063739,a640cdd838ce2b4cb8c169374d84c1d4630a913ae3b83da2fb6707b0c54f1d82,11c7fd26d44880a177dc655890f5f0bdfd59b0b2a96a977efb82efa49a81f706,927d268a64b42742e6ae0b29c60a178beadf98506c0e6e1bc778c2e08f885481,492e2a4ce4abf98b676bfaf9ce2ea40f035c465c5ac01de7ba4566cb78bce474
B_screen_WMT_revin-DLinear_h1_s2021,B_screen_WMT_revin-DLinear_h1_s2021__attempt-01,P4,c1-20,WMT,revin-DLinear,1,2021,502,502x1x1,502x1x1,0.207129931307,0.076645944084,0.276850038981,a640cdd838ce2b4cb8c169374d84c1d4630a913ae3b83da2fb6707b0c54f1d82,11c7fd26d44880a177dc655890f5f0bdfd59b0b2a96a977efb82efa49a81f706,927d268a64b42742e6ae0b29c60a178beadf98506c0e6e1bc778c2e08f885481,492e2a4ce4abf98b676bfaf9ce2ea40f035c465c5ac01de7ba4566cb78bce474
B_screen_WMT_revin-PatchTST_h1_s2021,B_screen_WMT_revin-PatchTST_h1_s2021__attempt-01,P4,c1-20,WMT,revin-PatchTST,1,2021,502,502x1x1,502x1x1,0.113530228812,0.023265566755,0.152530543679,a640cdd838ce2b4cb8c169374d84c1d4630a913ae3b83da2fb6707b0c54f1d82,11c7fd26d44880a177dc655890f5f0bdfd59b0b2a96a977efb82efa49a81f706,927d268a64b42742e6ae0b29c60a178beadf98506c0e6e1bc778c2e08f885481,492e2a4ce4abf98b676bfaf9ce2ea40f035c465c5ac01de7ba4566cb78bce474
B_screen_WMT_revin-TimesNet_h1_s2021,B_screen_WMT_revin-TimesNet_h1_s2021__attempt-01,RTX8000,c1-20,WMT,revin-TimesNet,1,2021,502,502x1x1,502x1x1,0.157519060065,0.0457527074247,0.213898825206,a640cdd838ce2b4cb8c169374d84c1d4630a913ae3b83da2fb6707b0c54f1d82,11c7fd26d44880a177dc655890f5f0bdfd59b0b2a96a977efb82efa49a81f706,927d268a64b42742e6ae0b29c60a178beadf98506c0e6e1bc778c2e08f885481,492e2a4ce4abf98b676bfaf9ce2ea40f035c465c5ac01de7ba4566cb78bce474
B_screen_WMT_revin-iTransformer_h1_s2021,B_screen_WMT_revin-iTransformer_h1_s2021__attempt-01,P4,c1-20,WMT,revin-iTransformer,1,2021,502,502x1x1,502x1x1,0.124857546086,0.0304203082785,0.174414186001,a640cdd838ce2b4cb8c169374d84c1d4630a913ae3b83da2fb6707b0c54f1d82,11c7fd26d44880a177dc655890f5f0bdfd59b0b2a96a977efb82efa49a81f706,927d268a64b42742e6ae0b29c60a178beadf98506c0e6e1bc778c2e08f885481,492e2a4ce4abf98b676bfaf9ce2ea40f035c465c5ac01de7ba4566cb78bce474
B_screen_WTI_DeReFusion_h1_s2021,B_screen_WTI_DeReFusion_h1_s2021__attempt-01,P4,c1-20,WTI,DeReFusion,1,2021,502,502x1x1,502x1x1,0.106956825934,0.0183073019024,0.135304478501,e60b4f81afe2cb8b963e3b1d1cf058ca6a3786f35138ab132ed1ef4886766130,c908cf50457fd49c6188b90b84671ba15ed1e70f3f6881494314e56c1121c0fd,0b7361bb11333d1f6fb889429d8e4869789f260eb6d5c457c1ecec6b936527f1,2a94ed64edaa87883c33dafd53586744c8787a13b22017022328cb7305eeb08c
B_screen_WTI_revin-DLinear_h1_s2021,B_screen_WTI_revin-DLinear_h1_s2021__attempt-01,P4,c1-20,WTI,revin-DLinear,1,2021,502,502x1x1,502x1x1,0.0973947266137,0.0157992993724,0.125695263922,e60b4f81afe2cb8b963e3b1d1cf058ca6a3786f35138ab132ed1ef4886766130,c908cf50457fd49c6188b90b84671ba15ed1e70f3f6881494314e56c1121c0fd,0b7361bb11333d1f6fb889429d8e4869789f260eb6d5c457c1ecec6b936527f1,2a94ed64edaa87883c33dafd53586744c8787a13b22017022328cb7305eeb08c
B_screen_WTI_revin-PatchTST_h1_s2021,B_screen_WTI_revin-PatchTST_h1_s2021__attempt-01,P4,c1-20,WTI,revin-PatchTST,1,2021,502,502x1x1,502x1x1,0.0618321791816,0.00651043799361,0.0806872852041,e60b4f81afe2cb8b963e3b1d1cf058ca6a3786f35138ab132ed1ef4886766130,c908cf50457fd49c6188b90b84671ba15ed1e70f3f6881494314e56c1121c0fd,0b7361bb11333d1f6fb889429d8e4869789f260eb6d5c457c1ecec6b936527f1,2a94ed64edaa87883c33dafd53586744c8787a13b22017022328cb7305eeb08c
B_screen_WTI_revin-TimesNet_h1_s2021,B_screen_WTI_revin-TimesNet_h1_s2021__attempt-01,RTX8000,c1-20,WTI,revin-TimesNet,1,2021,502,502x1x1,502x1x1,0.0890026659562,0.0136851792437,0.116983670842,e60b4f81afe2cb8b963e3b1d1cf058ca6a3786f35138ab132ed1ef4886766130,c908cf50457fd49c6188b90b84671ba15ed1e70f3f6881494314e56c1121c0fd,0b7361bb11333d1f6fb889429d8e4869789f260eb6d5c457c1ecec6b936527f1,2a94ed64edaa87883c33dafd53586744c8787a13b22017022328cb7305eeb08c
B_screen_WTI_revin-iTransformer_h1_s2021,B_screen_WTI_revin-iTransformer_h1_s2021__attempt-01,P4,c1-20,WTI,revin-iTransformer,1,2021,502,502x1x1,502x1x1,0.0758128412955,0.0100255665375,0.100127751086,e60b4f81afe2cb8b963e3b1d1cf058ca6a3786f35138ab132ed1ef4886766130,c908cf50457fd49c6188b90b84671ba15ed1e70f3f6881494314e56c1121c0fd,0b7361bb11333d1f6fb889429d8e4869789f260eb6d5c457c1ecec6b936527f1,2a94ed64edaa87883c33dafd53586744c8787a13b22017022328cb7305eeb08c
B_screen_XOM_DeReFusion_h1_s2021,B_screen_XOM_DeReFusion_h1_s2021__attempt-01,P4,c1-20,XOM,DeReFusion,1,2021,502,502x1x1,502x1x1,0.140391284489,0.0326685547096,0.180744445861,4419eabf590360caf522864837c4a84a751618d9abcb5c1292e22af4d7cc9ad7,d7f5f1af22141b9e581706755a0be817ef5bdfc0979b6507f53ef45e52e7d5dd,74ecd45a77d1edb9692cadc61b853a381de1b028f50a290df4057f37f9b9c928,607539f87c857d34bfb51e24999bd0b752a3b817b9ff246010bd694cc30cd04d
B_screen_XOM_revin-DLinear_h1_s2021,B_screen_XOM_revin-DLinear_h1_s2021__attempt-01,P4,c1-20,XOM,revin-DLinear,1,2021,502,502x1x1,502x1x1,0.130336689284,0.0278243579124,0.166806348537,4419eabf590360caf522864837c4a84a751618d9abcb5c1292e22af4d7cc9ad7,d7f5f1af22141b9e581706755a0be817ef5bdfc0979b6507f53ef45e52e7d5dd,74ecd45a77d1edb9692cadc61b853a381de1b028f50a290df4057f37f9b9c928,607539f87c857d34bfb51e24999bd0b752a3b817b9ff246010bd694cc30cd04d
B_screen_XOM_revin-PatchTST_h1_s2021,B_screen_XOM_revin-PatchTST_h1_s2021__attempt-01,P4,c1-20,XOM,revin-PatchTST,1,2021,502,502x1x1,502x1x1,0.0808904501071,0.0113711123874,0.106635418072,4419eabf590360caf522864837c4a84a751618d9abcb5c1292e22af4d7cc9ad7,d7f5f1af22141b9e581706755a0be817ef5bdfc0979b6507f53ef45e52e7d5dd,74ecd45a77d1edb9692cadc61b853a381de1b028f50a290df4057f37f9b9c928,607539f87c857d34bfb51e24999bd0b752a3b817b9ff246010bd694cc30cd04d
B_screen_XOM_revin-TimesNet_h1_s2021,B_screen_XOM_revin-TimesNet_h1_s2021__attempt-01,RTX8000,c1-20,XOM,revin-TimesNet,1,2021,502,502x1x1,502x1x1,0.125102227428,0.0250827102574,0.158375219834,4419eabf590360caf522864837c4a84a751618d9abcb5c1292e22af4d7cc9ad7,d7f5f1af22141b9e581706755a0be817ef5bdfc0979b6507f53ef45e52e7d5dd,74ecd45a77d1edb9692cadc61b853a381de1b028f50a290df4057f37f9b9c928,607539f87c857d34bfb51e24999bd0b752a3b817b9ff246010bd694cc30cd04d
B_screen_XOM_revin-iTransformer_h1_s2021,B_screen_XOM_revin-iTransformer_h1_s2021__attempt-01,P4,c1-20,XOM,revin-iTransformer,1,2021,502,502x1x1,502x1x1,0.112936136495,0.0206050496898,0.143544591294,4419eabf590360caf522864837c4a84a751618d9abcb5c1292e22af4d7cc9ad7,d7f5f1af22141b9e581706755a0be817ef5bdfc0979b6507f53ef45e52e7d5dd,74ecd45a77d1edb9692cadc61b853a381de1b028f50a290df4057f37f9b9c928,607539f87c857d34bfb51e24999bd0b752a3b817b9ff246010bd694cc30cd04d
B_screen_AAPL_DeReFusion_h24_s2021,B_screen_AAPL_DeReFusion_h24_s2021__attempt-01,P4,c1-20,AAPL,DeReFusion,24,2021,11496,479x24x1,479x24x1,0.235947763808,0.0937549960964,0.30619437633,3e32645526656fb8e055be1f7531c59ea77fa752680779cb82fb06910413cdb9,3b60605d2537bf983f5063d7447ed9d8698ee548185f47bf64ddfe8d11154070,2d0ec4a90463b9a6bae915a3038d871c061b3d18d813d6572d50d75f4b185916,6bc389bf0909378010b3695767cd75f35fe01bf5053a70099b6dc9016bca99a7
B_screen_AAPL_revin-DLinear_h24_s2021,B_screen_AAPL_revin-DLinear_h24_s2021__attempt-01,P4,c1-20,AAPL,revin-DLinear,24,2021,11496,479x24x1,479x24x1,0.226708297918,0.0850013201202,0.291549858721,3e32645526656fb8e055be1f7531c59ea77fa752680779cb82fb06910413cdb9,3b60605d2537bf983f5063d7447ed9d8698ee548185f47bf64ddfe8d11154070,2d0ec4a90463b9a6bae915a3038d871c061b3d18d813d6572d50d75f4b185916,6bc389bf0909378010b3695767cd75f35fe01bf5053a70099b6dc9016bca99a7
B_screen_AAPL_revin-PatchTST_h24_s2021,B_screen_AAPL_revin-PatchTST_h24_s2021__attempt-01,P4,c1-20,AAPL,revin-PatchTST,24,2021,11496,479x24x1,479x24x1,0.214848125715,0.0787014149844,0.280537724708,3e32645526656fb8e055be1f7531c59ea77fa752680779cb82fb06910413cdb9,3b60605d2537bf983f5063d7447ed9d8698ee548185f47bf64ddfe8d11154070,2d0ec4a90463b9a6bae915a3038d871c061b3d18d813d6572d50d75f4b185916,6bc389bf0909378010b3695767cd75f35fe01bf5053a70099b6dc9016bca99a7
B_screen_AAPL_revin-TimesNet_h24_s2021,B_screen_AAPL_revin-TimesNet_h24_s2021__attempt-01,P4,c1-20,AAPL,revin-TimesNet,24,2021,11496,479x24x1,479x24x1,0.245032314053,0.103586402049,0.321848414706,3e32645526656fb8e055be1f7531c59ea77fa752680779cb82fb06910413cdb9,3b60605d2537bf983f5063d7447ed9d8698ee548185f47bf64ddfe8d11154070,2d0ec4a90463b9a6bae915a3038d871c061b3d18d813d6572d50d75f4b185916,6bc389bf0909378010b3695767cd75f35fe01bf5053a70099b6dc9016bca99a7
B_screen_AAPL_revin-iTransformer_h24_s2021,B_screen_AAPL_revin-iTransformer_h24_s2021__attempt-01,P4,c1-20,AAPL,revin-iTransformer,24,2021,11496,479x24x1,479x24x1,0.225740577676,0.0839382536848,0.289720992827,3e32645526656fb8e055be1f7531c59ea77fa752680779cb82fb06910413cdb9,3b60605d2537bf983f5063d7447ed9d8698ee548185f47bf64ddfe8d11154070,2d0ec4a90463b9a6bae915a3038d871c061b3d18d813d6572d50d75f4b185916,6bc389bf0909378010b3695767cd75f35fe01bf5053a70099b6dc9016bca99a7
B_screen_AMZN_DeReFusion_h24_s2021,B_screen_AMZN_DeReFusion_h24_s2021__attempt-01,P4,c1-20,AMZN,DeReFusion,24,2021,11496,479x24x1,479x24x1,0.221550018705,0.0848482004382,0.291287144306,80515aac76fe38232db108a72cc1e178793c5747781178cc18261e0fb3a95d43,34455312abb45725ea25d01625df31e473c955653ee1090c87e7d6a6ecab8e12,28f348100dc6d056b7bd70aa472ff29923d3776b3eaf9a1385254e08b01e6771,ec79db661de3e78f93162352903159cdba352ae5350d07025600c94593ea1bd1
B_screen_AMZN_revin-DLinear_h24_s2021,B_screen_AMZN_revin-DLinear_h24_s2021__attempt-01,P4,c1-20,AMZN,revin-DLinear,24,2021,11496,479x24x1,479x24x1,0.226720862189,0.0866509012332,0.294365251402,80515aac76fe38232db108a72cc1e178793c5747781178cc18261e0fb3a95d43,34455312abb45725ea25d01625df31e473c955653ee1090c87e7d6a6ecab8e12,28f348100dc6d056b7bd70aa472ff29923d3776b3eaf9a1385254e08b01e6771,ec79db661de3e78f93162352903159cdba352ae5350d07025600c94593ea1bd1
B_screen_AMZN_revin-PatchTST_h24_s2021,B_screen_AMZN_revin-PatchTST_h24_s2021__attempt-01,P4,c1-20,AMZN,revin-PatchTST,24,2021,11496,479x24x1,479x24x1,0.202361179476,0.0724941483382,0.269247373874,80515aac76fe38232db108a72cc1e178793c5747781178cc18261e0fb3a95d43,34455312abb45725ea25d01625df31e473c955653ee1090c87e7d6a6ecab8e12,28f348100dc6d056b7bd70aa472ff29923d3776b3eaf9a1385254e08b01e6771,ec79db661de3e78f93162352903159cdba352ae5350d07025600c94593ea1bd1
B_screen_AMZN_revin-TimesNet_h24_s2021,B_screen_AMZN_revin-TimesNet_h24_s2021__attempt-01,P4,c1-20,AMZN,revin-TimesNet,24,2021,11496,479x24x1,479x24x1,0.221077427465,0.091960133119,0.303249292034,80515aac76fe38232db108a72cc1e178793c5747781178cc18261e0fb3a95d43,34455312abb45725ea25d01625df31e473c955653ee1090c87e7d6a6ecab8e12,28f348100dc6d056b7bd70aa472ff29923d3776b3eaf9a1385254e08b01e6771,ec79db661de3e78f93162352903159cdba352ae5350d07025600c94593ea1bd1
B_screen_AMZN_revin-iTransformer_h24_s2021,B_screen_AMZN_revin-iTransformer_h24_s2021__attempt-01,P4,c1-20,AMZN,revin-iTransformer,24,2021,11496,479x24x1,479x24x1,0.213768190593,0.0766001380392,0.27676729944,80515aac76fe38232db108a72cc1e178793c5747781178cc18261e0fb3a95d43,34455312abb45725ea25d01625df31e473c955653ee1090c87e7d6a6ecab8e12,28f348100dc6d056b7bd70aa472ff29923d3776b3eaf9a1385254e08b01e6771,ec79db661de3e78f93162352903159cdba352ae5350d07025600c94593ea1bd1
B_screen_AUDUSD_DeReFusion_h24_s2021,B_screen_AUDUSD_DeReFusion_h24_s2021__attempt-01,P4,c1-20,AUDUSD,DeReFusion,24,2021,11928,497x24x1,497x24x1,0.224374477227,0.0825533674481,0.287321018111,256f02be8a29553a3b4e70be0dde4f8722850344c843f3163a30808580f2f97f,c3c695c27683281aa78120880d9f788cb177639289eb2c159a9d73668330d8f8,cd12448f0624128676d89c3bc7c0d6a12fc34a8b37309e689834804fa15d2a9a,040c8d2e619c141bc7ce0ed64a9abe0ddee5ee63d95d6d137af65c5ab48a6354
B_screen_AUDUSD_revin-DLinear_h24_s2021,B_screen_AUDUSD_revin-DLinear_h24_s2021__attempt-01,P4,c1-20,AUDUSD,revin-DLinear,24,2021,11928,497x24x1,497x24x1,0.230252665613,0.0832665987464,0.288559523749,256f02be8a29553a3b4e70be0dde4f8722850344c843f3163a30808580f2f97f,c3c695c27683281aa78120880d9f788cb177639289eb2c159a9d73668330d8f8,cd12448f0624128676d89c3bc7c0d6a12fc34a8b37309e689834804fa15d2a9a,040c8d2e619c141bc7ce0ed64a9abe0ddee5ee63d95d6d137af65c5ab48a6354
B_screen_AUDUSD_revin-PatchTST_h24_s2021,B_screen_AUDUSD_revin-PatchTST_h24_s2021__attempt-01,P4,c1-20,AUDUSD,revin-PatchTST,24,2021,11928,497x24x1,497x24x1,0.214774266145,0.0769122171375,0.277330519665,256f02be8a29553a3b4e70be0dde4f8722850344c843f3163a30808580f2f97f,c3c695c27683281aa78120880d9f788cb177639289eb2c159a9d73668330d8f8,cd12448f0624128676d89c3bc7c0d6a12fc34a8b37309e689834804fa15d2a9a,040c8d2e619c141bc7ce0ed64a9abe0ddee5ee63d95d6d137af65c5ab48a6354
B_screen_AUDUSD_revin-TimesNet_h24_s2021,B_screen_AUDUSD_revin-TimesNet_h24_s2021__attempt-01,RTX8000,c1-20,AUDUSD,revin-TimesNet,24,2021,11928,497x24x1,497x24x1,0.241883424156,0.0944026107325,0.307250078491,256f02be8a29553a3b4e70be0dde4f8722850344c843f3163a30808580f2f97f,c3c695c27683281aa78120880d9f788cb177639289eb2c159a9d73668330d8f8,cd12448f0624128676d89c3bc7c0d6a12fc34a8b37309e689834804fa15d2a9a,040c8d2e619c141bc7ce0ed64a9abe0ddee5ee63d95d6d137af65c5ab48a6354
B_screen_AUDUSD_revin-iTransformer_h24_s2021,B_screen_AUDUSD_revin-iTransformer_h24_s2021__attempt-01,P4,c1-20,AUDUSD,revin-iTransformer,24,2021,11928,497x24x1,497x24x1,0.226167833421,0.0855347415939,0.292463231183,256f02be8a29553a3b4e70be0dde4f8722850344c843f3163a30808580f2f97f,c3c695c27683281aa78120880d9f788cb177639289eb2c159a9d73668330d8f8,cd12448f0624128676d89c3bc7c0d6a12fc34a8b37309e689834804fa15d2a9a,040c8d2e619c141bc7ce0ed64a9abe0ddee5ee63d95d6d137af65c5ab48a6354
B_screen_FTSE_DeReFusion_h24_s2021,B_screen_FTSE_DeReFusion_h24_s2021__attempt-01,P4,c1-20,FTSE,DeReFusion,24,2021,11568,482x24x1,482x24x1,0.338591744245,0.202787300745,0.450319109904,57c3698d14111fafdb33941e262b1fb41f248791840aa850058cbcf9a4f65619,eb92d5a70620185a8541c0869763fa5e0405a9cd21a42cab830ab43ffa581789,7c69f5dd2b1d6e8f78c228cd607646c1289a688e83e3c6eeef5735e2f276d13e,43ed0c692509c9838fa9f6597ecb6de54dfcb9384464c4ac3aa6fbc5d977083c
B_screen_FTSE_revin-DLinear_h24_s2021,B_screen_FTSE_revin-DLinear_h24_s2021__attempt-01,P4,c1-20,FTSE,revin-DLinear,24,2021,11568,482x24x1,482x24x1,0.312513320031,0.172617693847,0.415472855728,57c3698d14111fafdb33941e262b1fb41f248791840aa850058cbcf9a4f65619,eb92d5a70620185a8541c0869763fa5e0405a9cd21a42cab830ab43ffa581789,7c69f5dd2b1d6e8f78c228cd607646c1289a688e83e3c6eeef5735e2f276d13e,43ed0c692509c9838fa9f6597ecb6de54dfcb9384464c4ac3aa6fbc5d977083c
B_screen_FTSE_revin-PatchTST_h24_s2021,B_screen_FTSE_revin-PatchTST_h24_s2021__attempt-01,P4,c1-20,FTSE,revin-PatchTST,24,2021,11568,482x24x1,482x24x1,0.280895072122,0.146268275146,0.382450356446,57c3698d14111fafdb33941e262b1fb41f248791840aa850058cbcf9a4f65619,eb92d5a70620185a8541c0869763fa5e0405a9cd21a42cab830ab43ffa581789,7c69f5dd2b1d6e8f78c228cd607646c1289a688e83e3c6eeef5735e2f276d13e,43ed0c692509c9838fa9f6597ecb6de54dfcb9384464c4ac3aa6fbc5d977083c
B_screen_FTSE_revin-TimesNet_h24_s2021,B_screen_FTSE_revin-TimesNet_h24_s2021__attempt-01,RTX8000,c1-20,FTSE,revin-TimesNet,24,2021,11568,482x24x1,482x24x1,0.291054971279,0.150714896963,0.388220165581,57c3698d14111fafdb33941e262b1fb41f248791840aa850058cbcf9a4f65619,eb92d5a70620185a8541c0869763fa5e0405a9cd21a42cab830ab43ffa581789,7c69f5dd2b1d6e8f78c228cd607646c1289a688e83e3c6eeef5735e2f276d13e,43ed0c692509c9838fa9f6597ecb6de54dfcb9384464c4ac3aa6fbc5d977083c
B_screen_FTSE_revin-iTransformer_h24_s2021,B_screen_FTSE_revin-iTransformer_h24_s2021__attempt-01,P4,c1-20,FTSE,revin-iTransformer,24,2021,11568,482x24x1,482x24x1,0.292536132254,0.155606959821,0.394470480291,57c3698d14111fafdb33941e262b1fb41f248791840aa850058cbcf9a4f65619,eb92d5a70620185a8541c0869763fa5e0405a9cd21a42cab830ab43ffa581789,7c69f5dd2b1d6e8f78c228cd607646c1289a688e83e3c6eeef5735e2f276d13e,43ed0c692509c9838fa9f6597ecb6de54dfcb9384464c4ac3aa6fbc5d977083c
B_screen_GBPUSD_DeReFusion_h24_s2021,B_screen_GBPUSD_DeReFusion_h24_s2021__attempt-01,P4,c1-20,GBPUSD,DeReFusion,24,2021,11928,497x24x1,497x24x1,0.229439172181,0.0829725498982,0.288049561531,c137032573a5ce1bd00254a7eb08d377da11ff09f67656a5b58aec5349ef031b,c0f5cebda66209458a3e36de36f8b67e81084b6759f8ab4f4749a8edc693f566,90e00d04d481138da937e5316ac8274728d622b30a117e755e33e9057c833c7d,a785288dc8a8e2411b0690cc7871a2bf0219aad601f64ca7b547c6727aeede15
B_screen_GBPUSD_revin-DLinear_h24_s2021,B_screen_GBPUSD_revin-DLinear_h24_s2021__attempt-01,P4,c1-20,GBPUSD,revin-DLinear,24,2021,11928,497x24x1,497x24x1,0.238506405343,0.0895371562844,0.29922759947,c137032573a5ce1bd00254a7eb08d377da11ff09f67656a5b58aec5349ef031b,c0f5cebda66209458a3e36de36f8b67e81084b6759f8ab4f4749a8edc693f566,90e00d04d481138da937e5316ac8274728d622b30a117e755e33e9057c833c7d,a785288dc8a8e2411b0690cc7871a2bf0219aad601f64ca7b547c6727aeede15
B_screen_GBPUSD_revin-PatchTST_h24_s2021,B_screen_GBPUSD_revin-PatchTST_h24_s2021__attempt-01,P4,c1-20,GBPUSD,revin-PatchTST,24,2021,11928,497x24x1,497x24x1,0.211748189501,0.0705295957077,0.265574087041,c137032573a5ce1bd00254a7eb08d377da11ff09f67656a5b58aec5349ef031b,c0f5cebda66209458a3e36de36f8b67e81084b6759f8ab4f4749a8edc693f566,90e00d04d481138da937e5316ac8274728d622b30a117e755e33e9057c833c7d,a785288dc8a8e2411b0690cc7871a2bf0219aad601f64ca7b547c6727aeede15
B_screen_GBPUSD_revin-TimesNet_h24_s2021,B_screen_GBPUSD_revin-TimesNet_h24_s2021__attempt-01,RTX8000,c1-20,GBPUSD,revin-TimesNet,24,2021,11928,497x24x1,497x24x1,0.255431363155,0.109786704608,0.331340768105,c137032573a5ce1bd00254a7eb08d377da11ff09f67656a5b58aec5349ef031b,c0f5cebda66209458a3e36de36f8b67e81084b6759f8ab4f4749a8edc693f566,90e00d04d481138da937e5316ac8274728d622b30a117e755e33e9057c833c7d,a785288dc8a8e2411b0690cc7871a2bf0219aad601f64ca7b547c6727aeede15
B_screen_GBPUSD_revin-iTransformer_h24_s2021,B_screen_GBPUSD_revin-iTransformer_h24_s2021__attempt-01,P4,c1-20,GBPUSD,revin-iTransformer,24,2021,11928,497x24x1,497x24x1,0.233804293931,0.0866331903221,0.294335166642,c137032573a5ce1bd00254a7eb08d377da11ff09f67656a5b58aec5349ef031b,c0f5cebda66209458a3e36de36f8b67e81084b6759f8ab4f4749a8edc693f566,90e00d04d481138da937e5316ac8274728d622b30a117e755e33e9057c833c7d,a785288dc8a8e2411b0690cc7871a2bf0219aad601f64ca7b547c6727aeede15
B_screen_GDAXI_DeReFusion_h24_s2021,B_screen_GDAXI_DeReFusion_h24_s2021__attempt-01,P4,c1-20,GDAXI,DeReFusion,24,2021,11616,484x24x1,484x24x1,0.334006059761,0.216617649314,0.465422012064,7a451cbde4907d056de3569d1fc52dfacfc1d07ec80ceff8fdd2ac6ee8fa4e65,0529060d5a5fdc5cac88ee575ae18bac0a26ac3d03677b3129d0dbaacbea6a1a,6c8cc51c65fa002dc3129fd12b2278c05ae8b9a3e1d33ce3e3bcb076f57dbee5,e066baec6b57bb9305817a5fcd844e184c17a1af04de297ba35a0406ec45e27b
B_screen_GDAXI_revin-DLinear_h24_s2021,B_screen_GDAXI_revin-DLinear_h24_s2021__attempt-01,P4,c1-20,GDAXI,revin-DLinear,24,2021,11616,484x24x1,484x24x1,0.338011016428,0.219658944398,0.468677868475,7a451cbde4907d056de3569d1fc52dfacfc1d07ec80ceff8fdd2ac6ee8fa4e65,0529060d5a5fdc5cac88ee575ae18bac0a26ac3d03677b3129d0dbaacbea6a1a,6c8cc51c65fa002dc3129fd12b2278c05ae8b9a3e1d33ce3e3bcb076f57dbee5,e066baec6b57bb9305817a5fcd844e184c17a1af04de297ba35a0406ec45e27b
B_screen_GDAXI_revin-PatchTST_h24_s2021,B_screen_GDAXI_revin-PatchTST_h24_s2021__attempt-01,P4,c1-20,GDAXI,revin-PatchTST,24,2021,11616,484x24x1,484x24x1,0.337534137604,0.233879855259,0.483611264612,7a451cbde4907d056de3569d1fc52dfacfc1d07ec80ceff8fdd2ac6ee8fa4e65,0529060d5a5fdc5cac88ee575ae18bac0a26ac3d03677b3129d0dbaacbea6a1a,6c8cc51c65fa002dc3129fd12b2278c05ae8b9a3e1d33ce3e3bcb076f57dbee5,e066baec6b57bb9305817a5fcd844e184c17a1af04de297ba35a0406ec45e27b
B_screen_GDAXI_revin-TimesNet_h24_s2021,B_screen_GDAXI_revin-TimesNet_h24_s2021__attempt-01,RTX8000,c1-20,GDAXI,revin-TimesNet,24,2021,11616,484x24x1,484x24x1,0.366984914198,0.249706476032,0.499706389825,7a451cbde4907d056de3569d1fc52dfacfc1d07ec80ceff8fdd2ac6ee8fa4e65,0529060d5a5fdc5cac88ee575ae18bac0a26ac3d03677b3129d0dbaacbea6a1a,6c8cc51c65fa002dc3129fd12b2278c05ae8b9a3e1d33ce3e3bcb076f57dbee5,e066baec6b57bb9305817a5fcd844e184c17a1af04de297ba35a0406ec45e27b
B_screen_GDAXI_revin-iTransformer_h24_s2021,B_screen_GDAXI_revin-iTransformer_h24_s2021__attempt-01,P4,c1-20,GDAXI,revin-iTransformer,24,2021,11616,484x24x1,484x24x1,0.321022984143,0.192256261711,0.43847036583,7a451cbde4907d056de3569d1fc52dfacfc1d07ec80ceff8fdd2ac6ee8fa4e65,0529060d5a5fdc5cac88ee575ae18bac0a26ac3d03677b3129d0dbaacbea6a1a,6c8cc51c65fa002dc3129fd12b2278c05ae8b9a3e1d33ce3e3bcb076f57dbee5,e066baec6b57bb9305817a5fcd844e184c17a1af04de297ba35a0406ec45e27b
B_screen_GLD_DeReFusion_h24_s2021,B_screen_GLD_DeReFusion_h24_s2021__attempt-01,P4,c1-20,GLD,DeReFusion,24,2021,11496,479x24x1,479x24x1,0.374248669734,0.285218312364,0.534058341723,b50f2c1c6f4e13e37055d45d281878f514a8067388242a1dbb22c06b21404dce,47b8466844ee38592331c525fb32059183c3d2ee66db6df547343d1fbd56f2dd,0b77dfa686fce94a851cf19ad1f0f23a45028a85423a5a9f218594b12f69b231,b55b07028f4f891f71cca08e5c1c7b4bbeead32639d7ddc94b6885bab3f57e2a
B_screen_GLD_revin-DLinear_h24_s2021,B_screen_GLD_revin-DLinear_h24_s2021__attempt-01,P4,c1-20,GLD,revin-DLinear,24,2021,11496,479x24x1,479x24x1,0.39541511051,0.324339978044,0.5695085408,b50f2c1c6f4e13e37055d45d281878f514a8067388242a1dbb22c06b21404dce,47b8466844ee38592331c525fb32059183c3d2ee66db6df547343d1fbd56f2dd,0b77dfa686fce94a851cf19ad1f0f23a45028a85423a5a9f218594b12f69b231,b55b07028f4f891f71cca08e5c1c7b4bbeead32639d7ddc94b6885bab3f57e2a
B_screen_GLD_revin-PatchTST_h24_s2021,B_screen_GLD_revin-PatchTST_h24_s2021__attempt-01,P4,c1-20,GLD,revin-PatchTST,24,2021,11496,479x24x1,479x24x1,0.376252550961,0.289182433898,0.537756853883,b50f2c1c6f4e13e37055d45d281878f514a8067388242a1dbb22c06b21404dce,47b8466844ee38592331c525fb32059183c3d2ee66db6df547343d1fbd56f2dd,0b77dfa686fce94a851cf19ad1f0f23a45028a85423a5a9f218594b12f69b231,b55b07028f4f891f71cca08e5c1c7b4bbeead32639d7ddc94b6885bab3f57e2a
B_screen_GLD_revin-TimesNet_h24_s2021,B_screen_GLD_revin-TimesNet_h24_s2021__attempt-01,RTX8000,c1-20,GLD,revin-TimesNet,24,2021,11496,479x24x1,479x24x1,0.411429069661,0.333300450308,0.577321790952,b50f2c1c6f4e13e37055d45d281878f514a8067388242a1dbb22c06b21404dce,47b8466844ee38592331c525fb32059183c3d2ee66db6df547343d1fbd56f2dd,0b77dfa686fce94a851cf19ad1f0f23a45028a85423a5a9f218594b12f69b231,b55b07028f4f891f71cca08e5c1c7b4bbeead32639d7ddc94b6885bab3f57e2a
B_screen_GLD_revin-iTransformer_h24_s2021,B_screen_GLD_revin-iTransformer_h24_s2021__attempt-01,P4,c1-20,GLD,revin-iTransformer,24,2021,11496,479x24x1,479x24x1,0.430480089217,0.369167356805,0.607591439048,b50f2c1c6f4e13e37055d45d281878f514a8067388242a1dbb22c06b21404dce,47b8466844ee38592331c525fb32059183c3d2ee66db6df547343d1fbd56f2dd,0b77dfa686fce94a851cf19ad1f0f23a45028a85423a5a9f218594b12f69b231,b55b07028f4f891f71cca08e5c1c7b4bbeead32639d7ddc94b6885bab3f57e2a
B_screen_GOLD_DeReFusion_h24_s2021,B_screen_GOLD_DeReFusion_h24_s2021__attempt-01,P4,c1-20,GOLD,DeReFusion,24,2021,11496,479x24x1,479x24x1,0.358318626787,0.25896916682,0.508890132367,a5cabeb071d546b549163f46cfae0c8f8cdbf5366d92f313fd9acf0c99268e07,5e4fd07cabb4462e9aae4a6020d40386adb8ad53547189a23baa954147ea34a7,76e42c67bcf264a2ce36a12e162a5f61f8807bde3954823ed074e23b77f8f4e5,da0917e87dd5cb60391f9f6c825ac2fc7c5a4a63bc8517fd9fca313a75a05dce
B_screen_GOLD_revin-DLinear_h24_s2021,B_screen_GOLD_revin-DLinear_h24_s2021__attempt-01,P4,c1-20,GOLD,revin-DLinear,24,2021,11496,479x24x1,479x24x1,0.387567952586,0.304404415999,0.551728570947,a5cabeb071d546b549163f46cfae0c8f8cdbf5366d92f313fd9acf0c99268e07,5e4fd07cabb4462e9aae4a6020d40386adb8ad53547189a23baa954147ea34a7,76e42c67bcf264a2ce36a12e162a5f61f8807bde3954823ed074e23b77f8f4e5,da0917e87dd5cb60391f9f6c825ac2fc7c5a4a63bc8517fd9fca313a75a05dce
B_screen_GOLD_revin-PatchTST_h24_s2021,B_screen_GOLD_revin-PatchTST_h24_s2021__attempt-01,P4,c1-20,GOLD,revin-PatchTST,24,2021,11496,479x24x1,479x24x1,0.365377879497,0.268293481173,0.517970540835,a5cabeb071d546b549163f46cfae0c8f8cdbf5366d92f313fd9acf0c99268e07,5e4fd07cabb4462e9aae4a6020d40386adb8ad53547189a23baa954147ea34a7,76e42c67bcf264a2ce36a12e162a5f61f8807bde3954823ed074e23b77f8f4e5,da0917e87dd5cb60391f9f6c825ac2fc7c5a4a63bc8517fd9fca313a75a05dce
B_screen_GOLD_revin-TimesNet_h24_s2021,B_screen_GOLD_revin-TimesNet_h24_s2021__attempt-01,RTX8000,c1-20,GOLD,revin-TimesNet,24,2021,11496,479x24x1,479x24x1,0.379510930152,0.281703113444,0.530757113418,a5cabeb071d546b549163f46cfae0c8f8cdbf5366d92f313fd9acf0c99268e07,5e4fd07cabb4462e9aae4a6020d40386adb8ad53547189a23baa954147ea34a7,76e42c67bcf264a2ce36a12e162a5f61f8807bde3954823ed074e23b77f8f4e5,da0917e87dd5cb60391f9f6c825ac2fc7c5a4a63bc8517fd9fca313a75a05dce
B_screen_GOLD_revin-iTransformer_h24_s2021,B_screen_GOLD_revin-iTransformer_h24_s2021__attempt-01,P4,c1-20,GOLD,revin-iTransformer,24,2021,11496,479x24x1,479x24x1,0.378768021271,0.28184507781,0.530890834174,a5cabeb071d546b549163f46cfae0c8f8cdbf5366d92f313fd9acf0c99268e07,5e4fd07cabb4462e9aae4a6020d40386adb8ad53547189a23baa954147ea34a7,76e42c67bcf264a2ce36a12e162a5f61f8807bde3954823ed074e23b77f8f4e5,da0917e87dd5cb60391f9f6c825ac2fc7c5a4a63bc8517fd9fca313a75a05dce
B_screen_HSI_DeReFusion_h24_s2021,B_screen_HSI_DeReFusion_h24_s2021__attempt-01,P4,c1-20,HSI,DeReFusion,24,2021,11232,468x24x1,468x24x1,0.272195375777,0.142557838422,0.377568322853,f1854af53c35a1ee0e36f7cd713c3fc771908c24ec5d24a3f0153f834949a36b,d93fb12e9181d6f2b0f66752f59218cdfede2f4cc3b4eaef11cc7238978303c9,2a04256095a96d541142a426d289c5f173946b287ceefbd0ee2887c10cc25cec,bd2187ea5d672ebcf5e5262166902c74f8538b894c8f0e22f97cca3d40d19e4f
B_screen_HSI_revin-DLinear_h24_s2021,B_screen_HSI_revin-DLinear_h24_s2021__attempt-01,P4,c1-20,HSI,revin-DLinear,24,2021,11232,468x24x1,468x24x1,0.270314125042,0.138420316272,0.372048808992,f1854af53c35a1ee0e36f7cd713c3fc771908c24ec5d24a3f0153f834949a36b,d93fb12e9181d6f2b0f66752f59218cdfede2f4cc3b4eaef11cc7238978303c9,2a04256095a96d541142a426d289c5f173946b287ceefbd0ee2887c10cc25cec,bd2187ea5d672ebcf5e5262166902c74f8538b894c8f0e22f97cca3d40d19e4f
B_screen_HSI_revin-PatchTST_h24_s2021,B_screen_HSI_revin-PatchTST_h24_s2021__attempt-01,P4,c1-20,HSI,revin-PatchTST,24,2021,11232,468x24x1,468x24x1,0.252033011082,0.126693423062,0.355940195906,f1854af53c35a1ee0e36f7cd713c3fc771908c24ec5d24a3f0153f834949a36b,d93fb12e9181d6f2b0f66752f59218cdfede2f4cc3b4eaef11cc7238978303c9,2a04256095a96d541142a426d289c5f173946b287ceefbd0ee2887c10cc25cec,bd2187ea5d672ebcf5e5262166902c74f8538b894c8f0e22f97cca3d40d19e4f
B_screen_HSI_revin-TimesNet_h24_s2021,B_screen_HSI_revin-TimesNet_h24_s2021__attempt-01,RTX8000,c1-20,HSI,revin-TimesNet,24,2021,11232,468x24x1,468x24x1,0.262626773666,0.131246997765,0.362280275153,f1854af53c35a1ee0e36f7cd713c3fc771908c24ec5d24a3f0153f834949a36b,d93fb12e9181d6f2b0f66752f59218cdfede2f4cc3b4eaef11cc7238978303c9,2a04256095a96d541142a426d289c5f173946b287ceefbd0ee2887c10cc25cec,bd2187ea5d672ebcf5e5262166902c74f8538b894c8f0e22f97cca3d40d19e4f
B_screen_HSI_revin-iTransformer_h24_s2021,B_screen_HSI_revin-iTransformer_h24_s2021__attempt-01,P4,c1-20,HSI,revin-iTransformer,24,2021,11232,468x24x1,468x24x1,0.280939770544,0.156062616727,0.395047613241,f1854af53c35a1ee0e36f7cd713c3fc771908c24ec5d24a3f0153f834949a36b,d93fb12e9181d6f2b0f66752f59218cdfede2f4cc3b4eaef11cc7238978303c9,2a04256095a96d541142a426d289c5f173946b287ceefbd0ee2887c10cc25cec,bd2187ea5d672ebcf5e5262166902c74f8538b894c8f0e22f97cca3d40d19e4f
B_screen_JPM_DeReFusion_h24_s2021,B_screen_JPM_DeReFusion_h24_s2021__attempt-01,P4,c1-20,JPM,DeReFusion,24,2021,11496,479x24x1,479x24x1,0.358860021178,0.234506988282,0.484259216001,7149cda76d2c1d2abde18ec05a0aba029c4b6bdf161c246ccf13af1242ae68fb,008587e64376d471c6d7f19f6839ad1bfa8faf4207908a7a889fdfb8b51b0dba,450e3fec5302e7464e1a773e18a4d7f0132b58a926cac014f0e09e2083b1dc5e,0d60a8617bc5ad1200cd3678e3d1884d60db977a0e998b7ba99a2da3148b31d4
B_screen_JPM_revin-DLinear_h24_s2021,B_screen_JPM_revin-DLinear_h24_s2021__attempt-01,P4,c1-20,JPM,revin-DLinear,24,2021,11496,479x24x1,479x24x1,0.362056708141,0.236764995747,0.486585034446,7149cda76d2c1d2abde18ec05a0aba029c4b6bdf161c246ccf13af1242ae68fb,008587e64376d471c6d7f19f6839ad1bfa8faf4207908a7a889fdfb8b51b0dba,450e3fec5302e7464e1a773e18a4d7f0132b58a926cac014f0e09e2083b1dc5e,0d60a8617bc5ad1200cd3678e3d1884d60db977a0e998b7ba99a2da3148b31d4
B_screen_JPM_revin-PatchTST_h24_s2021,B_screen_JPM_revin-PatchTST_h24_s2021__attempt-01,P4,c1-20,JPM,revin-PatchTST,24,2021,11496,479x24x1,479x24x1,0.348333023411,0.205640867941,0.453476424901,7149cda76d2c1d2abde18ec05a0aba029c4b6bdf161c246ccf13af1242ae68fb,008587e64376d471c6d7f19f6839ad1bfa8faf4207908a7a889fdfb8b51b0dba,450e3fec5302e7464e1a773e18a4d7f0132b58a926cac014f0e09e2083b1dc5e,0d60a8617bc5ad1200cd3678e3d1884d60db977a0e998b7ba99a2da3148b31d4
B_screen_JPM_revin-TimesNet_h24_s2021,B_screen_JPM_revin-TimesNet_h24_s2021__attempt-01,RTX8000,c1-20,JPM,revin-TimesNet,24,2021,11496,479x24x1,479x24x1,0.375784914591,0.241455024015,0.491380732238,7149cda76d2c1d2abde18ec05a0aba029c4b6bdf161c246ccf13af1242ae68fb,008587e64376d471c6d7f19f6839ad1bfa8faf4207908a7a889fdfb8b51b0dba,450e3fec5302e7464e1a773e18a4d7f0132b58a926cac014f0e09e2083b1dc5e,0d60a8617bc5ad1200cd3678e3d1884d60db977a0e998b7ba99a2da3148b31d4
B_screen_JPM_revin-iTransformer_h24_s2021,B_screen_JPM_revin-iTransformer_h24_s2021__attempt-01,P4,c1-20,JPM,revin-iTransformer,24,2021,11496,479x24x1,479x24x1,0.381194689007,0.247938975759,0.497934710338,7149cda76d2c1d2abde18ec05a0aba029c4b6bdf161c246ccf13af1242ae68fb,008587e64376d471c6d7f19f6839ad1bfa8faf4207908a7a889fdfb8b51b0dba,450e3fec5302e7464e1a773e18a4d7f0132b58a926cac014f0e09e2083b1dc5e,0d60a8617bc5ad1200cd3678e3d1884d60db977a0e998b7ba99a2da3148b31d4
B_screen_META_DeReFusion_h24_s2021,B_screen_META_DeReFusion_h24_s2021__attempt-01,P4,c1-20,META,DeReFusion,24,2021,11496,479x24x1,479x24x1,0.631536482188,0.661516648316,0.813336737345,17cf787240ad9167dccfe9a4702da2ea7fd54914389e24645b548b94ea1e4882,d8d002e54a03f161d4413c8421d77b45534a4ad7653418c15ce32db8714e06cc,fe0effbe8a541895f60e19c664e7f06791408fd46de31db0396f61b2590fa19d,919e400cc4e3bf3265d2ef04550efe4eb548bbd88d642afae7d7d4305a95af8a
B_screen_META_revin-DLinear_h24_s2021,B_screen_META_revin-DLinear_h24_s2021__attempt-01,P4,c1-20,META,revin-DLinear,24,2021,11496,479x24x1,479x24x1,0.623343412401,0.646629598072,0.80413282365,17cf787240ad9167dccfe9a4702da2ea7fd54914389e24645b548b94ea1e4882,d8d002e54a03f161d4413c8421d77b45534a4ad7653418c15ce32db8714e06cc,fe0effbe8a541895f60e19c664e7f06791408fd46de31db0396f61b2590fa19d,919e400cc4e3bf3265d2ef04550efe4eb548bbd88d642afae7d7d4305a95af8a
B_screen_META_revin-PatchTST_h24_s2021,B_screen_META_revin-PatchTST_h24_s2021__attempt-01,P4,c1-20,META,revin-PatchTST,24,2021,11496,479x24x1,479x24x1,0.56626022142,0.528041631009,0.726664730814,17cf787240ad9167dccfe9a4702da2ea7fd54914389e24645b548b94ea1e4882,d8d002e54a03f161d4413c8421d77b45534a4ad7653418c15ce32db8714e06cc,fe0effbe8a541895f60e19c664e7f06791408fd46de31db0396f61b2590fa19d,919e400cc4e3bf3265d2ef04550efe4eb548bbd88d642afae7d7d4305a95af8a
B_screen_META_revin-TimesNet_h24_s2021,B_screen_META_revin-TimesNet_h24_s2021__attempt-01,RTX8000,c1-20,META,revin-TimesNet,24,2021,11496,479x24x1,479x24x1,0.612287102491,0.591329241078,0.768979350228,17cf787240ad9167dccfe9a4702da2ea7fd54914389e24645b548b94ea1e4882,d8d002e54a03f161d4413c8421d77b45534a4ad7653418c15ce32db8714e06cc,fe0effbe8a541895f60e19c664e7f06791408fd46de31db0396f61b2590fa19d,919e400cc4e3bf3265d2ef04550efe4eb548bbd88d642afae7d7d4305a95af8a
B_screen_META_revin-iTransformer_h24_s2021,B_screen_META_revin-iTransformer_h24_s2021__attempt-01,P4,c1-20,META,revin-iTransformer,24,2021,11496,479x24x1,479x24x1,0.58014276632,0.553127057966,0.743725122586,17cf787240ad9167dccfe9a4702da2ea7fd54914389e24645b548b94ea1e4882,d8d002e54a03f161d4413c8421d77b45534a4ad7653418c15ce32db8714e06cc,fe0effbe8a541895f60e19c664e7f06791408fd46de31db0396f61b2590fa19d,919e400cc4e3bf3265d2ef04550efe4eb548bbd88d642afae7d7d4305a95af8a
B_screen_MSFT_DeReFusion_h24_s2021,B_screen_MSFT_DeReFusion_h24_s2021__attempt-01,P4,c1-20,MSFT,DeReFusion,24,2021,11496,479x24x1,479x24x1,0.231015595281,0.089483855051,0.29913852151,e04615e4b872a5457b5e33d42267f57a62df5960b61d3dd9a23703a88678b778,3d165382d672bfbe1a47f49e3dc52e1663a8119aa22281a2f53ba9c0d34882bc,48139f47b21a71466a60f7db045a20c85c3a75dcaba7afc20d175646f8b0d931,455c511ea0af1c5595f9ec6d7adb320d281990aec81a0434ac174d75fc9235b7
B_screen_MSFT_revin-DLinear_h24_s2021,B_screen_MSFT_revin-DLinear_h24_s2021__attempt-01,P4,c1-20,MSFT,revin-DLinear,24,2021,11496,479x24x1,479x24x1,0.22804213043,0.0893685137966,0.298945670309,e04615e4b872a5457b5e33d42267f57a62df5960b61d3dd9a23703a88678b778,3d165382d672bfbe1a47f49e3dc52e1663a8119aa22281a2f53ba9c0d34882bc,48139f47b21a71466a60f7db045a20c85c3a75dcaba7afc20d175646f8b0d931,455c511ea0af1c5595f9ec6d7adb320d281990aec81a0434ac174d75fc9235b7
B_screen_MSFT_revin-PatchTST_h24_s2021,B_screen_MSFT_revin-PatchTST_h24_s2021__attempt-01,P4,c1-20,MSFT,revin-PatchTST,24,2021,11496,479x24x1,479x24x1,0.224192882588,0.0822780150611,0.286841445857,e04615e4b872a5457b5e33d42267f57a62df5960b61d3dd9a23703a88678b778,3d165382d672bfbe1a47f49e3dc52e1663a8119aa22281a2f53ba9c0d34882bc,48139f47b21a71466a60f7db045a20c85c3a75dcaba7afc20d175646f8b0d931,455c511ea0af1c5595f9ec6d7adb320d281990aec81a0434ac174d75fc9235b7
B_screen_MSFT_revin-TimesNet_h24_s2021,B_screen_MSFT_revin-TimesNet_h24_s2021__attempt-01,RTX8000,c1-20,MSFT,revin-TimesNet,24,2021,11496,479x24x1,479x24x1,0.257430724245,0.114776935788,0.338787449277,e04615e4b872a5457b5e33d42267f57a62df5960b61d3dd9a23703a88678b778,3d165382d672bfbe1a47f49e3dc52e1663a8119aa22281a2f53ba9c0d34882bc,48139f47b21a71466a60f7db045a20c85c3a75dcaba7afc20d175646f8b0d931,455c511ea0af1c5595f9ec6d7adb320d281990aec81a0434ac174d75fc9235b7
B_screen_MSFT_revin-iTransformer_h24_s2021,B_screen_MSFT_revin-iTransformer_h24_s2021__attempt-01,P4,c1-20,MSFT,revin-iTransformer,24,2021,11496,479x24x1,479x24x1,0.220977784178,0.0820843073203,0.286503590414,e04615e4b872a5457b5e33d42267f57a62df5960b61d3dd9a23703a88678b778,3d165382d672bfbe1a47f49e3dc52e1663a8119aa22281a2f53ba9c0d34882bc,48139f47b21a71466a60f7db045a20c85c3a75dcaba7afc20d175646f8b0d931,455c511ea0af1c5595f9ec6d7adb320d281990aec81a0434ac174d75fc9235b7
B_screen_N225_DeReFusion_h24_s2021,B_screen_N225_DeReFusion_h24_s2021__attempt-01,P4,c1-20,N225,DeReFusion,24,2021,11160,465x24x1,465x24x1,0.40751219488,0.281790471651,0.530839402881,46598058e7cc4160f90bbf0284a1eb9e38a15a41e0d8969a837ab6ccc5aeeae3,f092b2e1cb30b153e9ff11d86dddf360dfae9808c80b5b5ca8525a9423492953,7250ac1596365ef894b61bb257789e23fe56a386a90e378901ce651fce4924a3,bb4382a67fa08b4ae087421eabac1b161e2acd1a0c7aaf8c5d04c5b07dfc8581
B_screen_N225_revin-DLinear_h24_s2021,B_screen_N225_revin-DLinear_h24_s2021__attempt-01,P4,c1-20,N225,revin-DLinear,24,2021,11160,465x24x1,465x24x1,0.38705700465,0.264819406632,0.514606069369,46598058e7cc4160f90bbf0284a1eb9e38a15a41e0d8969a837ab6ccc5aeeae3,f092b2e1cb30b153e9ff11d86dddf360dfae9808c80b5b5ca8525a9423492953,7250ac1596365ef894b61bb257789e23fe56a386a90e378901ce651fce4924a3,bb4382a67fa08b4ae087421eabac1b161e2acd1a0c7aaf8c5d04c5b07dfc8581
B_screen_N225_revin-PatchTST_h24_s2021,B_screen_N225_revin-PatchTST_h24_s2021__attempt-01,P4,c1-20,N225,revin-PatchTST,24,2021,11160,465x24x1,465x24x1,0.35891472787,0.220905544914,0.470005898807,46598058e7cc4160f90bbf0284a1eb9e38a15a41e0d8969a837ab6ccc5aeeae3,f092b2e1cb30b153e9ff11d86dddf360dfae9808c80b5b5ca8525a9423492953,7250ac1596365ef894b61bb257789e23fe56a386a90e378901ce651fce4924a3,bb4382a67fa08b4ae087421eabac1b161e2acd1a0c7aaf8c5d04c5b07dfc8581
B_screen_N225_revin-TimesNet_h24_s2021,B_screen_N225_revin-TimesNet_h24_s2021__attempt-01,RTX8000,c1-20,N225,revin-TimesNet,24,2021,11160,465x24x1,465x24x1,0.376885698624,0.23980299569,0.489696840596,46598058e7cc4160f90bbf0284a1eb9e38a15a41e0d8969a837ab6ccc5aeeae3,f092b2e1cb30b153e9ff11d86dddf360dfae9808c80b5b5ca8525a9423492953,7250ac1596365ef894b61bb257789e23fe56a386a90e378901ce651fce4924a3,bb4382a67fa08b4ae087421eabac1b161e2acd1a0c7aaf8c5d04c5b07dfc8581
B_screen_N225_revin-iTransformer_h24_s2021,B_screen_N225_revin-iTransformer_h24_s2021__attempt-01,P4,c1-20,N225,revin-iTransformer,24,2021,11160,465x24x1,465x24x1,0.378012591515,0.248105590098,0.498101987647,46598058e7cc4160f90bbf0284a1eb9e38a15a41e0d8969a837ab6ccc5aeeae3,f092b2e1cb30b153e9ff11d86dddf360dfae9808c80b5b5ca8525a9423492953,7250ac1596365ef894b61bb257789e23fe56a386a90e378901ce651fce4924a3,bb4382a67fa08b4ae087421eabac1b161e2acd1a0c7aaf8c5d04c5b07dfc8581
B_screen_RUT_DeReFusion_h24_s2021,B_screen_RUT_DeReFusion_h24_s2021__attempt-01,P4,c1-20,RUT,DeReFusion,24,2021,11496,479x24x1,479x24x1,0.22540726058,0.0861458043854,0.293506055109,c8ea6dfa95dce4e814b2412c38dca2d396911a679e1a84ad3c118f064d088312,4933d3d2eae5d294e703c11c0dcae97b08c4d1f974c9e47cd6f467d432179d24,27f21f002ef041815e4a1db4acb8c6a0b2492832b43dfd2e79e0ad016bf1f718,43ffaaf4fda2070ed929215cf7e42495ce6df534a215a7c5bf2208ef4e75f12a
B_screen_RUT_revin-DLinear_h24_s2021,B_screen_RUT_revin-DLinear_h24_s2021__attempt-01,P4,c1-20,RUT,revin-DLinear,24,2021,11496,479x24x1,479x24x1,0.215138675094,0.0778144615617,0.27895243602,c8ea6dfa95dce4e814b2412c38dca2d396911a679e1a84ad3c118f064d088312,4933d3d2eae5d294e703c11c0dcae97b08c4d1f974c9e47cd6f467d432179d24,27f21f002ef041815e4a1db4acb8c6a0b2492832b43dfd2e79e0ad016bf1f718,43ffaaf4fda2070ed929215cf7e42495ce6df534a215a7c5bf2208ef4e75f12a
B_screen_RUT_revin-PatchTST_h24_s2021,B_screen_RUT_revin-PatchTST_h24_s2021__attempt-01,P4,c1-20,RUT,revin-PatchTST,24,2021,11496,479x24x1,479x24x1,0.214014091396,0.0798389098077,0.282557799057,c8ea6dfa95dce4e814b2412c38dca2d396911a679e1a84ad3c118f064d088312,4933d3d2eae5d294e703c11c0dcae97b08c4d1f974c9e47cd6f467d432179d24,27f21f002ef041815e4a1db4acb8c6a0b2492832b43dfd2e79e0ad016bf1f718,43ffaaf4fda2070ed929215cf7e42495ce6df534a215a7c5bf2208ef4e75f12a
B_screen_RUT_revin-TimesNet_h24_s2021,B_screen_RUT_revin-TimesNet_h24_s2021__attempt-01,RTX8000,c1-20,RUT,revin-TimesNet,24,2021,11496,479x24x1,479x24x1,0.252996283802,0.104209145718,0.322814413739,c8ea6dfa95dce4e814b2412c38dca2d396911a679e1a84ad3c118f064d088312,4933d3d2eae5d294e703c11c0dcae97b08c4d1f974c9e47cd6f467d432179d24,27f21f002ef041815e4a1db4acb8c6a0b2492832b43dfd2e79e0ad016bf1f718,43ffaaf4fda2070ed929215cf7e42495ce6df534a215a7c5bf2208ef4e75f12a
B_screen_RUT_revin-iTransformer_h24_s2021,B_screen_RUT_revin-iTransformer_h24_s2021__attempt-01,P4,c1-20,RUT,revin-iTransformer,24,2021,11496,479x24x1,479x24x1,0.226678569671,0.0871057235294,0.295136787828,c8ea6dfa95dce4e814b2412c38dca2d396911a679e1a84ad3c118f064d088312,4933d3d2eae5d294e703c11c0dcae97b08c4d1f974c9e47cd6f467d432179d24,27f21f002ef041815e4a1db4acb8c6a0b2492832b43dfd2e79e0ad016bf1f718,43ffaaf4fda2070ed929215cf7e42495ce6df534a215a7c5bf2208ef4e75f12a
B_screen_TLT_DeReFusion_h24_s2021,B_screen_TLT_DeReFusion_h24_s2021__attempt-01,P4,c1-20,TLT,DeReFusion,24,2021,11496,479x24x1,479x24x1,0.147606394371,0.0343359143703,0.185299526093,4e564e87d45ff79a66b8cd63c60a07dbc6bae8b9a01b71c4b1d19af585ee1cae,2eca3dfab076ee37ddc70ac7d409f8754b768803f524a716cf62406976abc7c3,4da4b28f0adc0b50a763a4eba39f6e1f0893df85b9f3bac2769576cfb7671da1,179993f7ce2c69f17d53368340c1c008ca43c64cb6467e949be50cff4ca8a596
B_screen_TLT_revin-DLinear_h24_s2021,B_screen_TLT_revin-DLinear_h24_s2021__attempt-01,P4,c1-20,TLT,revin-DLinear,24,2021,11496,479x24x1,479x24x1,0.138915386385,0.0294866407829,0.171716745785,4e564e87d45ff79a66b8cd63c60a07dbc6bae8b9a01b71c4b1d19af585ee1cae,2eca3dfab076ee37ddc70ac7d409f8754b768803f524a716cf62406976abc7c3,4da4b28f0adc0b50a763a4eba39f6e1f0893df85b9f3bac2769576cfb7671da1,179993f7ce2c69f17d53368340c1c008ca43c64cb6467e949be50cff4ca8a596
B_screen_TLT_revin-PatchTST_h24_s2021,B_screen_TLT_revin-PatchTST_h24_s2021__attempt-01,P4,c1-20,TLT,revin-PatchTST,24,2021,11496,479x24x1,479x24x1,0.124899728417,0.0250777622484,0.158359597904,4e564e87d45ff79a66b8cd63c60a07dbc6bae8b9a01b71c4b1d19af585ee1cae,2eca3dfab076ee37ddc70ac7d409f8754b768803f524a716cf62406976abc7c3,4da4b28f0adc0b50a763a4eba39f6e1f0893df85b9f3bac2769576cfb7671da1,179993f7ce2c69f17d53368340c1c008ca43c64cb6467e949be50cff4ca8a596
B_screen_TLT_revin-TimesNet_h24_s2021,B_screen_TLT_revin-TimesNet_h24_s2021__attempt-01,RTX8000,c1-20,TLT,revin-TimesNet,24,2021,11496,479x24x1,479x24x1,0.128242070953,0.0256831472093,0.160259624389,4e564e87d45ff79a66b8cd63c60a07dbc6bae8b9a01b71c4b1d19af585ee1cae,2eca3dfab076ee37ddc70ac7d409f8754b768803f524a716cf62406976abc7c3,4da4b28f0adc0b50a763a4eba39f6e1f0893df85b9f3bac2769576cfb7671da1,179993f7ce2c69f17d53368340c1c008ca43c64cb6467e949be50cff4ca8a596
B_screen_TLT_revin-iTransformer_h24_s2021,B_screen_TLT_revin-iTransformer_h24_s2021__attempt-01,P4,c1-20,TLT,revin-iTransformer,24,2021,11496,479x24x1,479x24x1,0.126278157844,0.0247618919957,0.15735911793,4e564e87d45ff79a66b8cd63c60a07dbc6bae8b9a01b71c4b1d19af585ee1cae,2eca3dfab076ee37ddc70ac7d409f8754b768803f524a716cf62406976abc7c3,4da4b28f0adc0b50a763a4eba39f6e1f0893df85b9f3bac2769576cfb7671da1,179993f7ce2c69f17d53368340c1c008ca43c64cb6467e949be50cff4ca8a596
B_screen_TSLA_DeReFusion_h24_s2021,B_screen_TSLA_DeReFusion_h24_s2021__attempt-01,P4,c1-20,TSLA,DeReFusion,24,2021,11496,479x24x1,479x24x1,0.300978535469,0.157970060756,0.397454476331,ff4704aa38f608169d63753846436edc713f9d8a2f6b38661b437e94f5aff573,e365bc688c5003b6624817a2eb49df81b50c6b448a284f5bfb9bc6fd72bf4375,4993de1e6a0997785a6c40f5397374dcbe9254b5f5bd3f0633edf92c951e5b9d,332b304685cea69a5c8206c58dca757aba2d422833213517547c4441cbeb0222
B_screen_TSLA_revin-DLinear_h24_s2021,B_screen_TSLA_revin-DLinear_h24_s2021__attempt-01,P4,c1-20,TSLA,revin-DLinear,24,2021,11496,479x24x1,479x24x1,0.301878799165,0.173791541854,0.416883127332,ff4704aa38f608169d63753846436edc713f9d8a2f6b38661b437e94f5aff573,e365bc688c5003b6624817a2eb49df81b50c6b448a284f5bfb9bc6fd72bf4375,4993de1e6a0997785a6c40f5397374dcbe9254b5f5bd3f0633edf92c951e5b9d,332b304685cea69a5c8206c58dca757aba2d422833213517547c4441cbeb0222
B_screen_TSLA_revin-PatchTST_h24_s2021,B_screen_TSLA_revin-PatchTST_h24_s2021__attempt-01,P4,c1-20,TSLA,revin-PatchTST,24,2021,11496,479x24x1,479x24x1,0.275880805194,0.137870469389,0.371309129148,ff4704aa38f608169d63753846436edc713f9d8a2f6b38661b437e94f5aff573,e365bc688c5003b6624817a2eb49df81b50c6b448a284f5bfb9bc6fd72bf4375,4993de1e6a0997785a6c40f5397374dcbe9254b5f5bd3f0633edf92c951e5b9d,332b304685cea69a5c8206c58dca757aba2d422833213517547c4441cbeb0222
B_screen_TSLA_revin-TimesNet_h24_s2021,B_screen_TSLA_revin-TimesNet_h24_s2021__attempt-01,RTX8000,c1-20,TSLA,revin-TimesNet,24,2021,11496,479x24x1,479x24x1,0.344395075561,0.202873083319,0.450414346263,ff4704aa38f608169d63753846436edc713f9d8a2f6b38661b437e94f5aff573,e365bc688c5003b6624817a2eb49df81b50c6b448a284f5bfb9bc6fd72bf4375,4993de1e6a0997785a6c40f5397374dcbe9254b5f5bd3f0633edf92c951e5b9d,332b304685cea69a5c8206c58dca757aba2d422833213517547c4441cbeb0222
B_screen_TSLA_revin-iTransformer_h24_s2021,B_screen_TSLA_revin-iTransformer_h24_s2021__attempt-01,P4,c1-20,TSLA,revin-iTransformer,24,2021,11496,479x24x1,479x24x1,0.326684682146,0.189495141815,0.435310397091,ff4704aa38f608169d63753846436edc713f9d8a2f6b38661b437e94f5aff573,e365bc688c5003b6624817a2eb49df81b50c6b448a284f5bfb9bc6fd72bf4375,4993de1e6a0997785a6c40f5397374dcbe9254b5f5bd3f0633edf92c951e5b9d,332b304685cea69a5c8206c58dca757aba2d422833213517547c4441cbeb0222
B_screen_USDCAD_DeReFusion_h24_s2021,B_screen_USDCAD_DeReFusion_h24_s2021__attempt-01,P4,c1-20,USDCAD,DeReFusion,24,2021,11928,497x24x1,497x24x1,0.285906540216,0.141921210454,0.37672431625,d191f3990b61ba53324ed79ef4d5c5688334b8f7b2eabf4b49adda3cef80d388,8cb1658c21bc32337151f21cac50e2183d7b436644538c862fa80c4f7cb631c8,4f346a1849e213ec83446c6d7cdcd450e4e13f15532ce9787cb26a05e09727ee,e9fd86bcf97df569ccb03bc5382a68ca853185f2cb51bccb998ffc52d6768c6f
B_screen_USDCAD_revin-DLinear_h24_s2021,B_screen_USDCAD_revin-DLinear_h24_s2021__attempt-01,P4,c1-20,USDCAD,revin-DLinear,24,2021,11928,497x24x1,497x24x1,0.295026386902,0.147099411688,0.383535411258,d191f3990b61ba53324ed79ef4d5c5688334b8f7b2eabf4b49adda3cef80d388,8cb1658c21bc32337151f21cac50e2183d7b436644538c862fa80c4f7cb631c8,4f346a1849e213ec83446c6d7cdcd450e4e13f15532ce9787cb26a05e09727ee,e9fd86bcf97df569ccb03bc5382a68ca853185f2cb51bccb998ffc52d6768c6f
B_screen_USDCAD_revin-PatchTST_h24_s2021,B_screen_USDCAD_revin-PatchTST_h24_s2021__attempt-01,P4,c1-20,USDCAD,revin-PatchTST,24,2021,11928,497x24x1,497x24x1,0.294655780917,0.150247823473,0.387618141311,d191f3990b61ba53324ed79ef4d5c5688334b8f7b2eabf4b49adda3cef80d388,8cb1658c21bc32337151f21cac50e2183d7b436644538c862fa80c4f7cb631c8,4f346a1849e213ec83446c6d7cdcd450e4e13f15532ce9787cb26a05e09727ee,e9fd86bcf97df569ccb03bc5382a68ca853185f2cb51bccb998ffc52d6768c6f
B_screen_USDCAD_revin-TimesNet_h24_s2021,B_screen_USDCAD_revin-TimesNet_h24_s2021__attempt-01,RTX8000,c1-20,USDCAD,revin-TimesNet,24,2021,11928,497x24x1,497x24x1,0.329774368392,0.179359727891,0.423508828587,d191f3990b61ba53324ed79ef4d5c5688334b8f7b2eabf4b49adda3cef80d388,8cb1658c21bc32337151f21cac50e2183d7b436644538c862fa80c4f7cb631c8,4f346a1849e213ec83446c6d7cdcd450e4e13f15532ce9787cb26a05e09727ee,e9fd86bcf97df569ccb03bc5382a68ca853185f2cb51bccb998ffc52d6768c6f
B_screen_USDCAD_revin-iTransformer_h24_s2021,B_screen_USDCAD_revin-iTransformer_h24_s2021__attempt-01,P4,c1-20,USDCAD,revin-iTransformer,24,2021,11928,497x24x1,497x24x1,0.31550145505,0.166887880227,0.408519130797,d191f3990b61ba53324ed79ef4d5c5688334b8f7b2eabf4b49adda3cef80d388,8cb1658c21bc32337151f21cac50e2183d7b436644538c862fa80c4f7cb631c8,4f346a1849e213ec83446c6d7cdcd450e4e13f15532ce9787cb26a05e09727ee,e9fd86bcf97df569ccb03bc5382a68ca853185f2cb51bccb998ffc52d6768c6f
B_screen_WMT_DeReFusion_h24_s2021,B_screen_WMT_DeReFusion_h24_s2021__attempt-01,P4,c1-20,WMT,DeReFusion,24,2021,11496,479x24x1,479x24x1,0.415876651067,0.293486508664,0.541743951202,f5c715ec6a65770c8e38a91799e8c19c76599949425a95ad8a64087ac5f8bae4,d61698c4ff5229ecb9f5b6f0298ae0f72dc2daca1d7ba8ebe99e3e2aa9450cb1,927d268a64b42742e6ae0b29c60a178beadf98506c0e6e1bc778c2e08f885481,38f356700514cbd0e9c9e8ee2b1aa69af977935279d5353ac5dc6db01d5c99b8
B_screen_WMT_revin-DLinear_h24_s2021,B_screen_WMT_revin-DLinear_h24_s2021__attempt-01,P4,c1-20,WMT,revin-DLinear,24,2021,11496,479x24x1,479x24x1,0.410929362632,0.287602252157,0.536285606889,f5c715ec6a65770c8e38a91799e8c19c76599949425a95ad8a64087ac5f8bae4,d61698c4ff5229ecb9f5b6f0298ae0f72dc2daca1d7ba8ebe99e3e2aa9450cb1,927d268a64b42742e6ae0b29c60a178beadf98506c0e6e1bc778c2e08f885481,38f356700514cbd0e9c9e8ee2b1aa69af977935279d5353ac5dc6db01d5c99b8
B_screen_WMT_revin-PatchTST_h24_s2021,B_screen_WMT_revin-PatchTST_h24_s2021__attempt-01,P4,c1-20,WMT,revin-PatchTST,24,2021,11496,479x24x1,479x24x1,0.38759604224,0.261448348645,0.511320201679,f5c715ec6a65770c8e38a91799e8c19c76599949425a95ad8a64087ac5f8bae4,d61698c4ff5229ecb9f5b6f0298ae0f72dc2daca1d7ba8ebe99e3e2aa9450cb1,927d268a64b42742e6ae0b29c60a178beadf98506c0e6e1bc778c2e08f885481,38f356700514cbd0e9c9e8ee2b1aa69af977935279d5353ac5dc6db01d5c99b8
B_screen_WMT_revin-TimesNet_h24_s2021,B_screen_WMT_revin-TimesNet_h24_s2021__attempt-01,RTX8000,c1-20,WMT,revin-TimesNet,24,2021,11496,479x24x1,479x24x1,0.381080456581,0.250326676526,0.500326569878,f5c715ec6a65770c8e38a91799e8c19c76599949425a95ad8a64087ac5f8bae4,d61698c4ff5229ecb9f5b6f0298ae0f72dc2daca1d7ba8ebe99e3e2aa9450cb1,927d268a64b42742e6ae0b29c60a178beadf98506c0e6e1bc778c2e08f885481,38f356700514cbd0e9c9e8ee2b1aa69af977935279d5353ac5dc6db01d5c99b8
B_screen_WMT_revin-iTransformer_h24_s2021,B_screen_WMT_revin-iTransformer_h24_s2021__attempt-01,P4,c1-20,WMT,revin-iTransformer,24,2021,11496,479x24x1,479x24x1,0.484326805289,0.362571116261,0.602138784884,f5c715ec6a65770c8e38a91799e8c19c76599949425a95ad8a64087ac5f8bae4,d61698c4ff5229ecb9f5b6f0298ae0f72dc2daca1d7ba8ebe99e3e2aa9450cb1,927d268a64b42742e6ae0b29c60a178beadf98506c0e6e1bc778c2e08f885481,38f356700514cbd0e9c9e8ee2b1aa69af977935279d5353ac5dc6db01d5c99b8
B_screen_WTI_DeReFusion_h24_s2021,B_screen_WTI_DeReFusion_h24_s2021__attempt-01,P4,c1-20,WTI,DeReFusion,24,2021,11496,479x24x1,479x24x1,0.186110712849,0.0534996930828,0.231300006664,fe8c2f88cedfc1941cd87994bde5e85fc3a1122d00b00421328c48a35bfc9d29,9dad7c4cb3880085ad39561f47788ca9582e2d7964a109c7260f16e1f8184ec3,0b7361bb11333d1f6fb889429d8e4869789f260eb6d5c457c1ecec6b936527f1,49dd46ef50e3b5e383b05d600a807c66c26ffe03dfcb539137b7148be11c0671
B_screen_WTI_revin-DLinear_h24_s2021,B_screen_WTI_revin-DLinear_h24_s2021__attempt-01,P4,c1-20,WTI,revin-DLinear,24,2021,11496,479x24x1,479x24x1,0.167115232907,0.0436245818254,0.20886498468,fe8c2f88cedfc1941cd87994bde5e85fc3a1122d00b00421328c48a35bfc9d29,9dad7c4cb3880085ad39561f47788ca9582e2d7964a109c7260f16e1f8184ec3,0b7361bb11333d1f6fb889429d8e4869789f260eb6d5c457c1ecec6b936527f1,49dd46ef50e3b5e383b05d600a807c66c26ffe03dfcb539137b7148be11c0671
B_screen_WTI_revin-PatchTST_h24_s2021,B_screen_WTI_revin-PatchTST_h24_s2021__attempt-01,P4,c1-20,WTI,revin-PatchTST,24,2021,11496,479x24x1,479x24x1,0.151303455766,0.0387497728872,0.196849619982,fe8c2f88cedfc1941cd87994bde5e85fc3a1122d00b00421328c48a35bfc9d29,9dad7c4cb3880085ad39561f47788ca9582e2d7964a109c7260f16e1f8184ec3,0b7361bb11333d1f6fb889429d8e4869789f260eb6d5c457c1ecec6b936527f1,49dd46ef50e3b5e383b05d600a807c66c26ffe03dfcb539137b7148be11c0671
B_screen_WTI_revin-TimesNet_h24_s2021,B_screen_WTI_revin-TimesNet_h24_s2021__attempt-01,RTX8000,c1-20,WTI,revin-TimesNet,24,2021,11496,479x24x1,479x24x1,0.170014867563,0.0481853229465,0.219511555383,fe8c2f88cedfc1941cd87994bde5e85fc3a1122d00b00421328c48a35bfc9d29,9dad7c4cb3880085ad39561f47788ca9582e2d7964a109c7260f16e1f8184ec3,0b7361bb11333d1f6fb889429d8e4869789f260eb6d5c457c1ecec6b936527f1,49dd46ef50e3b5e383b05d600a807c66c26ffe03dfcb539137b7148be11c0671
B_screen_WTI_revin-iTransformer_h24_s2021,B_screen_WTI_revin-iTransformer_h24_s2021__attempt-01,P4,c1-20,WTI,revin-iTransformer,24,2021,11496,479x24x1,479x24x1,0.151598714687,0.039522174369,0.198801846996,fe8c2f88cedfc1941cd87994bde5e85fc3a1122d00b00421328c48a35bfc9d29,9dad7c4cb3880085ad39561f47788ca9582e2d7964a109c7260f16e1f8184ec3,0b7361bb11333d1f6fb889429d8e4869789f260eb6d5c457c1ecec6b936527f1,49dd46ef50e3b5e383b05d600a807c66c26ffe03dfcb539137b7148be11c0671
B_screen_XOM_DeReFusion_h24_s2021,B_screen_XOM_DeReFusion_h24_s2021__attempt-01,P4,c1-20,XOM,DeReFusion,24,2021,11496,479x24x1,479x24x1,0.240489945469,0.0991140029544,0.314823764914,dc61ceae3b96df8ee7d16990cb11b3af4b5d0e4a4fe934e1cf03cc4a837792de,c8484713d4d6d318c36d18fce6a8331a89289502865651f67dba5b0aadd62108,74ecd45a77d1edb9692cadc61b853a381de1b028f50a290df4057f37f9b9c928,9b3fa508fbb2a06aecc2f1e003808858149148b7433e8de16343d208edc93d3e
B_screen_XOM_revin-DLinear_h24_s2021,B_screen_XOM_revin-DLinear_h24_s2021__attempt-01,P4,c1-20,XOM,revin-DLinear,24,2021,11496,479x24x1,479x24x1,0.228784695579,0.0888495162292,0.298076359729,dc61ceae3b96df8ee7d16990cb11b3af4b5d0e4a4fe934e1cf03cc4a837792de,c8484713d4d6d318c36d18fce6a8331a89289502865651f67dba5b0aadd62108,74ecd45a77d1edb9692cadc61b853a381de1b028f50a290df4057f37f9b9c928,9b3fa508fbb2a06aecc2f1e003808858149148b7433e8de16343d208edc93d3e
B_screen_XOM_revin-PatchTST_h24_s2021,B_screen_XOM_revin-PatchTST_h24_s2021__attempt-01,P4,c1-20,XOM,revin-PatchTST,24,2021,11496,479x24x1,479x24x1,0.215840344047,0.0830932177502,0.288258942186,dc61ceae3b96df8ee7d16990cb11b3af4b5d0e4a4fe934e1cf03cc4a837792de,c8484713d4d6d318c36d18fce6a8331a89289502865651f67dba5b0aadd62108,74ecd45a77d1edb9692cadc61b853a381de1b028f50a290df4057f37f9b9c928,9b3fa508fbb2a06aecc2f1e003808858149148b7433e8de16343d208edc93d3e
B_screen_XOM_revin-TimesNet_h24_s2021,B_screen_XOM_revin-TimesNet_h24_s2021__attempt-01,RTX8000,c1-20,XOM,revin-TimesNet,24,2021,11496,479x24x1,479x24x1,0.252317323679,0.103403230481,0.321563726936,dc61ceae3b96df8ee7d16990cb11b3af4b5d0e4a4fe934e1cf03cc4a837792de,c8484713d4d6d318c36d18fce6a8331a89289502865651f67dba5b0aadd62108,74ecd45a77d1edb9692cadc61b853a381de1b028f50a290df4057f37f9b9c928,9b3fa508fbb2a06aecc2f1e003808858149148b7433e8de16343d208edc93d3e
B_screen_XOM_revin-iTransformer_h24_s2021,B_screen_XOM_revin-iTransformer_h24_s2021__attempt-01,P4,c1-20,XOM,revin-iTransformer,24,2021,11496,479x24x1,479x24x1,0.242094908042,0.102144247657,0.319600137136,dc61ceae3b96df8ee7d16990cb11b3af4b5d0e4a4fe934e1cf03cc4a837792de,c8484713d4d6d318c36d18fce6a8331a89289502865651f67dba5b0aadd62108,74ecd45a77d1edb9692cadc61b853a381de1b028f50a290df4057f37f9b9c928,9b3fa508fbb2a06aecc2f1e003808858149148b7433e8de16343d208edc93d3e
B_screen_BABA_DeReFusion_h1_s2021,B_screen_BABA_DeReFusion_h1_s2021__attempt-01,P4,original-10,BABA,DeReFusion,1,2021,502,502x1x1,502x1x1,0.115175185919,0.0236615374118,0.15382307178,3c5c9ce9e60873d42033796135644c952fde641534f7a322aa9db205bd46a7eb,dd61a26e8e596fd90cca3e9d5be7890276442fca4bcf6fda962eb2bec57ee81f,8d04e801150e77666d95339668d3413f4d74027bd2bf90037cb6778c14d8c5ac,dc8abf9c357e8d57c5c743fbf93e0ff5b796bf32d0be4d16b08302a9fa3143cc
B_screen_BABA_revin-DLinear_h1_s2021,B_screen_BABA_revin-DLinear_h1_s2021__attempt-01,P4,original-10,BABA,revin-DLinear,1,2021,502,502x1x1,502x1x1,0.0916578181109,0.0178092370806,0.133451253574,3c5c9ce9e60873d42033796135644c952fde641534f7a322aa9db205bd46a7eb,dd61a26e8e596fd90cca3e9d5be7890276442fca4bcf6fda962eb2bec57ee81f,8d04e801150e77666d95339668d3413f4d74027bd2bf90037cb6778c14d8c5ac,dc8abf9c357e8d57c5c743fbf93e0ff5b796bf32d0be4d16b08302a9fa3143cc
B_screen_BABA_revin-PatchTST_h1_s2021,B_screen_BABA_revin-PatchTST_h1_s2021__attempt-01,P4,original-10,BABA,revin-PatchTST,1,2021,502,502x1x1,502x1x1,0.0555524395652,0.00728410573233,0.085346972602,3c5c9ce9e60873d42033796135644c952fde641534f7a322aa9db205bd46a7eb,dd61a26e8e596fd90cca3e9d5be7890276442fca4bcf6fda962eb2bec57ee81f,8d04e801150e77666d95339668d3413f4d74027bd2bf90037cb6778c14d8c5ac,dc8abf9c357e8d57c5c743fbf93e0ff5b796bf32d0be4d16b08302a9fa3143cc
B_screen_BABA_revin-TimesNet_h1_s2021,B_screen_BABA_revin-TimesNet_h1_s2021__attempt-01,RTX8000,original-10,BABA,revin-TimesNet,1,2021,502,502x1x1,502x1x1,0.0892757894485,0.0158359644215,0.125841028371,3c5c9ce9e60873d42033796135644c952fde641534f7a322aa9db205bd46a7eb,dd61a26e8e596fd90cca3e9d5be7890276442fca4bcf6fda962eb2bec57ee81f,8d04e801150e77666d95339668d3413f4d74027bd2bf90037cb6778c14d8c5ac,dc8abf9c357e8d57c5c743fbf93e0ff5b796bf32d0be4d16b08302a9fa3143cc
B_screen_BABA_revin-iTransformer_h1_s2021,B_screen_BABA_revin-iTransformer_h1_s2021__attempt-01,P4,original-10,BABA,revin-iTransformer,1,2021,502,502x1x1,502x1x1,0.0707238707557,0.0100358889991,0.100179284281,3c5c9ce9e60873d42033796135644c952fde641534f7a322aa9db205bd46a7eb,dd61a26e8e596fd90cca3e9d5be7890276442fca4bcf6fda962eb2bec57ee81f,8d04e801150e77666d95339668d3413f4d74027bd2bf90037cb6778c14d8c5ac,dc8abf9c357e8d57c5c743fbf93e0ff5b796bf32d0be4d16b08302a9fa3143cc
B_screen_BTCUSD_DeReFusion_h1_s2021,B_screen_BTCUSD_DeReFusion_h1_s2021__attempt-01,P4,original-10,BTCUSD,DeReFusion,1,2021,730,730x1x1,730x1x1,0.160749934961,0.0438794787944,0.209474291488,7370027a8cb2e2e9cba5e2a35f94dfa2ccb30e7a50facc2289d459e2b42e8521,d671793c633f071a8d6b9866e4d26f832dd604ec06425252256efa270e30d22c,6bac7956b8cbc3be4ba6328c1ce3792012c329c670aedb84382bd452561fbfa7,3f98636e2820e824086bdbae32f459557d8bb9c0bb6b6bcfd572e8a38abb910d
B_screen_BTCUSD_revin-DLinear_h1_s2021,B_screen_BTCUSD_revin-DLinear_h1_s2021__attempt-01,P4,original-10,BTCUSD,revin-DLinear,1,2021,730,730x1x1,730x1x1,0.17745910785,0.0509368016271,0.225691828889,7370027a8cb2e2e9cba5e2a35f94dfa2ccb30e7a50facc2289d459e2b42e8521,d671793c633f071a8d6b9866e4d26f832dd604ec06425252256efa270e30d22c,6bac7956b8cbc3be4ba6328c1ce3792012c329c670aedb84382bd452561fbfa7,3f98636e2820e824086bdbae32f459557d8bb9c0bb6b6bcfd572e8a38abb910d
B_screen_BTCUSD_revin-PatchTST_h1_s2021,B_screen_BTCUSD_revin-PatchTST_h1_s2021__attempt-01,P4,original-10,BTCUSD,revin-PatchTST,1,2021,730,730x1x1,730x1x1,0.110637905336,0.0225857665486,0.150285616573,7370027a8cb2e2e9cba5e2a35f94dfa2ccb30e7a50facc2289d459e2b42e8521,d671793c633f071a8d6b9866e4d26f832dd604ec06425252256efa270e30d22c,6bac7956b8cbc3be4ba6328c1ce3792012c329c670aedb84382bd452561fbfa7,3f98636e2820e824086bdbae32f459557d8bb9c0bb6b6bcfd572e8a38abb910d
B_screen_BTCUSD_revin-TimesNet_h1_s2021,B_screen_BTCUSD_revin-TimesNet_h1_s2021__attempt-01,RTX8000,original-10,BTCUSD,revin-TimesNet,1,2021,730,730x1x1,730x1x1,0.156612239472,0.0420242245731,0.204998108706,7370027a8cb2e2e9cba5e2a35f94dfa2ccb30e7a50facc2289d459e2b42e8521,d671793c633f071a8d6b9866e4d26f832dd604ec06425252256efa270e30d22c,6bac7956b8cbc3be4ba6328c1ce3792012c329c670aedb84382bd452561fbfa7,3f98636e2820e824086bdbae32f459557d8bb9c0bb6b6bcfd572e8a38abb910d
B_screen_BTCUSD_revin-iTransformer_h1_s2021,B_screen_BTCUSD_revin-iTransformer_h1_s2021__attempt-01,P4,original-10,BTCUSD,revin-iTransformer,1,2021,730,730x1x1,730x1x1,0.139226233796,0.0322877659356,0.179687968255,7370027a8cb2e2e9cba5e2a35f94dfa2ccb30e7a50facc2289d459e2b42e8521,d671793c633f071a8d6b9866e4d26f832dd604ec06425252256efa270e30d22c,6bac7956b8cbc3be4ba6328c1ce3792012c329c670aedb84382bd452561fbfa7,3f98636e2820e824086bdbae32f459557d8bb9c0bb6b6bcfd572e8a38abb910d
B_screen_DJI_DeReFusion_h1_s2021,B_screen_DJI_DeReFusion_h1_s2021__attempt-01,P4,original-10,DJI,DeReFusion,1,2021,502,502x1x1,502x1x1,0.0895809232001,0.0144486368395,0.120202482668,b62efbff9cb198a6d5b2e24625b644305478aba0e79e1570122d2a1f15a880ac,fe984151d3ac290224c38a1a2d3bc65769a7c9df9efc48aec87f3c8ecedb753e,bef7c39c9cdd69cab6b5182cbf7892e218ff70a9b0b88ebe1f44e5588e716838,0b50cdfb61237a23d05a7341232e53a6af105f685a7c1530a01fd529ebbff958
B_screen_DJI_revin-DLinear_h1_s2021,B_screen_DJI_revin-DLinear_h1_s2021__attempt-01,P4,original-10,DJI,revin-DLinear,1,2021,502,502x1x1,502x1x1,0.0916178582674,0.0146010659073,0.120834870411,b62efbff9cb198a6d5b2e24625b644305478aba0e79e1570122d2a1f15a880ac,fe984151d3ac290224c38a1a2d3bc65769a7c9df9efc48aec87f3c8ecedb753e,bef7c39c9cdd69cab6b5182cbf7892e218ff70a9b0b88ebe1f44e5588e716838,0b50cdfb61237a23d05a7341232e53a6af105f685a7c1530a01fd529ebbff958
B_screen_DJI_revin-PatchTST_h1_s2021,B_screen_DJI_revin-PatchTST_h1_s2021__attempt-01,P4,original-10,DJI,revin-PatchTST,1,2021,502,502x1x1,502x1x1,0.0576267007338,0.00645178071235,0.0803229774868,b62efbff9cb198a6d5b2e24625b644305478aba0e79e1570122d2a1f15a880ac,fe984151d3ac290224c38a1a2d3bc65769a7c9df9efc48aec87f3c8ecedb753e,bef7c39c9cdd69cab6b5182cbf7892e218ff70a9b0b88ebe1f44e5588e716838,0b50cdfb61237a23d05a7341232e53a6af105f685a7c1530a01fd529ebbff958
B_screen_DJI_revin-TimesNet_h1_s2021,B_screen_DJI_revin-TimesNet_h1_s2021__attempt-01,RTX8000,original-10,DJI,revin-TimesNet,1,2021,502,502x1x1,502x1x1,0.0773640752314,0.0123917558867,0.11131826394,b62efbff9cb198a6d5b2e24625b644305478aba0e79e1570122d2a1f15a880ac,fe984151d3ac290224c38a1a2d3bc65769a7c9df9efc48aec87f3c8ecedb753e,bef7c39c9cdd69cab6b5182cbf7892e218ff70a9b0b88ebe1f44e5588e716838,0b50cdfb61237a23d05a7341232e53a6af105f685a7c1530a01fd529ebbff958
B_screen_DJI_revin-iTransformer_h1_s2021,B_screen_DJI_revin-iTransformer_h1_s2021__attempt-01,P4,original-10,DJI,revin-iTransformer,1,2021,502,502x1x1,502x1x1,0.0659742186744,0.00845173997582,0.0919333452879,b62efbff9cb198a6d5b2e24625b644305478aba0e79e1570122d2a1f15a880ac,fe984151d3ac290224c38a1a2d3bc65769a7c9df9efc48aec87f3c8ecedb753e,bef7c39c9cdd69cab6b5182cbf7892e218ff70a9b0b88ebe1f44e5588e716838,0b50cdfb61237a23d05a7341232e53a6af105f685a7c1530a01fd529ebbff958
B_screen_ETHUSD_DeReFusion_h1_s2021,B_screen_ETHUSD_DeReFusion_h1_s2021__attempt-01,P4,original-10,ETHUSD,DeReFusion,1,2021,595,595x1x1,595x1x1,0.149715974351,0.0389945913348,0.197470482186,fabfefffffb7c81cd7d85d626f8477e16af5e37f9b3f328c93243667092a964a,d843bb65fcca72ba6f0fd2ffa832e5cb3c3c6f01d5c84f39fd53e6de0d6a5a5a,76f63b29fc5302c9f438cf6d26785215a50fdc0813b211ea53e8eae95450cd41,ad8ee321242bfe031fef99057484f891b58c7546ab12d0b0bce0b77ba5761b72
B_screen_ETHUSD_revin-DLinear_h1_s2021,B_screen_ETHUSD_revin-DLinear_h1_s2021__attempt-01,P4,original-10,ETHUSD,revin-DLinear,1,2021,595,595x1x1,595x1x1,0.146624309025,0.0372261968901,0.192940915542,fabfefffffb7c81cd7d85d626f8477e16af5e37f9b3f328c93243667092a964a,d843bb65fcca72ba6f0fd2ffa832e5cb3c3c6f01d5c84f39fd53e6de0d6a5a5a,76f63b29fc5302c9f438cf6d26785215a50fdc0813b211ea53e8eae95450cd41,ad8ee321242bfe031fef99057484f891b58c7546ab12d0b0bce0b77ba5761b72
B_screen_ETHUSD_revin-PatchTST_h1_s2021,B_screen_ETHUSD_revin-PatchTST_h1_s2021__attempt-01,P4,original-10,ETHUSD,revin-PatchTST,1,2021,595,595x1x1,595x1x1,0.0928150168988,0.0152721562047,0.123580565643,fabfefffffb7c81cd7d85d626f8477e16af5e37f9b3f328c93243667092a964a,d843bb65fcca72ba6f0fd2ffa832e5cb3c3c6f01d5c84f39fd53e6de0d6a5a5a,76f63b29fc5302c9f438cf6d26785215a50fdc0813b211ea53e8eae95450cd41,ad8ee321242bfe031fef99057484f891b58c7546ab12d0b0bce0b77ba5761b72
B_screen_ETHUSD_revin-TimesNet_h1_s2021,B_screen_ETHUSD_revin-TimesNet_h1_s2021__attempt-01,RTX8000,original-10,ETHUSD,revin-TimesNet,1,2021,595,595x1x1,595x1x1,0.12369747823,0.0310467914502,0.176200997302,fabfefffffb7c81cd7d85d626f8477e16af5e37f9b3f328c93243667092a964a,d843bb65fcca72ba6f0fd2ffa832e5cb3c3c6f01d5c84f39fd53e6de0d6a5a5a,76f63b29fc5302c9f438cf6d26785215a50fdc0813b211ea53e8eae95450cd41,ad8ee321242bfe031fef99057484f891b58c7546ab12d0b0bce0b77ba5761b72
B_screen_ETHUSD_revin-iTransformer_h1_s2021,B_screen_ETHUSD_revin-iTransformer_h1_s2021__attempt-01,P4,original-10,ETHUSD,revin-iTransformer,1,2021,595,595x1x1,595x1x1,0.113946188548,0.0227639704271,0.150877335697,fabfefffffb7c81cd7d85d626f8477e16af5e37f9b3f328c93243667092a964a,d843bb65fcca72ba6f0fd2ffa832e5cb3c3c6f01d5c84f39fd53e6de0d6a5a5a,76f63b29fc5302c9f438cf6d26785215a50fdc0813b211ea53e8eae95450cd41,ad8ee321242bfe031fef99057484f891b58c7546ab12d0b0bce0b77ba5761b72
B_screen_EURUSD_DeReFusion_h1_s2021,B_screen_EURUSD_DeReFusion_h1_s2021__attempt-01,P4,original-10,EURUSD,DeReFusion,1,2021,520,520x1x1,520x1x1,0.124050800621,0.026315831287,0.162221550008,7b520db1e2eea61170ab5589eeac893ed3a596e6c352e07815204545efdf72cf,19b83e5502a20939547cc3b415bcefc6288e7cf0df7041fe3d4d17ba38fbe84f,decee70b7bac3a8c9e38fb0a298e25944d49656287aef8edf7ed7e4fa24ff39d,d6c5c2a46df24c81034d8e17d2d86ee53111c497a874dcafe13f5057c8edcfc0
B_screen_EURUSD_revin-DLinear_h1_s2021,B_screen_EURUSD_revin-DLinear_h1_s2021__attempt-01,P4,original-10,EURUSD,revin-DLinear,1,2021,520,520x1x1,520x1x1,0.127754075257,0.0271236704918,0.164692654638,7b520db1e2eea61170ab5589eeac893ed3a596e6c352e07815204545efdf72cf,19b83e5502a20939547cc3b415bcefc6288e7cf0df7041fe3d4d17ba38fbe84f,decee70b7bac3a8c9e38fb0a298e25944d49656287aef8edf7ed7e4fa24ff39d,d6c5c2a46df24c81034d8e17d2d86ee53111c497a874dcafe13f5057c8edcfc0
B_screen_EURUSD_revin-PatchTST_h1_s2021,B_screen_EURUSD_revin-PatchTST_h1_s2021__attempt-01,P4,original-10,EURUSD,revin-PatchTST,1,2021,520,520x1x1,520x1x1,0.0790093856765,0.0114435481824,0.106974521183,7b520db1e2eea61170ab5589eeac893ed3a596e6c352e07815204545efdf72cf,19b83e5502a20939547cc3b415bcefc6288e7cf0df7041fe3d4d17ba38fbe84f,decee70b7bac3a8c9e38fb0a298e25944d49656287aef8edf7ed7e4fa24ff39d,d6c5c2a46df24c81034d8e17d2d86ee53111c497a874dcafe13f5057c8edcfc0
B_screen_EURUSD_revin-TimesNet_h1_s2021,B_screen_EURUSD_revin-TimesNet_h1_s2021__attempt-01,RTX8000,original-10,EURUSD,revin-TimesNet,1,2021,520,520x1x1,520x1x1,0.0824090987417,0.0123465999026,0.11111525504,7b520db1e2eea61170ab5589eeac893ed3a596e6c352e07815204545efdf72cf,19b83e5502a20939547cc3b415bcefc6288e7cf0df7041fe3d4d17ba38fbe84f,decee70b7bac3a8c9e38fb0a298e25944d49656287aef8edf7ed7e4fa24ff39d,d6c5c2a46df24c81034d8e17d2d86ee53111c497a874dcafe13f5057c8edcfc0
B_screen_EURUSD_revin-iTransformer_h1_s2021,B_screen_EURUSD_revin-iTransformer_h1_s2021__attempt-01,P4,original-10,EURUSD,revin-iTransformer,1,2021,520,520x1x1,520x1x1,0.0903768699876,0.0141398802824,0.11891122858,7b520db1e2eea61170ab5589eeac893ed3a596e6c352e07815204545efdf72cf,19b83e5502a20939547cc3b415bcefc6288e7cf0df7041fe3d4d17ba38fbe84f,decee70b7bac3a8c9e38fb0a298e25944d49656287aef8edf7ed7e4fa24ff39d,d6c5c2a46df24c81034d8e17d2d86ee53111c497a874dcafe13f5057c8edcfc0
B_screen_GSPC_DeReFusion_h1_s2021,B_screen_GSPC_DeReFusion_h1_s2021__attempt-01,P4,original-10,GSPC,DeReFusion,1,2021,502,502x1x1,502x1x1,0.0928717324458,0.0164264362653,0.128165659462,a1cc1e17a241738a5e82aa008a121bdb21b71a39dc2601af8c77bfaef82c5c74,d8f7f2f33ead57ed30c44f2c100908d2eb5a2d2b4476c6996e7ad9e6a7a4cbda,3ed85c6a7679d7dd64c345bf43159e27fffd8b275867249e30f270fe2533083e,69c564566da7b8aa14ccfeabcf71adb6bac6db28c1b36dbfd34e7260e25fe4b0
B_screen_GSPC_revin-DLinear_h1_s2021,B_screen_GSPC_revin-DLinear_h1_s2021__attempt-01,P4,original-10,GSPC,revin-DLinear,1,2021,502,502x1x1,502x1x1,0.0949486456069,0.0157921187017,0.125666696868,a1cc1e17a241738a5e82aa008a121bdb21b71a39dc2601af8c77bfaef82c5c74,d8f7f2f33ead57ed30c44f2c100908d2eb5a2d2b4476c6996e7ad9e6a7a4cbda,3ed85c6a7679d7dd64c345bf43159e27fffd8b275867249e30f270fe2533083e,69c564566da7b8aa14ccfeabcf71adb6bac6db28c1b36dbfd34e7260e25fe4b0
B_screen_GSPC_revin-PatchTST_h1_s2021,B_screen_GSPC_revin-PatchTST_h1_s2021__attempt-01,P4,original-10,GSPC,revin-PatchTST,1,2021,502,502x1x1,502x1x1,0.056454743997,0.00655252804797,0.080947687107,a1cc1e17a241738a5e82aa008a121bdb21b71a39dc2601af8c77bfaef82c5c74,d8f7f2f33ead57ed30c44f2c100908d2eb5a2d2b4476c6996e7ad9e6a7a4cbda,3ed85c6a7679d7dd64c345bf43159e27fffd8b275867249e30f270fe2533083e,69c564566da7b8aa14ccfeabcf71adb6bac6db28c1b36dbfd34e7260e25fe4b0
B_screen_GSPC_revin-TimesNet_h1_s2021,B_screen_GSPC_revin-TimesNet_h1_s2021__attempt-01,RTX8000,original-10,GSPC,revin-TimesNet,1,2021,502,502x1x1,502x1x1,0.0687749400082,0.00932251147539,0.0965531536274,a1cc1e17a241738a5e82aa008a121bdb21b71a39dc2601af8c77bfaef82c5c74,d8f7f2f33ead57ed30c44f2c100908d2eb5a2d2b4476c6996e7ad9e6a7a4cbda,3ed85c6a7679d7dd64c345bf43159e27fffd8b275867249e30f270fe2533083e,69c564566da7b8aa14ccfeabcf71adb6bac6db28c1b36dbfd34e7260e25fe4b0
B_screen_GSPC_revin-iTransformer_h1_s2021,B_screen_GSPC_revin-iTransformer_h1_s2021__attempt-01,P4,original-10,GSPC,revin-iTransformer,1,2021,502,502x1x1,502x1x1,0.0658292143468,0.00850717823912,0.0922343658249,a1cc1e17a241738a5e82aa008a121bdb21b71a39dc2601af8c77bfaef82c5c74,d8f7f2f33ead57ed30c44f2c100908d2eb5a2d2b4476c6996e7ad9e6a7a4cbda,3ed85c6a7679d7dd64c345bf43159e27fffd8b275867249e30f270fe2533083e,69c564566da7b8aa14ccfeabcf71adb6bac6db28c1b36dbfd34e7260e25fe4b0
B_screen_NVO_DeReFusion_h1_s2021,B_screen_NVO_DeReFusion_h1_s2021__attempt-01,P4,original-10,NVO,DeReFusion,1,2021,502,502x1x1,502x1x1,0.308702169187,0.166007083748,0.407439668845,ae8017e4dbce80fd51cffc530fed43c13e26833a862e58507a696d8a064d1a72,7d63c0d5cdaa74b638287b06d0702ecfbad306f954e5f9199d75a5764427a12a,63abb1de3c9b9d2c590245b0d518564ef209403ac6a9caab0ca11634ef402409,935b96b27575359455b01cdc5afb97f9ec67147f20cf97f858e9adc26d25206f
B_screen_NVO_revin-DLinear_h1_s2021,B_screen_NVO_revin-DLinear_h1_s2021__attempt-01,P4,original-10,NVO,revin-DLinear,1,2021,502,502x1x1,502x1x1,0.308788827691,0.163132790798,0.403897005186,ae8017e4dbce80fd51cffc530fed43c13e26833a862e58507a696d8a064d1a72,7d63c0d5cdaa74b638287b06d0702ecfbad306f954e5f9199d75a5764427a12a,63abb1de3c9b9d2c590245b0d518564ef209403ac6a9caab0ca11634ef402409,935b96b27575359455b01cdc5afb97f9ec67147f20cf97f858e9adc26d25206f
B_screen_NVO_revin-PatchTST_h1_s2021,B_screen_NVO_revin-PatchTST_h1_s2021__attempt-01,P4,original-10,NVO,revin-PatchTST,1,2021,502,502x1x1,502x1x1,0.175769060256,0.0624347176506,0.249869401189,ae8017e4dbce80fd51cffc530fed43c13e26833a862e58507a696d8a064d1a72,7d63c0d5cdaa74b638287b06d0702ecfbad306f954e5f9199d75a5764427a12a,63abb1de3c9b9d2c590245b0d518564ef209403ac6a9caab0ca11634ef402409,935b96b27575359455b01cdc5afb97f9ec67147f20cf97f858e9adc26d25206f
B_screen_NVO_revin-TimesNet_h1_s2021,B_screen_NVO_revin-TimesNet_h1_s2021__attempt-01,RTX8000,original-10,NVO,revin-TimesNet,1,2021,502,502x1x1,502x1x1,0.296042442559,0.178115815813,0.422037694777,ae8017e4dbce80fd51cffc530fed43c13e26833a862e58507a696d8a064d1a72,7d63c0d5cdaa74b638287b06d0702ecfbad306f954e5f9199d75a5764427a12a,63abb1de3c9b9d2c590245b0d518564ef209403ac6a9caab0ca11634ef402409,935b96b27575359455b01cdc5afb97f9ec67147f20cf97f858e9adc26d25206f
B_screen_NVO_revin-iTransformer_h1_s2021,B_screen_NVO_revin-iTransformer_h1_s2021__attempt-01,P4,original-10,NVO,revin-iTransformer,1,2021,502,502x1x1,502x1x1,0.190540250554,0.0726302288901,0.269499960835,ae8017e4dbce80fd51cffc530fed43c13e26833a862e58507a696d8a064d1a72,7d63c0d5cdaa74b638287b06d0702ecfbad306f954e5f9199d75a5764427a12a,63abb1de3c9b9d2c590245b0d518564ef209403ac6a9caab0ca11634ef402409,935b96b27575359455b01cdc5afb97f9ec67147f20cf97f858e9adc26d25206f
B_screen_SOX_DeReFusion_h1_s2021,B_screen_SOX_DeReFusion_h1_s2021__attempt-01,P4,original-10,SOX,DeReFusion,1,2021,502,502x1x1,502x1x1,0.179585798328,0.0555272998105,0.235642313285,0a3a55b50cc775b3daadc97cb1f0ae0b64142d0b460f892ac59eb4d538aa8941,fca271d98c8a7d877dce82c5827f8d5e130e58aa716535100d1c6bebbd4ca5c5,b6972d30f925dad1756b963c1ee4448502ed8dc3e4a6aeda7365155d843e458d,9d975a19f7d45c2e94901d030369afc8645ca9b40d811f1feb20e376fe9cb200
B_screen_SOX_revin-DLinear_h1_s2021,B_screen_SOX_revin-DLinear_h1_s2021__attempt-01,P4,original-10,SOX,revin-DLinear,1,2021,502,502x1x1,502x1x1,0.179243654844,0.0523929245393,0.228895007677,0a3a55b50cc775b3daadc97cb1f0ae0b64142d0b460f892ac59eb4d538aa8941,fca271d98c8a7d877dce82c5827f8d5e130e58aa716535100d1c6bebbd4ca5c5,b6972d30f925dad1756b963c1ee4448502ed8dc3e4a6aeda7365155d843e458d,9d975a19f7d45c2e94901d030369afc8645ca9b40d811f1feb20e376fe9cb200
B_screen_SOX_revin-PatchTST_h1_s2021,B_screen_SOX_revin-PatchTST_h1_s2021__attempt-01,P4,original-10,SOX,revin-PatchTST,1,2021,502,502x1x1,502x1x1,0.117394870496,0.0244831174562,0.156470819823,0a3a55b50cc775b3daadc97cb1f0ae0b64142d0b460f892ac59eb4d538aa8941,fca271d98c8a7d877dce82c5827f8d5e130e58aa716535100d1c6bebbd4ca5c5,b6972d30f925dad1756b963c1ee4448502ed8dc3e4a6aeda7365155d843e458d,9d975a19f7d45c2e94901d030369afc8645ca9b40d811f1feb20e376fe9cb200
B_screen_SOX_revin-TimesNet_h1_s2021,B_screen_SOX_revin-TimesNet_h1_s2021__attempt-01,RTX8000,original-10,SOX,revin-TimesNet,1,2021,502,502x1x1,502x1x1,0.165797458227,0.0463976338234,0.215401099866,0a3a55b50cc775b3daadc97cb1f0ae0b64142d0b460f892ac59eb4d538aa8941,fca271d98c8a7d877dce82c5827f8d5e130e58aa716535100d1c6bebbd4ca5c5,b6972d30f925dad1756b963c1ee4448502ed8dc3e4a6aeda7365155d843e458d,9d975a19f7d45c2e94901d030369afc8645ca9b40d811f1feb20e376fe9cb200
B_screen_SOX_revin-iTransformer_h1_s2021,B_screen_SOX_revin-iTransformer_h1_s2021__attempt-01,P4,original-10,SOX,revin-iTransformer,1,2021,502,502x1x1,502x1x1,0.124678739988,0.0266918666395,0.163376456809,0a3a55b50cc775b3daadc97cb1f0ae0b64142d0b460f892ac59eb4d538aa8941,fca271d98c8a7d877dce82c5827f8d5e130e58aa716535100d1c6bebbd4ca5c5,b6972d30f925dad1756b963c1ee4448502ed8dc3e4a6aeda7365155d843e458d,9d975a19f7d45c2e94901d030369afc8645ca9b40d811f1feb20e376fe9cb200
B_screen_TM_DeReFusion_h1_s2021,B_screen_TM_DeReFusion_h1_s2021__attempt-01,P4,original-10,TM,DeReFusion,1,2021,502,502x1x1,502x1x1,0.227537325179,0.0866390853398,0.294345180596,115291a769976c0f737f75711bf38f9eb7bceaf0a4e752658829ded88c00ddc9,655b979a67963c6b6be7c7ce8b4fc0fc929f86dc23f4d35f9586b094fffa1ebe,4f6a56b973432b10296b0da89090dd69e5a91864c0ef15bde9ad90554c6298ba,311f48df3f6ab363efb614a8adddcafda509c9996816d3dd220e53a7296cf14b
B_screen_TM_revin-DLinear_h1_s2021,B_screen_TM_revin-DLinear_h1_s2021__attempt-01,P4,original-10,TM,revin-DLinear,1,2021,502,502x1x1,502x1x1,0.229726501433,0.091173014552,0.301948695231,115291a769976c0f737f75711bf38f9eb7bceaf0a4e752658829ded88c00ddc9,655b979a67963c6b6be7c7ce8b4fc0fc929f86dc23f4d35f9586b094fffa1ebe,4f6a56b973432b10296b0da89090dd69e5a91864c0ef15bde9ad90554c6298ba,311f48df3f6ab363efb614a8adddcafda509c9996816d3dd220e53a7296cf14b
B_screen_TM_revin-PatchTST_h1_s2021,B_screen_TM_revin-PatchTST_h1_s2021__attempt-01,P4,original-10,TM,revin-PatchTST,1,2021,502,502x1x1,502x1x1,0.133783624229,0.0324639433203,0.180177532785,115291a769976c0f737f75711bf38f9eb7bceaf0a4e752658829ded88c00ddc9,655b979a67963c6b6be7c7ce8b4fc0fc929f86dc23f4d35f9586b094fffa1ebe,4f6a56b973432b10296b0da89090dd69e5a91864c0ef15bde9ad90554c6298ba,311f48df3f6ab363efb614a8adddcafda509c9996816d3dd220e53a7296cf14b
B_screen_TM_revin-TimesNet_h1_s2021,B_screen_TM_revin-TimesNet_h1_s2021__attempt-01,RTX8000,original-10,TM,revin-TimesNet,1,2021,502,502x1x1,502x1x1,0.209229747375,0.0732891645335,0.27071971582,115291a769976c0f737f75711bf38f9eb7bceaf0a4e752658829ded88c00ddc9,655b979a67963c6b6be7c7ce8b4fc0fc929f86dc23f4d35f9586b094fffa1ebe,4f6a56b973432b10296b0da89090dd69e5a91864c0ef15bde9ad90554c6298ba,311f48df3f6ab363efb614a8adddcafda509c9996816d3dd220e53a7296cf14b
B_screen_TM_revin-iTransformer_h1_s2021,B_screen_TM_revin-iTransformer_h1_s2021__attempt-01,P4,original-10,TM,revin-iTransformer,1,2021,502,502x1x1,502x1x1,0.159733542883,0.0448245594123,0.211718113095,115291a769976c0f737f75711bf38f9eb7bceaf0a4e752658829ded88c00ddc9,655b979a67963c6b6be7c7ce8b4fc0fc929f86dc23f4d35f9586b094fffa1ebe,4f6a56b973432b10296b0da89090dd69e5a91864c0ef15bde9ad90554c6298ba,311f48df3f6ab363efb614a8adddcafda509c9996816d3dd220e53a7296cf14b
B_screen_USDJPY_DeReFusion_h1_s2021,B_screen_USDJPY_DeReFusion_h1_s2021__attempt-01,P4,original-10,USDJPY,DeReFusion,1,2021,520,520x1x1,520x1x1,0.151738532231,0.0388445328204,0.19709016419,893983555507b42808bf4131b5f39a16eab3dd3bb05309915ca9ec517e555285,618ed733bef2746c54de2963f6ccc4d373b57cb28e0fe97e6585d7217412d61b,5539f922f5579d00175e1eb84172aeea60a621499933fa668986f9f7757d8488,7a70cdd8593ad923538d8ef0a04cddb8f7d61c67034e6c84628f7e27a5d1d133
B_screen_USDJPY_revin-DLinear_h1_s2021,B_screen_USDJPY_revin-DLinear_h1_s2021__attempt-01,P4,original-10,USDJPY,revin-DLinear,1,2021,520,520x1x1,520x1x1,0.164581252061,0.0465799569797,0.215823902707,893983555507b42808bf4131b5f39a16eab3dd3bb05309915ca9ec517e555285,618ed733bef2746c54de2963f6ccc4d373b57cb28e0fe97e6585d7217412d61b,5539f922f5579d00175e1eb84172aeea60a621499933fa668986f9f7757d8488,7a70cdd8593ad923538d8ef0a04cddb8f7d61c67034e6c84628f7e27a5d1d133
B_screen_USDJPY_revin-PatchTST_h1_s2021,B_screen_USDJPY_revin-PatchTST_h1_s2021__attempt-01,P4,original-10,USDJPY,revin-PatchTST,1,2021,520,520x1x1,520x1x1,0.0984770944485,0.0170600355837,0.130614071155,893983555507b42808bf4131b5f39a16eab3dd3bb05309915ca9ec517e555285,618ed733bef2746c54de2963f6ccc4d373b57cb28e0fe97e6585d7217412d61b,5539f922f5579d00175e1eb84172aeea60a621499933fa668986f9f7757d8488,7a70cdd8593ad923538d8ef0a04cddb8f7d61c67034e6c84628f7e27a5d1d133
B_screen_USDJPY_revin-TimesNet_h1_s2021,B_screen_USDJPY_revin-TimesNet_h1_s2021__attempt-01,RTX8000,original-10,USDJPY,revin-TimesNet,1,2021,520,520x1x1,520x1x1,0.118290223067,0.0255256834346,0.159767591941,893983555507b42808bf4131b5f39a16eab3dd3bb05309915ca9ec517e555285,618ed733bef2746c54de2963f6ccc4d373b57cb28e0fe97e6585d7217412d61b,5539f922f5579d00175e1eb84172aeea60a621499933fa668986f9f7757d8488,7a70cdd8593ad923538d8ef0a04cddb8f7d61c67034e6c84628f7e27a5d1d133
B_screen_USDJPY_revin-iTransformer_h1_s2021,B_screen_USDJPY_revin-iTransformer_h1_s2021__attempt-01,P4,original-10,USDJPY,revin-iTransformer,1,2021,520,520x1x1,520x1x1,0.106255783026,0.0194795051656,0.139568997867,893983555507b42808bf4131b5f39a16eab3dd3bb05309915ca9ec517e555285,618ed733bef2746c54de2963f6ccc4d373b57cb28e0fe97e6585d7217412d61b,5539f922f5579d00175e1eb84172aeea60a621499933fa668986f9f7757d8488,7a70cdd8593ad923538d8ef0a04cddb8f7d61c67034e6c84628f7e27a5d1d133
B_screen_BABA_DeReFusion_h24_s2021,B_screen_BABA_DeReFusion_h24_s2021__attempt-01,P4,original-10,BABA,DeReFusion,24,2021,11496,479x24x1,479x24x1,0.204119469286,0.0878222766828,0.296348235498,71584ced34cd5157774677f304184e14b2a4e3f784c246bad7dd62547e6f1aa2,131e2ebaa8f1824bed3e7b6f85b0ea6075270d98756a242f20490854723c5bd4,8d04e801150e77666d95339668d3413f4d74027bd2bf90037cb6778c14d8c5ac,b88d3898cafd614fc3b600d137d94a5371be8bc5557b75387ba267cd5afc0869
B_screen_BABA_revin-DLinear_h24_s2021,B_screen_BABA_revin-DLinear_h24_s2021__attempt-01,P4,original-10,BABA,revin-DLinear,24,2021,11496,479x24x1,479x24x1,0.201553708891,0.0916058658847,0.302664609568,71584ced34cd5157774677f304184e14b2a4e3f784c246bad7dd62547e6f1aa2,131e2ebaa8f1824bed3e7b6f85b0ea6075270d98756a242f20490854723c5bd4,8d04e801150e77666d95339668d3413f4d74027bd2bf90037cb6778c14d8c5ac,b88d3898cafd614fc3b600d137d94a5371be8bc5557b75387ba267cd5afc0869
B_screen_BABA_revin-PatchTST_h24_s2021,B_screen_BABA_revin-PatchTST_h24_s2021__attempt-01,P4,original-10,BABA,revin-PatchTST,24,2021,11496,479x24x1,479x24x1,0.181732788252,0.0739346323914,0.271909235576,71584ced34cd5157774677f304184e14b2a4e3f784c246bad7dd62547e6f1aa2,131e2ebaa8f1824bed3e7b6f85b0ea6075270d98756a242f20490854723c5bd4,8d04e801150e77666d95339668d3413f4d74027bd2bf90037cb6778c14d8c5ac,b88d3898cafd614fc3b600d137d94a5371be8bc5557b75387ba267cd5afc0869
B_screen_BABA_revin-TimesNet_h24_s2021,B_screen_BABA_revin-TimesNet_h24_s2021__attempt-01,RTX8000,original-10,BABA,revin-TimesNet,24,2021,11496,479x24x1,479x24x1,0.196463389177,0.0770678557775,0.277610979209,71584ced34cd5157774677f304184e14b2a4e3f784c246bad7dd62547e6f1aa2,131e2ebaa8f1824bed3e7b6f85b0ea6075270d98756a242f20490854723c5bd4,8d04e801150e77666d95339668d3413f4d74027bd2bf90037cb6778c14d8c5ac,b88d3898cafd614fc3b600d137d94a5371be8bc5557b75387ba267cd5afc0869
B_screen_BABA_revin-iTransformer_h24_s2021,B_screen_BABA_revin-iTransformer_h24_s2021__attempt-01,P4,original-10,BABA,revin-iTransformer,24,2021,11496,479x24x1,479x24x1,0.207159404474,0.0920927813948,0.30346792482,71584ced34cd5157774677f304184e14b2a4e3f784c246bad7dd62547e6f1aa2,131e2ebaa8f1824bed3e7b6f85b0ea6075270d98756a242f20490854723c5bd4,8d04e801150e77666d95339668d3413f4d74027bd2bf90037cb6778c14d8c5ac,b88d3898cafd614fc3b600d137d94a5371be8bc5557b75387ba267cd5afc0869
B_screen_BTCUSD_DeReFusion_h24_s2021,B_screen_BTCUSD_DeReFusion_h24_s2021__attempt-01,P4,original-10,BTCUSD,DeReFusion,24,2021,16968,707x24x1,707x24x1,0.361365730163,0.222252673704,0.471436818359,bea6a2cf90a02c238da38916357bf778abc4958687e8c137561d64f346fe7619,e23fd93a92b440f6929221d852179f69ca0f5e1f57f4439b2360d509713edd56,6bac7956b8cbc3be4ba6328c1ce3792012c329c670aedb84382bd452561fbfa7,5a96cd944b795a3dd2b50b240a09173fc0525e566b15cfc66f4050bb1dd9991e
B_screen_BTCUSD_revin-DLinear_h24_s2021,B_screen_BTCUSD_revin-DLinear_h24_s2021__attempt-01,P4,original-10,BTCUSD,revin-DLinear,24,2021,16968,707x24x1,707x24x1,0.362934207885,0.224032631829,0.473320855053,bea6a2cf90a02c238da38916357bf778abc4958687e8c137561d64f346fe7619,e23fd93a92b440f6929221d852179f69ca0f5e1f57f4439b2360d509713edd56,6bac7956b8cbc3be4ba6328c1ce3792012c329c670aedb84382bd452561fbfa7,5a96cd944b795a3dd2b50b240a09173fc0525e566b15cfc66f4050bb1dd9991e
B_screen_BTCUSD_revin-PatchTST_h24_s2021,B_screen_BTCUSD_revin-PatchTST_h24_s2021__attempt-01,P4,original-10,BTCUSD,revin-PatchTST,24,2021,16968,707x24x1,707x24x1,0.321024751302,0.180304954901,0.424623309418,bea6a2cf90a02c238da38916357bf778abc4958687e8c137561d64f346fe7619,e23fd93a92b440f6929221d852179f69ca0f5e1f57f4439b2360d509713edd56,6bac7956b8cbc3be4ba6328c1ce3792012c329c670aedb84382bd452561fbfa7,5a96cd944b795a3dd2b50b240a09173fc0525e566b15cfc66f4050bb1dd9991e
B_screen_BTCUSD_revin-TimesNet_h24_s2021,B_screen_BTCUSD_revin-TimesNet_h24_s2021__attempt-01,RTX8000,original-10,BTCUSD,revin-TimesNet,24,2021,16968,707x24x1,707x24x1,0.384350670573,0.250336538234,0.500336425053,bea6a2cf90a02c238da38916357bf778abc4958687e8c137561d64f346fe7619,e23fd93a92b440f6929221d852179f69ca0f5e1f57f4439b2360d509713edd56,6bac7956b8cbc3be4ba6328c1ce3792012c329c670aedb84382bd452561fbfa7,5a96cd944b795a3dd2b50b240a09173fc0525e566b15cfc66f4050bb1dd9991e
B_screen_BTCUSD_revin-iTransformer_h24_s2021,B_screen_BTCUSD_revin-iTransformer_h24_s2021__attempt-01,P4,original-10,BTCUSD,revin-iTransformer,24,2021,16968,707x24x1,707x24x1,0.401794905871,0.265545472698,0.515311044611,bea6a2cf90a02c238da38916357bf778abc4958687e8c137561d64f346fe7619,e23fd93a92b440f6929221d852179f69ca0f5e1f57f4439b2360d509713edd56,6bac7956b8cbc3be4ba6328c1ce3792012c329c670aedb84382bd452561fbfa7,5a96cd944b795a3dd2b50b240a09173fc0525e566b15cfc66f4050bb1dd9991e
B_screen_DJI_DeReFusion_h24_s2021,B_screen_DJI_DeReFusion_h24_s2021__attempt-01,P4,original-10,DJI,DeReFusion,24,2021,11496,479x24x1,479x24x1,0.165043454972,0.0462964106879,0.215166007278,f9c9601da2380378c03f779cd54ff3778742945439808c5ba96aca7c6f1c171a,81acc8ff4a3043d0129e021509cd8f6cb4d2fbbae33920a7eb459a6180b6188b,bef7c39c9cdd69cab6b5182cbf7892e218ff70a9b0b88ebe1f44e5588e716838,e25c22e1d404dd5c3fc995999f08ce55d777b9ec667d098d6feadbb81f8eacd2
B_screen_DJI_revin-DLinear_h24_s2021,B_screen_DJI_revin-DLinear_h24_s2021__attempt-01,P4,original-10,DJI,revin-DLinear,24,2021,11496,479x24x1,479x24x1,0.266923063763,0.0973955734616,0.312082638834,f9c9601da2380378c03f779cd54ff3778742945439808c5ba96aca7c6f1c171a,81acc8ff4a3043d0129e021509cd8f6cb4d2fbbae33920a7eb459a6180b6188b,bef7c39c9cdd69cab6b5182cbf7892e218ff70a9b0b88ebe1f44e5588e716838,e25c22e1d404dd5c3fc995999f08ce55d777b9ec667d098d6feadbb81f8eacd2
B_screen_DJI_revin-PatchTST_h24_s2021,B_screen_DJI_revin-PatchTST_h24_s2021__attempt-01,P4,original-10,DJI,revin-PatchTST,24,2021,11496,479x24x1,479x24x1,0.162473189039,0.0427133540434,0.206672093045,f9c9601da2380378c03f779cd54ff3778742945439808c5ba96aca7c6f1c171a,81acc8ff4a3043d0129e021509cd8f6cb4d2fbbae33920a7eb459a6180b6188b,bef7c39c9cdd69cab6b5182cbf7892e218ff70a9b0b88ebe1f44e5588e716838,e25c22e1d404dd5c3fc995999f08ce55d777b9ec667d098d6feadbb81f8eacd2
B_screen_DJI_revin-TimesNet_h24_s2021,B_screen_DJI_revin-TimesNet_h24_s2021__attempt-01,RTX8000,original-10,DJI,revin-TimesNet,24,2021,11496,479x24x1,479x24x1,0.182618395013,0.0552595689273,0.235073539403,f9c9601da2380378c03f779cd54ff3778742945439808c5ba96aca7c6f1c171a,81acc8ff4a3043d0129e021509cd8f6cb4d2fbbae33920a7eb459a6180b6188b,bef7c39c9cdd69cab6b5182cbf7892e218ff70a9b0b88ebe1f44e5588e716838,e25c22e1d404dd5c3fc995999f08ce55d777b9ec667d098d6feadbb81f8eacd2
B_screen_DJI_revin-iTransformer_h24_s2021,B_screen_DJI_revin-iTransformer_h24_s2021__attempt-01,P4,original-10,DJI,revin-iTransformer,24,2021,11496,479x24x1,479x24x1,0.206257179898,0.0634864528613,0.251965181843,f9c9601da2380378c03f779cd54ff3778742945439808c5ba96aca7c6f1c171a,81acc8ff4a3043d0129e021509cd8f6cb4d2fbbae33920a7eb459a6180b6188b,bef7c39c9cdd69cab6b5182cbf7892e218ff70a9b0b88ebe1f44e5588e716838,e25c22e1d404dd5c3fc995999f08ce55d777b9ec667d098d6feadbb81f8eacd2
B_screen_ETHUSD_DeReFusion_h24_s2021,B_screen_ETHUSD_DeReFusion_h24_s2021__attempt-01,P4,original-10,ETHUSD,DeReFusion,24,2021,13728,572x24x1,572x24x1,0.293727113442,0.145634273893,0.381620588927,6b1c6e07f1a49901f06966de92e311a95321c18f3a5ead7f20a7e6584859d0f8,7eb4e979ad0519f97f9036c569b67ba1666999a45ffb5642f62d68cd1a917800,76f63b29fc5302c9f438cf6d26785215a50fdc0813b211ea53e8eae95450cd41,01a6039e5961f1b4cd7f1c9bcdddce7e76b1e5cc7c2f1df8372859618183c124
B_screen_ETHUSD_revin-DLinear_h24_s2021,B_screen_ETHUSD_revin-DLinear_h24_s2021__attempt-01,P4,original-10,ETHUSD,revin-DLinear,24,2021,13728,572x24x1,572x24x1,0.297819026937,0.151594096433,0.389350865458,6b1c6e07f1a49901f06966de92e311a95321c18f3a5ead7f20a7e6584859d0f8,7eb4e979ad0519f97f9036c569b67ba1666999a45ffb5642f62d68cd1a917800,76f63b29fc5302c9f438cf6d26785215a50fdc0813b211ea53e8eae95450cd41,01a6039e5961f1b4cd7f1c9bcdddce7e76b1e5cc7c2f1df8372859618183c124
B_screen_ETHUSD_revin-PatchTST_h24_s2021,B_screen_ETHUSD_revin-PatchTST_h24_s2021__attempt-01,P4,original-10,ETHUSD,revin-PatchTST,24,2021,13728,572x24x1,572x24x1,0.297322799096,0.145134366237,0.380965045952,6b1c6e07f1a49901f06966de92e311a95321c18f3a5ead7f20a7e6584859d0f8,7eb4e979ad0519f97f9036c569b67ba1666999a45ffb5642f62d68cd1a917800,76f63b29fc5302c9f438cf6d26785215a50fdc0813b211ea53e8eae95450cd41,01a6039e5961f1b4cd7f1c9bcdddce7e76b1e5cc7c2f1df8372859618183c124
B_screen_ETHUSD_revin-TimesNet_h24_s2021,B_screen_ETHUSD_revin-TimesNet_h24_s2021__attempt-01,RTX8000,original-10,ETHUSD,revin-TimesNet,24,2021,13728,572x24x1,572x24x1,0.316378655429,0.174079239561,0.417228042635,6b1c6e07f1a49901f06966de92e311a95321c18f3a5ead7f20a7e6584859d0f8,7eb4e979ad0519f97f9036c569b67ba1666999a45ffb5642f62d68cd1a917800,76f63b29fc5302c9f438cf6d26785215a50fdc0813b211ea53e8eae95450cd41,01a6039e5961f1b4cd7f1c9bcdddce7e76b1e5cc7c2f1df8372859618183c124
B_screen_ETHUSD_revin-iTransformer_h24_s2021,B_screen_ETHUSD_revin-iTransformer_h24_s2021__attempt-01,P4,original-10,ETHUSD,revin-iTransformer,24,2021,13728,572x24x1,572x24x1,0.28614988468,0.138918191624,0.372717307921,6b1c6e07f1a49901f06966de92e311a95321c18f3a5ead7f20a7e6584859d0f8,7eb4e979ad0519f97f9036c569b67ba1666999a45ffb5642f62d68cd1a917800,76f63b29fc5302c9f438cf6d26785215a50fdc0813b211ea53e8eae95450cd41,01a6039e5961f1b4cd7f1c9bcdddce7e76b1e5cc7c2f1df8372859618183c124
B_screen_EURUSD_DeReFusion_h24_s2021,B_screen_EURUSD_DeReFusion_h24_s2021__attempt-01,P4,original-10,EURUSD,DeReFusion,24,2021,11928,497x24x1,497x24x1,0.244751507842,0.100925652477,0.317687979749,f6de2ecafc74a796bdf0bf4d47220f786dbf505e8f54bcb6219099d572a27283,b7a6d962122f29d61ab2adf9ecc28a98479f6a546c45faedd1bcb42a4c4055eb,decee70b7bac3a8c9e38fb0a298e25944d49656287aef8edf7ed7e4fa24ff39d,be9db04e57a196aee7c44aad7df78f425615d97dbe570a3998421e5ccd562122
B_screen_EURUSD_revin-DLinear_h24_s2021,B_screen_EURUSD_revin-DLinear_h24_s2021__attempt-01,P4,original-10,EURUSD,revin-DLinear,24,2021,11928,497x24x1,497x24x1,0.252629545016,0.114179075819,0.337903944663,f6de2ecafc74a796bdf0bf4d47220f786dbf505e8f54bcb6219099d572a27283,b7a6d962122f29d61ab2adf9ecc28a98479f6a546c45faedd1bcb42a4c4055eb,decee70b7bac3a8c9e38fb0a298e25944d49656287aef8edf7ed7e4fa24ff39d,be9db04e57a196aee7c44aad7df78f425615d97dbe570a3998421e5ccd562122
B_screen_EURUSD_revin-PatchTST_h24_s2021,B_screen_EURUSD_revin-PatchTST_h24_s2021__attempt-01,P4,original-10,EURUSD,revin-PatchTST,24,2021,11928,497x24x1,497x24x1,0.226145289731,0.0901271245428,0.300211799473,f6de2ecafc74a796bdf0bf4d47220f786dbf505e8f54bcb6219099d572a27283,b7a6d962122f29d61ab2adf9ecc28a98479f6a546c45faedd1bcb42a4c4055eb,decee70b7bac3a8c9e38fb0a298e25944d49656287aef8edf7ed7e4fa24ff39d,be9db04e57a196aee7c44aad7df78f425615d97dbe570a3998421e5ccd562122
B_screen_EURUSD_revin-TimesNet_h24_s2021,B_screen_EURUSD_revin-TimesNet_h24_s2021__attempt-01,RTX8000,original-10,EURUSD,revin-TimesNet,24,2021,11928,497x24x1,497x24x1,0.267274454675,0.127398806208,0.356929693649,f6de2ecafc74a796bdf0bf4d47220f786dbf505e8f54bcb6219099d572a27283,b7a6d962122f29d61ab2adf9ecc28a98479f6a546c45faedd1bcb42a4c4055eb,decee70b7bac3a8c9e38fb0a298e25944d49656287aef8edf7ed7e4fa24ff39d,be9db04e57a196aee7c44aad7df78f425615d97dbe570a3998421e5ccd562122
B_screen_EURUSD_revin-iTransformer_h24_s2021,B_screen_EURUSD_revin-iTransformer_h24_s2021__attempt-01,P4,original-10,EURUSD,revin-iTransformer,24,2021,11928,497x24x1,497x24x1,0.267137143075,0.121462838549,0.348515191274,f6de2ecafc74a796bdf0bf4d47220f786dbf505e8f54bcb6219099d572a27283,b7a6d962122f29d61ab2adf9ecc28a98479f6a546c45faedd1bcb42a4c4055eb,decee70b7bac3a8c9e38fb0a298e25944d49656287aef8edf7ed7e4fa24ff39d,be9db04e57a196aee7c44aad7df78f425615d97dbe570a3998421e5ccd562122
B_screen_GSPC_DeReFusion_h24_s2021,B_screen_GSPC_DeReFusion_h24_s2021__attempt-01,P4,original-10,GSPC,DeReFusion,24,2021,11496,479x24x1,479x24x1,0.187815778346,0.0606230851921,0.246217556628,e84e76156e630783971274372f18d8591538bb30809aa3076df61be9118789a1,5cc8a06d7a403ed317e46ca7f04ab4de5d3de06b6cda830da61465e7ea53d0f3,3ed85c6a7679d7dd64c345bf43159e27fffd8b275867249e30f270fe2533083e,9ed59adeefbd9a22d9f3cefe3e7ec4964e37664b5c5eab9664899d8ba5488130
B_screen_GSPC_revin-DLinear_h24_s2021,B_screen_GSPC_revin-DLinear_h24_s2021__attempt-01,P4,original-10,GSPC,revin-DLinear,24,2021,11496,479x24x1,479x24x1,0.20656267327,0.0666233468719,0.258114987693,e84e76156e630783971274372f18d8591538bb30809aa3076df61be9118789a1,5cc8a06d7a403ed317e46ca7f04ab4de5d3de06b6cda830da61465e7ea53d0f3,3ed85c6a7679d7dd64c345bf43159e27fffd8b275867249e30f270fe2533083e,9ed59adeefbd9a22d9f3cefe3e7ec4964e37664b5c5eab9664899d8ba5488130
B_screen_GSPC_revin-PatchTST_h24_s2021,B_screen_GSPC_revin-PatchTST_h24_s2021__attempt-01,P4,original-10,GSPC,revin-PatchTST,24,2021,11496,479x24x1,479x24x1,0.181134689835,0.0551869974031,0.234919129496,e84e76156e630783971274372f18d8591538bb30809aa3076df61be9118789a1,5cc8a06d7a403ed317e46ca7f04ab4de5d3de06b6cda830da61465e7ea53d0f3,3ed85c6a7679d7dd64c345bf43159e27fffd8b275867249e30f270fe2533083e,9ed59adeefbd9a22d9f3cefe3e7ec4964e37664b5c5eab9664899d8ba5488130
B_screen_GSPC_revin-TimesNet_h24_s2021,B_screen_GSPC_revin-TimesNet_h24_s2021__attempt-01,RTX8000,original-10,GSPC,revin-TimesNet,24,2021,11496,479x24x1,479x24x1,0.192761214578,0.0691760100687,0.263013326789,e84e76156e630783971274372f18d8591538bb30809aa3076df61be9118789a1,5cc8a06d7a403ed317e46ca7f04ab4de5d3de06b6cda830da61465e7ea53d0f3,3ed85c6a7679d7dd64c345bf43159e27fffd8b275867249e30f270fe2533083e,9ed59adeefbd9a22d9f3cefe3e7ec4964e37664b5c5eab9664899d8ba5488130
B_screen_GSPC_revin-iTransformer_h24_s2021,B_screen_GSPC_revin-iTransformer_h24_s2021__attempt-01,P4,original-10,GSPC,revin-iTransformer,24,2021,11496,479x24x1,479x24x1,0.170735359005,0.0504375188736,0.224582988834,e84e76156e630783971274372f18d8591538bb30809aa3076df61be9118789a1,5cc8a06d7a403ed317e46ca7f04ab4de5d3de06b6cda830da61465e7ea53d0f3,3ed85c6a7679d7dd64c345bf43159e27fffd8b275867249e30f270fe2533083e,9ed59adeefbd9a22d9f3cefe3e7ec4964e37664b5c5eab9664899d8ba5488130
B_screen_NVO_DeReFusion_h24_s2021,B_screen_NVO_DeReFusion_h24_s2021__attempt-01,P4,original-10,NVO,DeReFusion,24,2021,11496,479x24x1,479x24x1,0.635001432127,0.685651252478,0.828040610404,0e3cfef7aada1de69c6cac7c15a139cd7e4bb612644dd6b6e16b5e26650495ec,59dcb2793f81f1b22b74ae1527c3e4af614319647637b9646c339e8d65581318,63abb1de3c9b9d2c590245b0d518564ef209403ac6a9caab0ca11634ef402409,c7c98c99b67bf9ef9ec7c16a35fb68f19768bda44ff9c1ac3fb85918ba04ad98
B_screen_NVO_revin-DLinear_h24_s2021,B_screen_NVO_revin-DLinear_h24_s2021__attempt-01,P4,original-10,NVO,revin-DLinear,24,2021,11496,479x24x1,479x24x1,0.590736896069,0.586371585429,0.765749035539,0e3cfef7aada1de69c6cac7c15a139cd7e4bb612644dd6b6e16b5e26650495ec,59dcb2793f81f1b22b74ae1527c3e4af614319647637b9646c339e8d65581318,63abb1de3c9b9d2c590245b0d518564ef209403ac6a9caab0ca11634ef402409,c7c98c99b67bf9ef9ec7c16a35fb68f19768bda44ff9c1ac3fb85918ba04ad98
B_screen_NVO_revin-PatchTST_h24_s2021,B_screen_NVO_revin-PatchTST_h24_s2021__attempt-01,P4,original-10,NVO,revin-PatchTST,24,2021,11496,479x24x1,479x24x1,0.573695892498,0.594412337352,0.770981411807,0e3cfef7aada1de69c6cac7c15a139cd7e4bb612644dd6b6e16b5e26650495ec,59dcb2793f81f1b22b74ae1527c3e4af614319647637b9646c339e8d65581318,63abb1de3c9b9d2c590245b0d518564ef209403ac6a9caab0ca11634ef402409,c7c98c99b67bf9ef9ec7c16a35fb68f19768bda44ff9c1ac3fb85918ba04ad98
B_screen_NVO_revin-TimesNet_h24_s2021,B_screen_NVO_revin-TimesNet_h24_s2021__attempt-01,RTX8000,original-10,NVO,revin-TimesNet,24,2021,11496,479x24x1,479x24x1,0.691836337808,0.848308082599,0.921036417629,0e3cfef7aada1de69c6cac7c15a139cd7e4bb612644dd6b6e16b5e26650495ec,59dcb2793f81f1b22b74ae1527c3e4af614319647637b9646c339e8d65581318,63abb1de3c9b9d2c590245b0d518564ef209403ac6a9caab0ca11634ef402409,c7c98c99b67bf9ef9ec7c16a35fb68f19768bda44ff9c1ac3fb85918ba04ad98
B_screen_NVO_revin-iTransformer_h24_s2021,B_screen_NVO_revin-iTransformer_h24_s2021__attempt-01,P4,original-10,NVO,revin-iTransformer,24,2021,11496,479x24x1,479x24x1,0.681012791099,0.767114864695,0.875850937486,0e3cfef7aada1de69c6cac7c15a139cd7e4bb612644dd6b6e16b5e26650495ec,59dcb2793f81f1b22b74ae1527c3e4af614319647637b9646c339e8d65581318,63abb1de3c9b9d2c590245b0d518564ef209403ac6a9caab0ca11634ef402409,c7c98c99b67bf9ef9ec7c16a35fb68f19768bda44ff9c1ac3fb85918ba04ad98
B_screen_SOX_DeReFusion_h24_s2021,B_screen_SOX_DeReFusion_h24_s2021__attempt-01,P4,original-10,SOX,DeReFusion,24,2021,11496,479x24x1,479x24x1,0.353218679409,0.211023081966,0.459372487167,1a1585dbd9646a9073fc158db31c131fc471af5e66608e47ca2bad1b6b2f3260,7e8079b41ea5fdf177eab063f7aa26b8f25aec1fc59c398708d6ff469189f8eb,b6972d30f925dad1756b963c1ee4448502ed8dc3e4a6aeda7365155d843e458d,1d187b8e6ab0fd10b304e50ce1fb3bf697a72c9874cffd4f5a1f15308d8c0ccd
B_screen_SOX_revin-DLinear_h24_s2021,B_screen_SOX_revin-DLinear_h24_s2021__attempt-01,P4,original-10,SOX,revin-DLinear,24,2021,11496,479x24x1,479x24x1,0.376728512528,0.228339850234,0.477849191936,1a1585dbd9646a9073fc158db31c131fc471af5e66608e47ca2bad1b6b2f3260,7e8079b41ea5fdf177eab063f7aa26b8f25aec1fc59c398708d6ff469189f8eb,b6972d30f925dad1756b963c1ee4448502ed8dc3e4a6aeda7365155d843e458d,1d187b8e6ab0fd10b304e50ce1fb3bf697a72c9874cffd4f5a1f15308d8c0ccd
B_screen_SOX_revin-PatchTST_h24_s2021,B_screen_SOX_revin-PatchTST_h24_s2021__attempt-01,P4,original-10,SOX,revin-PatchTST,24,2021,11496,479x24x1,479x24x1,0.346865055228,0.194281031746,0.440773220314,1a1585dbd9646a9073fc158db31c131fc471af5e66608e47ca2bad1b6b2f3260,7e8079b41ea5fdf177eab063f7aa26b8f25aec1fc59c398708d6ff469189f8eb,b6972d30f925dad1756b963c1ee4448502ed8dc3e4a6aeda7365155d843e458d,1d187b8e6ab0fd10b304e50ce1fb3bf697a72c9874cffd4f5a1f15308d8c0ccd
B_screen_SOX_revin-TimesNet_h24_s2021,B_screen_SOX_revin-TimesNet_h24_s2021__attempt-01,RTX8000,original-10,SOX,revin-TimesNet,24,2021,11496,479x24x1,479x24x1,0.359321339747,0.216742436329,0.465556050685,1a1585dbd9646a9073fc158db31c131fc471af5e66608e47ca2bad1b6b2f3260,7e8079b41ea5fdf177eab063f7aa26b8f25aec1fc59c398708d6ff469189f8eb,b6972d30f925dad1756b963c1ee4448502ed8dc3e4a6aeda7365155d843e458d,1d187b8e6ab0fd10b304e50ce1fb3bf697a72c9874cffd4f5a1f15308d8c0ccd
B_screen_SOX_revin-iTransformer_h24_s2021,B_screen_SOX_revin-iTransformer_h24_s2021__attempt-01,P4,original-10,SOX,revin-iTransformer,24,2021,11496,479x24x1,479x24x1,0.33362900879,0.175862093768,0.419359146518,1a1585dbd9646a9073fc158db31c131fc471af5e66608e47ca2bad1b6b2f3260,7e8079b41ea5fdf177eab063f7aa26b8f25aec1fc59c398708d6ff469189f8eb,b6972d30f925dad1756b963c1ee4448502ed8dc3e4a6aeda7365155d843e458d,1d187b8e6ab0fd10b304e50ce1fb3bf697a72c9874cffd4f5a1f15308d8c0ccd
B_screen_TM_DeReFusion_h24_s2021,B_screen_TM_DeReFusion_h24_s2021__attempt-01,P4,original-10,TM,DeReFusion,24,2021,11496,479x24x1,479x24x1,0.472284900174,0.397028947601,0.630102331055,0c90ebc5850c2078ed074008fc3d0de666e615f8b006df587ec7a386d1ee9324,832ad9f71575006e6532d7523024b49b3c3a01b6451dcc5dd1dbf542bebfc5eb,4f6a56b973432b10296b0da89090dd69e5a91864c0ef15bde9ad90554c6298ba,6dcd36065ffbfd88789f9d4777cf6e59539b176b4b4e1b7b8d094674d671f08e
B_screen_TM_revin-DLinear_h24_s2021,B_screen_TM_revin-DLinear_h24_s2021__attempt-01,P4,original-10,TM,revin-DLinear,24,2021,11496,479x24x1,479x24x1,0.436362504358,0.348074862545,0.589978696688,0c90ebc5850c2078ed074008fc3d0de666e615f8b006df587ec7a386d1ee9324,832ad9f71575006e6532d7523024b49b3c3a01b6451dcc5dd1dbf542bebfc5eb,4f6a56b973432b10296b0da89090dd69e5a91864c0ef15bde9ad90554c6298ba,6dcd36065ffbfd88789f9d4777cf6e59539b176b4b4e1b7b8d094674d671f08e
B_screen_TM_revin-PatchTST_h24_s2021,B_screen_TM_revin-PatchTST_h24_s2021__attempt-01,P4,original-10,TM,revin-PatchTST,24,2021,11496,479x24x1,479x24x1,0.416491751258,0.320819332419,0.566409156369,0c90ebc5850c2078ed074008fc3d0de666e615f8b006df587ec7a386d1ee9324,832ad9f71575006e6532d7523024b49b3c3a01b6451dcc5dd1dbf542bebfc5eb,4f6a56b973432b10296b0da89090dd69e5a91864c0ef15bde9ad90554c6298ba,6dcd36065ffbfd88789f9d4777cf6e59539b176b4b4e1b7b8d094674d671f08e
B_screen_TM_revin-TimesNet_h24_s2021,B_screen_TM_revin-TimesNet_h24_s2021__attempt-01,RTX8000,original-10,TM,revin-TimesNet,24,2021,11496,479x24x1,479x24x1,0.46690264087,0.36520286385,0.604320166675,0c90ebc5850c2078ed074008fc3d0de666e615f8b006df587ec7a386d1ee9324,832ad9f71575006e6532d7523024b49b3c3a01b6451dcc5dd1dbf542bebfc5eb,4f6a56b973432b10296b0da89090dd69e5a91864c0ef15bde9ad90554c6298ba,6dcd36065ffbfd88789f9d4777cf6e59539b176b4b4e1b7b8d094674d671f08e
B_screen_TM_revin-iTransformer_h24_s2021,B_screen_TM_revin-iTransformer_h24_s2021__attempt-01,P4,original-10,TM,revin-iTransformer,24,2021,11496,479x24x1,479x24x1,0.474868137636,0.418834289556,0.647174079793,0c90ebc5850c2078ed074008fc3d0de666e615f8b006df587ec7a386d1ee9324,832ad9f71575006e6532d7523024b49b3c3a01b6451dcc5dd1dbf542bebfc5eb,4f6a56b973432b10296b0da89090dd69e5a91864c0ef15bde9ad90554c6298ba,6dcd36065ffbfd88789f9d4777cf6e59539b176b4b4e1b7b8d094674d671f08e
B_screen_USDJPY_DeReFusion_h24_s2021,B_screen_USDJPY_DeReFusion_h24_s2021__attempt-01,P4,original-10,USDJPY,DeReFusion,24,2021,11928,497x24x1,497x24x1,0.328324083111,0.188484574926,0.434148102525,1da8b20e1495db5f8951dba31474221aa09c191acfd86ef61f7fbad7b1862ec1,5567b184af16b9b8471a4c33946c3250791842335293e6c413192402ca334df2,5539f922f5579d00175e1eb84172aeea60a621499933fa668986f9f7757d8488,e22b2349a72061a2f92f5a3591ebaae5c9cf506a8aa772e9cd5528a99f53a010
B_screen_USDJPY_revin-DLinear_h24_s2021,B_screen_USDJPY_revin-DLinear_h24_s2021__attempt-01,P4,original-10,USDJPY,revin-DLinear,24,2021,11928,497x24x1,497x24x1,0.327545062377,0.189789361167,0.435648208038,1da8b20e1495db5f8951dba31474221aa09c191acfd86ef61f7fbad7b1862ec1,5567b184af16b9b8471a4c33946c3250791842335293e6c413192402ca334df2,5539f922f5579d00175e1eb84172aeea60a621499933fa668986f9f7757d8488,e22b2349a72061a2f92f5a3591ebaae5c9cf506a8aa772e9cd5528a99f53a010
B_screen_USDJPY_revin-PatchTST_h24_s2021,B_screen_USDJPY_revin-PatchTST_h24_s2021__attempt-01,P4,original-10,USDJPY,revin-PatchTST,24,2021,11928,497x24x1,497x24x1,0.309954984207,0.158780658226,0.39847290777,1da8b20e1495db5f8951dba31474221aa09c191acfd86ef61f7fbad7b1862ec1,5567b184af16b9b8471a4c33946c3250791842335293e6c413192402ca334df2,5539f922f5579d00175e1eb84172aeea60a621499933fa668986f9f7757d8488,e22b2349a72061a2f92f5a3591ebaae5c9cf506a8aa772e9cd5528a99f53a010
B_screen_USDJPY_revin-TimesNet_h24_s2021,B_screen_USDJPY_revin-TimesNet_h24_s2021__attempt-01,RTX8000,original-10,USDJPY,revin-TimesNet,24,2021,11928,497x24x1,497x24x1,0.294942203122,0.164151712706,0.405156405239,1da8b20e1495db5f8951dba31474221aa09c191acfd86ef61f7fbad7b1862ec1,5567b184af16b9b8471a4c33946c3250791842335293e6c413192402ca334df2,5539f922f5579d00175e1eb84172aeea60a621499933fa668986f9f7757d8488,e22b2349a72061a2f92f5a3591ebaae5c9cf506a8aa772e9cd5528a99f53a010
B_screen_USDJPY_revin-iTransformer_h24_s2021,B_screen_USDJPY_revin-iTransformer_h24_s2021__attempt-01,P4,original-10,USDJPY,revin-iTransformer,24,2021,11928,497x24x1,497x24x1,0.312329601574,0.169185993865,0.411322250632,1da8b20e1495db5f8951dba31474221aa09c191acfd86ef61f7fbad7b1862ec1,5567b184af16b9b8471a4c33946c3250791842335293e6c413192402ca334df2,5539f922f5579d00175e1eb84172aeea60a621499933fa668986f9f7757d8488,e22b2349a72061a2f92f5a3591ebaae5c9cf506a8aa772e9cd5528a99f53a010
