logical_run_id,attempt_id,cohort,asset,model,horizon,seed,test_values,mae,mse,rmse,prediction_keys_sha256,split_manifest_id,dataset_sha256,pred_sha256,true_sha256,metrics_sha256
B_screen_AAPL_DeReFusion_h1_s2021,B_screen_AAPL_DeReFusion_h1_s2021__attempt-01,c1-20,AAPL,DeReFusion,1,2021,502,0.123776615378,0.0262031076122,0.161873739724,73822078adeea8178f7a86207c830d6e4bcb88b42cfe0519e52c2f435b240c4f,7cac5ba56fd37aa1849b6545178c55a980436206f9174e122e82dc58c0cb41b6,2d0ec4a90463b9a6bae915a3038d871c061b3d18d813d6572d50d75f4b185916,988c989e267e95cd7d8dd358f887e5148889054686db168a5c90bb1d11bf752b,196675eff430b3293db4fe123536ccd96c6ef8009f7a0ec3f3f6421cb190eba0,21c02abc20d25191d3a4f76bf20792f3d6f2d267b76f3fa654a7192d6058f840
B_screen_AAPL_revin-DLinear_h1_s2021,B_screen_AAPL_revin-DLinear_h1_s2021__attempt-01,c1-20,AAPL,revin-DLinear,1,2021,502,0.116139692614,0.0229998421514,0.151656988469,73822078adeea8178f7a86207c830d6e4bcb88b42cfe0519e52c2f435b240c4f,7cac5ba56fd37aa1849b6545178c55a980436206f9174e122e82dc58c0cb41b6,2d0ec4a90463b9a6bae915a3038d871c061b3d18d813d6572d50d75f4b185916,6f6481bc7cc27511a8633eb95cce9919b4d12a0eb35fec86b6006b9502b7a53a,196675eff430b3293db4fe123536ccd96c6ef8009f7a0ec3f3f6421cb190eba0,f5c3c5ca9cd1700b63f7b932d7ccdae2135698548149dc53f5df3cbf7c9016e3
B_screen_AAPL_revin-PatchTST_h1_s2021,B_screen_AAPL_revin-PatchTST_h1_s2021__attempt-01,c1-20,AAPL,revin-PatchTST,1,2021,502,0.0716059592616,0.0105865648422,0.102891033828,73822078adeea8178f7a86207c830d6e4bcb88b42cfe0519e52c2f435b240c4f,7cac5ba56fd37aa1849b6545178c55a980436206f9174e122e82dc58c0cb41b6,2d0ec4a90463b9a6bae915a3038d871c061b3d18d813d6572d50d75f4b185916,3085480d0583ae29014135068ad6f41d60d4b721a71482412d4c95727215600d,196675eff430b3293db4fe123536ccd96c6ef8009f7a0ec3f3f6421cb190eba0,7b941c494239774f76a64d2bfcc3f74580a83f0245dd18aac5038ead4b8d7ac8
B_screen_AAPL_revin-iTransformer_h1_s2021,B_screen_AAPL_revin-iTransformer_h1_s2021__attempt-01,c1-20,AAPL,revin-iTransformer,1,2021,502,0.087872371968,0.0140000758428,0.118321916156,73822078adeea8178f7a86207c830d6e4bcb88b42cfe0519e52c2f435b240c4f,7cac5ba56fd37aa1849b6545178c55a980436206f9174e122e82dc58c0cb41b6,2d0ec4a90463b9a6bae915a3038d871c061b3d18d813d6572d50d75f4b185916,483dd01b4a73469670b96d0a851f583a082a2ed35fcffdddc90546ec8856e1a0,196675eff430b3293db4fe123536ccd96c6ef8009f7a0ec3f3f6421cb190eba0,166ff5cb5122b9e65043b4d72b26c7d11192bd0dc3bdcf9e8b1c337277c2bea6
B_screen_AMZN_DeReFusion_h1_s2021,B_screen_AMZN_DeReFusion_h1_s2021__attempt-01,c1-20,AMZN,DeReFusion,1,2021,502,0.119980777165,0.024524152909,0.156601893057,c0665593f755f43d626791ab40aa7da66b3d2a8bbc30e7cc355d9b9d3f245daf,14c2959d9af9dca3a7be05095898db77030f03459ffab00bf4786454ac5356d5,28f348100dc6d056b7bd70aa472ff29923d3776b3eaf9a1385254e08b01e6771,5eb60ec0a5abae4d96624c0690680951bf901512ce8672c0f60c7453513b919c,6813be2bc7b51a18dd0e72a71a1a1291f57bce89e44e1bbdcf5fb32c7e16cb0f,bb3b4eff9ae2aff6119d615d037c284ab25ce4628e634e8845063ed8550785d2
B_screen_AMZN_revin-DLinear_h1_s2021,B_screen_AMZN_revin-DLinear_h1_s2021__attempt-01,c1-20,AMZN,revin-DLinear,1,2021,502,0.115073751643,0.0236016210258,0.153628190856,c0665593f755f43d626791ab40aa7da66b3d2a8bbc30e7cc355d9b9d3f245daf,14c2959d9af9dca3a7be05095898db77030f03459ffab00bf4786454ac5356d5,28f348100dc6d056b7bd70aa472ff29923d3776b3eaf9a1385254e08b01e6771,9aa07f8248798a418dcb68aa8f076580cb4b316896f2816847ddeba964e0cb22,6813be2bc7b51a18dd0e72a71a1a1291f57bce89e44e1bbdcf5fb32c7e16cb0f,4a0e66891721c4dba2886a2a622f9937017622b12dad639c91a0203112437dff
B_screen_AMZN_revin-PatchTST_h1_s2021,B_screen_AMZN_revin-PatchTST_h1_s2021__attempt-01,c1-20,AMZN,revin-PatchTST,1,2021,502,0.0716600000146,0.00971649591768,0.0985722877774,c0665593f755f43d626791ab40aa7da66b3d2a8bbc30e7cc355d9b9d3f245daf,14c2959d9af9dca3a7be05095898db77030f03459ffab00bf4786454ac5356d5,28f348100dc6d056b7bd70aa472ff29923d3776b3eaf9a1385254e08b01e6771,7e3c87b9548569a99ebc0105d28f99b7bb1ace1d93803858c1cb81091fbb0e86,6813be2bc7b51a18dd0e72a71a1a1291f57bce89e44e1bbdcf5fb32c7e16cb0f,45242d553fb5f5a6aeba2cf0fb6e0da6daff763f02b83799c3ac2987cda6fcc3
B_screen_AMZN_revin-iTransformer_h1_s2021,B_screen_AMZN_revin-iTransformer_h1_s2021__attempt-01,c1-20,AMZN,revin-iTransformer,1,2021,502,0.0868303326972,0.0131399097163,0.114629445241,c0665593f755f43d626791ab40aa7da66b3d2a8bbc30e7cc355d9b9d3f245daf,14c2959d9af9dca3a7be05095898db77030f03459ffab00bf4786454ac5356d5,28f348100dc6d056b7bd70aa472ff29923d3776b3eaf9a1385254e08b01e6771,8b91ab4dc71ac5295c77cfbe84bbdfc912f5d52b6951482f3d792664f5a70b1b,6813be2bc7b51a18dd0e72a71a1a1291f57bce89e44e1bbdcf5fb32c7e16cb0f,4cc43fc739da5d4097d82eab3cfd1428b7d80ff1877344c434f294c753dda7b6
B_screen_AUDUSD_DeReFusion_h1_s2021,B_screen_AUDUSD_DeReFusion_h1_s2021__attempt-01,c1-20,AUDUSD,DeReFusion,1,2021,520,0.124309485119,0.0261546807331,0.16172408829,0bfa94ee9a51aa11944cec548b6dcf176068449495639a7e00e3b01dfa7c0534,3fd9b178c4240e2deee32e7fb865767496ac697d75ced0c7bfc8271c2d829205,cd12448f0624128676d89c3bc7c0d6a12fc34a8b37309e689834804fa15d2a9a,52e2fa27a31666f7f8f0d768758ee114558e3791d8e07d8f24eb40d9cb13c28e,04b0ab1f29f63222554c20f3cfa7461fb5aa19574bea1993d75229232fc22902,d95fb6a8d530146e3f11ccc22d3b8696690f21cece905ff5649282d09cf070fe
B_screen_AUDUSD_revin-DLinear_h1_s2021,B_screen_AUDUSD_revin-DLinear_h1_s2021__attempt-01,c1-20,AUDUSD,revin-DLinear,1,2021,520,0.124018135552,0.0251124401439,0.15846905106,0bfa94ee9a51aa11944cec548b6dcf176068449495639a7e00e3b01dfa7c0534,3fd9b178c4240e2deee32e7fb865767496ac697d75ced0c7bfc8271c2d829205,cd12448f0624128676d89c3bc7c0d6a12fc34a8b37309e689834804fa15d2a9a,663b2b9170c03312a0c9349ce0246ee64e61fea1f0b1d0d60a79c2c08d92dc83,04b0ab1f29f63222554c20f3cfa7461fb5aa19574bea1993d75229232fc22902,73ba409ea3acf593770cdaee061be6ebf8a4efb4d870154c2b381d87d0e9342b
B_screen_AUDUSD_revin-PatchTST_h1_s2021,B_screen_AUDUSD_revin-PatchTST_h1_s2021__attempt-01,c1-20,AUDUSD,revin-PatchTST,1,2021,520,0.0831183414047,0.0120924465905,0.109965660961,0bfa94ee9a51aa11944cec548b6dcf176068449495639a7e00e3b01dfa7c0534,3fd9b178c4240e2deee32e7fb865767496ac697d75ced0c7bfc8271c2d829205,cd12448f0624128676d89c3bc7c0d6a12fc34a8b37309e689834804fa15d2a9a,44750b4f3b152cd4b97e2e39687b80a366abc8ddace6a9e7cb56dd1df67285bd,04b0ab1f29f63222554c20f3cfa7461fb5aa19574bea1993d75229232fc22902,6b98ef2f7523d9b6fc33cad2efbfe581c2ed2f14e2839344120691c99bf24038
B_screen_AUDUSD_revin-iTransformer_h1_s2021,B_screen_AUDUSD_revin-iTransformer_h1_s2021__attempt-01,c1-20,AUDUSD,revin-iTransformer,1,2021,520,0.0877821713686,0.013775113587,0.117367429839,0bfa94ee9a51aa11944cec548b6dcf176068449495639a7e00e3b01dfa7c0534,3fd9b178c4240e2deee32e7fb865767496ac697d75ced0c7bfc8271c2d829205,cd12448f0624128676d89c3bc7c0d6a12fc34a8b37309e689834804fa15d2a9a,fe93e97c496e22d148558c6aacae453958e911f4df715513d05f87bf2dc855d3,04b0ab1f29f63222554c20f3cfa7461fb5aa19574bea1993d75229232fc22902,04aa1ba650b545912cc59ab5c5e6dbb03b3264dceb76c73cf434671cf0ea3839
B_screen_FTSE_DeReFusion_h1_s2021,B_screen_FTSE_DeReFusion_h1_s2021__attempt-01,c1-20,FTSE,DeReFusion,1,2021,505,0.178660201908,0.060160062819,0.245275483526,25381dafdf252f80d3d4cf354fe658b75fd249430d4d4f124861c1693384204e,a7dbca95a1ac903247e93d0e49c7adf52fda67a818df303e655d7b9f162b81cf,7c69f5dd2b1d6e8f78c228cd607646c1289a688e83e3c6eeef5735e2f276d13e,545f6be329ad96fac7f5075c2ca932912fed0c2f9b1aeb62bb51404dbbd5dc45,90386acf10830afc6ff6030b2bbad9ddd7de8264252db21607e4939e0b623644,0eca60b2ab04fb5694333605439fabda1ad51974e49a0969d82f7e1c2e085735
B_screen_FTSE_revin-DLinear_h1_s2021,B_screen_FTSE_revin-DLinear_h1_s2021__attempt-01,c1-20,FTSE,revin-DLinear,1,2021,505,0.169480417389,0.0522037266801,0.228481348648,25381dafdf252f80d3d4cf354fe658b75fd249430d4d4f124861c1693384204e,a7dbca95a1ac903247e93d0e49c7adf52fda67a818df303e655d7b9f162b81cf,7c69f5dd2b1d6e8f78c228cd607646c1289a688e83e3c6eeef5735e2f276d13e,9dfbe3a166e682395fb8dd057d99e00c60810a41414ca084e618fbd3044b93e9,90386acf10830afc6ff6030b2bbad9ddd7de8264252db21607e4939e0b623644,eefe03c5c969e95468b4a4357a271c584022f93e4678e68262defd5a73ffd38a
B_screen_FTSE_revin-PatchTST_h1_s2021,B_screen_FTSE_revin-PatchTST_h1_s2021__attempt-01,c1-20,FTSE,revin-PatchTST,1,2021,505,0.102852921085,0.0192258795998,0.13865741812,25381dafdf252f80d3d4cf354fe658b75fd249430d4d4f124861c1693384204e,a7dbca95a1ac903247e93d0e49c7adf52fda67a818df303e655d7b9f162b81cf,7c69f5dd2b1d6e8f78c228cd607646c1289a688e83e3c6eeef5735e2f276d13e,e454db4dc32df75aa087341088dde5e45fb79e11cf9bb7e9c97d01d908913280,90386acf10830afc6ff6030b2bbad9ddd7de8264252db21607e4939e0b623644,febe3c9d44a96b0a90bb2f517492e9f90c030d57edb9c786d3fae2b6ce2f6851
B_screen_FTSE_revin-iTransformer_h1_s2021,B_screen_FTSE_revin-iTransformer_h1_s2021__attempt-01,c1-20,FTSE,revin-iTransformer,1,2021,505,0.111176161247,0.0243428617565,0.156021991259,25381dafdf252f80d3d4cf354fe658b75fd249430d4d4f124861c1693384204e,a7dbca95a1ac903247e93d0e49c7adf52fda67a818df303e655d7b9f162b81cf,7c69f5dd2b1d6e8f78c228cd607646c1289a688e83e3c6eeef5735e2f276d13e,7ee2e2b066dc6c8681cec95c238094b9fe1c149b3261c4dba29d137e725d616f,90386acf10830afc6ff6030b2bbad9ddd7de8264252db21607e4939e0b623644,e5800f3bca36044ce2b076c44db5954c23fc01257374afb29f9de20f1f2a3e45
B_screen_GBPUSD_DeReFusion_h1_s2021,B_screen_GBPUSD_DeReFusion_h1_s2021__attempt-01,c1-20,GBPUSD,DeReFusion,1,2021,520,0.112381330417,0.0197608480931,0.14057328371,63408bb8324411c53218af9f2e4fd4434506be2bc85038dcd610b4fa6886b885,6496043492d9b148dcfbbc80135cda2b9fd1e89efa9b7631bb3c73a68fd59c8c,90e00d04d481138da937e5316ac8274728d622b30a117e755e33e9057c833c7d,dcc90d40ed57ab2e3004faba497106f39a2d012a534f79db0d8a2e6e181ee480,c6569b7f930bbacfe738eaa78f4d779d6de887a04350bca03afcba05bc78f2b8,8937f144d986b9c4dc4efce807765124b955ce6a38f9e8c45030afb0a8a17618
B_screen_GBPUSD_revin-DLinear_h1_s2021,B_screen_GBPUSD_revin-DLinear_h1_s2021__attempt-01,c1-20,GBPUSD,revin-DLinear,1,2021,520,0.127934016837,0.0247779818227,0.157410234174,63408bb8324411c53218af9f2e4fd4434506be2bc85038dcd610b4fa6886b885,6496043492d9b148dcfbbc80135cda2b9fd1e89efa9b7631bb3c73a68fd59c8c,90e00d04d481138da937e5316ac8274728d622b30a117e755e33e9057c833c7d,9f2fc070c424532e9a1204f5e6e9c127ced740d44e323d6ec91fb08846328202,c6569b7f930bbacfe738eaa78f4d779d6de887a04350bca03afcba05bc78f2b8,7ba2eb406d1cf13dbce3b5d1333394e9c2db1d6c04ea95bd5810b45f19967478
B_screen_GBPUSD_revin-PatchTST_h1_s2021,B_screen_GBPUSD_revin-PatchTST_h1_s2021__attempt-01,c1-20,GBPUSD,revin-PatchTST,1,2021,520,0.0704435281223,0.00862482641021,0.0928699435243,63408bb8324411c53218af9f2e4fd4434506be2bc85038dcd610b4fa6886b885,6496043492d9b148dcfbbc80135cda2b9fd1e89efa9b7631bb3c73a68fd59c8c,90e00d04d481138da937e5316ac8274728d622b30a117e755e33e9057c833c7d,7e450982b5f3881a9ab58260b64f0e80f558d838617015e99e0929d7865db3ce,c6569b7f930bbacfe738eaa78f4d779d6de887a04350bca03afcba05bc78f2b8,b45dd9b9064f1d515e1ad7ccae6e2d01bf0472ab73ef62ca0585595805058732
B_screen_GBPUSD_revin-iTransformer_h1_s2021,B_screen_GBPUSD_revin-iTransformer_h1_s2021__attempt-01,c1-20,GBPUSD,revin-iTransformer,1,2021,520,0.0829353895952,0.0111225097661,0.105463310047,63408bb8324411c53218af9f2e4fd4434506be2bc85038dcd610b4fa6886b885,6496043492d9b148dcfbbc80135cda2b9fd1e89efa9b7631bb3c73a68fd59c8c,90e00d04d481138da937e5316ac8274728d622b30a117e755e33e9057c833c7d,6fa5e36d806d21841a9e7ba842a7b2df8dadd46729898db6d26fc461296f15b9,c6569b7f930bbacfe738eaa78f4d779d6de887a04350bca03afcba05bc78f2b8,7cedd61485791675038b8a22828305ae3961a3e8f50a40246fcaf44aa8485e7b
B_screen_GDAXI_DeReFusion_h1_s2021,B_screen_GDAXI_DeReFusion_h1_s2021__attempt-01,c1-20,GDAXI,DeReFusion,1,2021,507,0.176598223944,0.0608741573275,0.246726888132,0553be9111cb92c9b25c6508200e945943f216fda0575d67a879d4260e2817e8,b3539c99e221813c15fc5021a48678553792484ab1f019a3cbf75e10c039341b,6c8cc51c65fa002dc3129fd12b2278c05ae8b9a3e1d33ce3e3bcb076f57dbee5,e9ec7a5890b3aa637b272415d0645c94d99d57cacf0fc0c34c99e5c1cc90d37d,cdfd3db1bacc2b4ce312b9678b13ee929b40d2e6adfbda5d0fdbbbdce3196e0b,35e68c0349bfbe5fd48051f45902fd11f309972d035a4b082f0587f9d3faf403
B_screen_GDAXI_revin-DLinear_h1_s2021,B_screen_GDAXI_revin-DLinear_h1_s2021__attempt-01,c1-20,GDAXI,revin-DLinear,1,2021,507,0.181401676445,0.0635164902649,0.252024781053,0553be9111cb92c9b25c6508200e945943f216fda0575d67a879d4260e2817e8,b3539c99e221813c15fc5021a48678553792484ab1f019a3cbf75e10c039341b,6c8cc51c65fa002dc3129fd12b2278c05ae8b9a3e1d33ce3e3bcb076f57dbee5,d71d908ef7fe421e0b1cd3d6c4df70c7c21ec6032b9a08a8e675d3531ff3a670,cdfd3db1bacc2b4ce312b9678b13ee929b40d2e6adfbda5d0fdbbbdce3196e0b,5dea4e52fdb988e6980411f917f343cd3fb5a9e76f7a72a80fcc1ec74ee3f05f
B_screen_GDAXI_revin-PatchTST_h1_s2021,B_screen_GDAXI_revin-PatchTST_h1_s2021__attempt-01,c1-20,GDAXI,revin-PatchTST,1,2021,507,0.122512079085,0.0261628659111,0.161749392305,0553be9111cb92c9b25c6508200e945943f216fda0575d67a879d4260e2817e8,b3539c99e221813c15fc5021a48678553792484ab1f019a3cbf75e10c039341b,6c8cc51c65fa002dc3129fd12b2278c05ae8b9a3e1d33ce3e3bcb076f57dbee5,6802d95d64f488d6f408bbe5b38e620e6755b2c6a6e7b2818da14fc23eff9775,cdfd3db1bacc2b4ce312b9678b13ee929b40d2e6adfbda5d0fdbbbdce3196e0b,49fa13ee5f12e3b66c22fea11036edf5a4d49c75bcb6eafd56b9608c113c5753
B_screen_GDAXI_revin-iTransformer_h1_s2021,B_screen_GDAXI_revin-iTransformer_h1_s2021__attempt-01,c1-20,GDAXI,revin-iTransformer,1,2021,507,0.144257276016,0.0395609190053,0.198899268489,0553be9111cb92c9b25c6508200e945943f216fda0575d67a879d4260e2817e8,b3539c99e221813c15fc5021a48678553792484ab1f019a3cbf75e10c039341b,6c8cc51c65fa002dc3129fd12b2278c05ae8b9a3e1d33ce3e3bcb076f57dbee5,c0eb12098532cde1ad90cc270b87f1eb330d596397756e9392ac93deb930e53c,cdfd3db1bacc2b4ce312b9678b13ee929b40d2e6adfbda5d0fdbbbdce3196e0b,311fea31ec1bd297f9f036fbea6a2d152000bed8f062a5ad6750a50e4954ba35
B_screen_GLD_DeReFusion_h1_s2021,B_screen_GLD_DeReFusion_h1_s2021__attempt-01,c1-20,GLD,DeReFusion,1,2021,502,0.18283304584,0.0625111426495,0.250022284306,a4c22d1ee9f27affc8f971fb3d5a908259995077afaf6732ff4c52d0594339a6,f3f52d5fa50e5a08d854623d8ab1209e820dc30c18d9f2a9cfb5feba8c64906c,0b77dfa686fce94a851cf19ad1f0f23a45028a85423a5a9f218594b12f69b231,8f79ce90417a31c38f1b360b64b229ead378dfdb4cdcda46c7546ac53094949f,4d7147dac9399b887fb94a0ad2aac30f63a2ecfbe5350c8af73b76482755607c,ed36bd62b5b21cdd0aa3b96d1b9cfe0570ff12e990ba9496402fa1db23c34cea
B_screen_GLD_revin-DLinear_h1_s2021,B_screen_GLD_revin-DLinear_h1_s2021__attempt-01,c1-20,GLD,revin-DLinear,1,2021,502,0.194029228146,0.072593563723,0.269431927809,a4c22d1ee9f27affc8f971fb3d5a908259995077afaf6732ff4c52d0594339a6,f3f52d5fa50e5a08d854623d8ab1209e820dc30c18d9f2a9cfb5feba8c64906c,0b77dfa686fce94a851cf19ad1f0f23a45028a85423a5a9f218594b12f69b231,f979bc2b651db2b0c13243bd4ae9d39cf586b351b2ce424be20c63c7a301f586,4d7147dac9399b887fb94a0ad2aac30f63a2ecfbe5350c8af73b76482755607c,0890ae4b0c3e7dae6fb3dabccc15209138e76a706b4f0ff5f2c699e188cb44ec
B_screen_GLD_revin-PatchTST_h1_s2021,B_screen_GLD_revin-PatchTST_h1_s2021__attempt-01,c1-20,GLD,revin-PatchTST,1,2021,502,0.120150264753,0.0278084315696,0.166758602686,a4c22d1ee9f27affc8f971fb3d5a908259995077afaf6732ff4c52d0594339a6,f3f52d5fa50e5a08d854623d8ab1209e820dc30c18d9f2a9cfb5feba8c64906c,0b77dfa686fce94a851cf19ad1f0f23a45028a85423a5a9f218594b12f69b231,18e8afccc13810efae30e571e767d13f4457c6075a01daa6f241932cd2ca4c3c,4d7147dac9399b887fb94a0ad2aac30f63a2ecfbe5350c8af73b76482755607c,46feee4e1867e44ddcaa51d02f9a0c95dece3fd9bcd156de4bcb939f10ae1487
B_screen_GLD_revin-iTransformer_h1_s2021,B_screen_GLD_revin-iTransformer_h1_s2021__attempt-01,c1-20,GLD,revin-iTransformer,1,2021,502,0.136358680716,0.0352612272095,0.187779730561,a4c22d1ee9f27affc8f971fb3d5a908259995077afaf6732ff4c52d0594339a6,f3f52d5fa50e5a08d854623d8ab1209e820dc30c18d9f2a9cfb5feba8c64906c,0b77dfa686fce94a851cf19ad1f0f23a45028a85423a5a9f218594b12f69b231,a16519b40c5309cd469958dd7514b5f7bc31dc01892cb660a73301ab74971027,4d7147dac9399b887fb94a0ad2aac30f63a2ecfbe5350c8af73b76482755607c,042572ef9fb940907498928a6ee0a59efd94516b0bb48289b02787fb8b712667
B_screen_GOLD_DeReFusion_h1_s2021,B_screen_GOLD_DeReFusion_h1_s2021__attempt-01,c1-20,GOLD,DeReFusion,1,2021,502,0.175066562525,0.0569760646451,0.238696595378,7eec85b3379c2ca69db144e40ab95eb9511e1b15f9d66a0df182b05419bcd409,b0e52c2ee049a874bc0534fcc7606edf42c4df13756b45ba7cb04860c5dd9b91,76e42c67bcf264a2ce36a12e162a5f61f8807bde3954823ed074e23b77f8f4e5,def6520bf46ba27dc580b0edb87835fb0d4f5dfdc839d643369a695f4fedb2d0,4bc172331de4fafb46e9b37e1c9280126b5c1e186bfb8937277a15a573508f7d,90656688a20c22be7f776fe374a0f5e2750a8f3b4446d6790f3e990118f75446
B_screen_GOLD_revin-DLinear_h1_s2021,B_screen_GOLD_revin-DLinear_h1_s2021__attempt-01,c1-20,GOLD,revin-DLinear,1,2021,502,0.191506727758,0.0684153462228,0.261563273842,7eec85b3379c2ca69db144e40ab95eb9511e1b15f9d66a0df182b05419bcd409,b0e52c2ee049a874bc0534fcc7606edf42c4df13756b45ba7cb04860c5dd9b91,76e42c67bcf264a2ce36a12e162a5f61f8807bde3954823ed074e23b77f8f4e5,b560ee6d10fcf00d8189905a290e7a9862d384d4153dd6264deb20d3ced79c31,4bc172331de4fafb46e9b37e1c9280126b5c1e186bfb8937277a15a573508f7d,743ce9b1a9472aaacf98dc7b2e7735dbbb2ca4d1f6a10d04492deb6ba2abb387
B_screen_GOLD_revin-PatchTST_h1_s2021,B_screen_GOLD_revin-PatchTST_h1_s2021__attempt-01,c1-20,GOLD,revin-PatchTST,1,2021,502,0.119539837676,0.0272722981291,0.165143265467,7eec85b3379c2ca69db144e40ab95eb9511e1b15f9d66a0df182b05419bcd409,b0e52c2ee049a874bc0534fcc7606edf42c4df13756b45ba7cb04860c5dd9b91,76e42c67bcf264a2ce36a12e162a5f61f8807bde3954823ed074e23b77f8f4e5,7aee5145cd9b601180005f12c343abf514b368a519183aba33b6d85a814a694f,4bc172331de4fafb46e9b37e1c9280126b5c1e186bfb8937277a15a573508f7d,6242be21b52ed5c3facb05bfc1cd9e88301c4b90014470a28595cbdda63cf46a
B_screen_GOLD_revin-iTransformer_h1_s2021,B_screen_GOLD_revin-iTransformer_h1_s2021__attempt-01,c1-20,GOLD,revin-iTransformer,1,2021,502,0.139939993264,0.0364496770808,0.190917985221,7eec85b3379c2ca69db144e40ab95eb9511e1b15f9d66a0df182b05419bcd409,b0e52c2ee049a874bc0534fcc7606edf42c4df13756b45ba7cb04860c5dd9b91,76e42c67bcf264a2ce36a12e162a5f61f8807bde3954823ed074e23b77f8f4e5,5e3b124e6e791035de23d5f95816ed0cd58c28d62d0cd9f6966dd6e5a5686063,4bc172331de4fafb46e9b37e1c9280126b5c1e186bfb8937277a15a573508f7d,3ed5a3cb90267c843349d5013e6b883f72755f67966eb58ad517ce385d4f9568
B_screen_HSI_DeReFusion_h1_s2021,B_screen_HSI_DeReFusion_h1_s2021__attempt-01,c1-20,HSI,DeReFusion,1,2021,491,0.135689930365,0.0355594661384,0.18857217753,7d27763191432c197951097235386de72a940463396ae31fc6c8987cb28ba2ff,0a217ac14d1d6398b4ef284cdaa2053be4080c3388b5a657d9905a51e80589b1,2a04256095a96d541142a426d289c5f173946b287ceefbd0ee2887c10cc25cec,32f25f1d5c31610df64219ddefccfb85277d2c5e61762f591963be6f42444cf4,06eaa24e99fe626d3baa3e529571710b532d3e677f4108cda03ff4c3339e3b35,66dc652b5a419b4c8663cfae754fbe50409353be3ac3d56e903cad4c19cd17ef
B_screen_HSI_revin-DLinear_h1_s2021,B_screen_HSI_revin-DLinear_h1_s2021__attempt-01,c1-20,HSI,revin-DLinear,1,2021,491,0.13601648954,0.0371857576759,0.19283609018,7d27763191432c197951097235386de72a940463396ae31fc6c8987cb28ba2ff,0a217ac14d1d6398b4ef284cdaa2053be4080c3388b5a657d9905a51e80589b1,2a04256095a96d541142a426d289c5f173946b287ceefbd0ee2887c10cc25cec,6836e1cbf65c32099cbb34b33a22934edcf39e8dca27fcfdde27521e415d6937,06eaa24e99fe626d3baa3e529571710b532d3e677f4108cda03ff4c3339e3b35,036960d6c36f7f7b3e474c2d477c3c5ff8c9b853896611ba7fa5e7c9849d238a
B_screen_HSI_revin-PatchTST_h1_s2021,B_screen_HSI_revin-PatchTST_h1_s2021__attempt-01,c1-20,HSI,revin-PatchTST,1,2021,491,0.0831716582456,0.0165113459681,0.128496482318,7d27763191432c197951097235386de72a940463396ae31fc6c8987cb28ba2ff,0a217ac14d1d6398b4ef284cdaa2053be4080c3388b5a657d9905a51e80589b1,2a04256095a96d541142a426d289c5f173946b287ceefbd0ee2887c10cc25cec,24a3ea11673a121773c506874ce110f44e7ab819266138d5115466173a315923,06eaa24e99fe626d3baa3e529571710b532d3e677f4108cda03ff4c3339e3b35,1f9af7bd4244be4248fe1764fe8ced9d845adbafd919d0558557287ac138e232
B_screen_HSI_revin-iTransformer_h1_s2021,B_screen_HSI_revin-iTransformer_h1_s2021__attempt-01,c1-20,HSI,revin-iTransformer,1,2021,491,0.0949644196426,0.0188497983791,0.137294567915,7d27763191432c197951097235386de72a940463396ae31fc6c8987cb28ba2ff,0a217ac14d1d6398b4ef284cdaa2053be4080c3388b5a657d9905a51e80589b1,2a04256095a96d541142a426d289c5f173946b287ceefbd0ee2887c10cc25cec,31980a39cb78d7d2be890661d3a97755fb3adda7da124ba6b742d2507686bbc6,06eaa24e99fe626d3baa3e529571710b532d3e677f4108cda03ff4c3339e3b35,d2da3f00ccc36427b5be06fd2fe9d5a0bd39ad7dc8b0c4fd53481fb8490976a7
B_screen_JPM_DeReFusion_h1_s2021,B_screen_JPM_DeReFusion_h1_s2021__attempt-01,c1-20,JPM,DeReFusion,1,2021,502,0.202107372987,0.0690366489743,0.262748261601,2e2637ca3389a5875329769298e1bd5929bd9bf4f7cc835ce26d238693a64906,84539ca60bc6e92f45e02185da70a674d93086ea3c83e150cde522a931a3a3d0,450e3fec5302e7464e1a773e18a4d7f0132b58a926cac014f0e09e2083b1dc5e,b44f32894949a7ddf84ad6492b54665a1964bec66a0f714099e01dfbfd7382ca,8dea5e16660007170a4db88c9400027d5efb35884ae1fd154e12f1f67e4b578b,2bda183bc32eb052ec0600bd6e1f5af36ba39d0e0789559c3f5e05102d063a5c
B_screen_JPM_revin-DLinear_h1_s2021,B_screen_JPM_revin-DLinear_h1_s2021__attempt-01,c1-20,JPM,revin-DLinear,1,2021,502,0.206968486547,0.0757689044599,0.275261520122,2e2637ca3389a5875329769298e1bd5929bd9bf4f7cc835ce26d238693a64906,84539ca60bc6e92f45e02185da70a674d93086ea3c83e150cde522a931a3a3d0,450e3fec5302e7464e1a773e18a4d7f0132b58a926cac014f0e09e2083b1dc5e,675a8f22071e3eb65440c8e3b923ab6af998459001e9a8dee6c210ceeeb06e64,8dea5e16660007170a4db88c9400027d5efb35884ae1fd154e12f1f67e4b578b,af9bd7129134df12ea3cef83d5a8a026f46775ed7d41a420bec0cd3ca11841c8
B_screen_JPM_revin-PatchTST_h1_s2021,B_screen_JPM_revin-PatchTST_h1_s2021__attempt-01,c1-20,JPM,revin-PatchTST,1,2021,502,0.104354627579,0.0217945281531,0.147629699428,2e2637ca3389a5875329769298e1bd5929bd9bf4f7cc835ce26d238693a64906,84539ca60bc6e92f45e02185da70a674d93086ea3c83e150cde522a931a3a3d0,450e3fec5302e7464e1a773e18a4d7f0132b58a926cac014f0e09e2083b1dc5e,eee5772aabf2c9efeeb758a0328407a31c98cd24621efaf5d36ad1495a61521a,8dea5e16660007170a4db88c9400027d5efb35884ae1fd154e12f1f67e4b578b,50ee0f48ee865e7e8d0b700102d5fa420d338d7898fbbafbd580e0a61ae74c0c
B_screen_JPM_revin-iTransformer_h1_s2021,B_screen_JPM_revin-iTransformer_h1_s2021__attempt-01,c1-20,JPM,revin-iTransformer,1,2021,502,0.137483984826,0.0342343300771,0.185025214706,2e2637ca3389a5875329769298e1bd5929bd9bf4f7cc835ce26d238693a64906,84539ca60bc6e92f45e02185da70a674d93086ea3c83e150cde522a931a3a3d0,450e3fec5302e7464e1a773e18a4d7f0132b58a926cac014f0e09e2083b1dc5e,9c64dbaec04cd0440b30d2cfa02a99adde099332e01a95b1ee56da3ba4e8ed6b,8dea5e16660007170a4db88c9400027d5efb35884ae1fd154e12f1f67e4b578b,51923a2c924a43fdf6ee2e91a4b00fb22fe84e25784d1de9b9bfb0b9b92032d9
B_screen_META_DeReFusion_h1_s2021,B_screen_META_DeReFusion_h1_s2021__attempt-01,c1-20,META,DeReFusion,1,2021,502,0.346991463011,0.188234383311,0.433859865983,233e860fa9a8cc0052df509901e407e827382a403c41345a3962e60eab50a880,08f0bf4f5198a96a177c9e1a37c1aa4f8cbfa824232cbb93c55f210de35b7f29,fe0effbe8a541895f60e19c664e7f06791408fd46de31db0396f61b2590fa19d,9b20e396d4830846fb86998593db5972dc5f4ee2ff7586ae2e8372eee3dfdedf,43991262eba7a02f2a5948d2c5a1306420483be43424803ca683244b93a659cc,8dcd5c92fb1b53b024fba898ac121ca39367aea32e55502cdea6eedbc262a2b9
B_screen_META_revin-DLinear_h1_s2021,B_screen_META_revin-DLinear_h1_s2021__attempt-01,c1-20,META,revin-DLinear,1,2021,502,0.331493666922,0.179860883651,0.424100086832,233e860fa9a8cc0052df509901e407e827382a403c41345a3962e60eab50a880,08f0bf4f5198a96a177c9e1a37c1aa4f8cbfa824232cbb93c55f210de35b7f29,fe0effbe8a541895f60e19c664e7f06791408fd46de31db0396f61b2590fa19d,a9820587a72a1e741c3111ba532b13dbc3a74559dc17269c749fe5de72889efa,43991262eba7a02f2a5948d2c5a1306420483be43424803ca683244b93a659cc,b04671ad8dbb2de0200ff9b47e615812248e94101a8f40c3888671ad8f71aa03
B_screen_META_revin-PatchTST_h1_s2021,B_screen_META_revin-PatchTST_h1_s2021__attempt-01,c1-20,META,revin-PatchTST,1,2021,502,0.220378810666,0.0857919132106,0.29290256607,233e860fa9a8cc0052df509901e407e827382a403c41345a3962e60eab50a880,08f0bf4f5198a96a177c9e1a37c1aa4f8cbfa824232cbb93c55f210de35b7f29,fe0effbe8a541895f60e19c664e7f06791408fd46de31db0396f61b2590fa19d,d73317f2c95c2e97fbd534334a4142a3ab3527bafd535ef1d930a8cb3e82ab63,43991262eba7a02f2a5948d2c5a1306420483be43424803ca683244b93a659cc,eee80b3dd3e4da1b8ae9437d4943f0f3318152f90fffd4a05c5fde34328b1a56
B_screen_META_revin-iTransformer_h1_s2021,B_screen_META_revin-iTransformer_h1_s2021__attempt-01,c1-20,META,revin-iTransformer,1,2021,502,0.223357928227,0.0804952875909,0.283716914531,233e860fa9a8cc0052df509901e407e827382a403c41345a3962e60eab50a880,08f0bf4f5198a96a177c9e1a37c1aa4f8cbfa824232cbb93c55f210de35b7f29,fe0effbe8a541895f60e19c664e7f06791408fd46de31db0396f61b2590fa19d,04e7d1afcd5a585142b219d2e3bc95e121b2f9b6be8b193ae6af4894af8fbe26,43991262eba7a02f2a5948d2c5a1306420483be43424803ca683244b93a659cc,260202a37346f9af033d53a26508a262c9c75a495f8ee8c7aa287bccbff60b12
B_screen_MSFT_DeReFusion_h1_s2021,B_screen_MSFT_DeReFusion_h1_s2021__attempt-01,c1-20,MSFT,DeReFusion,1,2021,502,0.108146220089,0.0186006396966,0.136384162191,24ab47a31e00127b7258e9e935072051ac2de82af3315a7ec714c469a555f749,516eb90db569ddacd4378283748f13a4ef4714ae1baeb485f9bd577c75f9ee02,48139f47b21a71466a60f7db045a20c85c3a75dcaba7afc20d175646f8b0d931,393ccd4a67636ba5d16f62b890af6e748daf2de01058f5b80618445b996d3f3e,7897acecb4fb38d152d771daf80ea414a5cecec464b72555a0b90afa221374cd,2515963e84cb3862c65218a818788849e2eb6dceb95e3f7ef3451e73db2bb237
B_screen_MSFT_revin-DLinear_h1_s2021,B_screen_MSFT_revin-DLinear_h1_s2021__attempt-01,c1-20,MSFT,revin-DLinear,1,2021,502,0.111491348639,0.0202047039629,0.142143251556,24ab47a31e00127b7258e9e935072051ac2de82af3315a7ec714c469a555f749,516eb90db569ddacd4378283748f13a4ef4714ae1baeb485f9bd577c75f9ee02,48139f47b21a71466a60f7db045a20c85c3a75dcaba7afc20d175646f8b0d931,e0cc91525329e9bc926870f17883211898d617f926ebd9f3750a9781afaa286c,7897acecb4fb38d152d771daf80ea414a5cecec464b72555a0b90afa221374cd,58dd99cff8d4434c97d0640f7a3f3f6f0d1a71f587a5de4a2d89cb8b0ee67ebd
B_screen_MSFT_revin-PatchTST_h1_s2021,B_screen_MSFT_revin-PatchTST_h1_s2021__attempt-01,c1-20,MSFT,revin-PatchTST,1,2021,502,0.0758482578741,0.00948959833131,0.0974145693996,24ab47a31e00127b7258e9e935072051ac2de82af3315a7ec714c469a555f749,516eb90db569ddacd4378283748f13a4ef4714ae1baeb485f9bd577c75f9ee02,48139f47b21a71466a60f7db045a20c85c3a75dcaba7afc20d175646f8b0d931,e6f0add0d4601a4129e780a3b0fab75aca9a0c04bee30dc58d5b718044407b99,7897acecb4fb38d152d771daf80ea414a5cecec464b72555a0b90afa221374cd,34621eabc94dfd21b180b29b20a14f9e21d388a60ef1104a30e4e090c8420d76
B_screen_MSFT_revin-iTransformer_h1_s2021,B_screen_MSFT_revin-iTransformer_h1_s2021__attempt-01,c1-20,MSFT,revin-iTransformer,1,2021,502,0.0785646015904,0.0105156277675,0.102545735004,24ab47a31e00127b7258e9e935072051ac2de82af3315a7ec714c469a555f749,516eb90db569ddacd4378283748f13a4ef4714ae1baeb485f9bd577c75f9ee02,48139f47b21a71466a60f7db045a20c85c3a75dcaba7afc20d175646f8b0d931,691f85abb7cca9a09f2f3c50022c75c2e95c2e6d583b49edcdd9305ebf450ee4,7897acecb4fb38d152d771daf80ea414a5cecec464b72555a0b90afa221374cd,24874f4fe24d7d0a7db5a882969a817e2aee27629784c4d109df680d0ae5448a
B_screen_N225_DeReFusion_h1_s2021,B_screen_N225_DeReFusion_h1_s2021__attempt-01,c1-20,N225,DeReFusion,1,2021,488,0.189025231561,0.0656077132519,0.256140026649,e51d1aba8b0485960c37bf05fefbc2d96f936cf366be93f24d6b716096f7e1c8,a27d6c71ad7c5daf93f47678ca99e4acd1f470eadf2b9e15448428b24f92464b,7250ac1596365ef894b61bb257789e23fe56a386a90e378901ce651fce4924a3,873ac7545cda06ce916fc85d5e940edb141437d074794e7c693b995ca3e53865,d5f55201de6ac044a29c4458d3b5082145be81d0a5e4e137a868345921ae248f,56b736b033b0bd30fd52845605bcb83c28f780931546ffe2efa6b75bf109f1db
B_screen_N225_revin-DLinear_h1_s2021,B_screen_N225_revin-DLinear_h1_s2021__attempt-01,c1-20,N225,revin-DLinear,1,2021,488,0.191943041614,0.070810817387,0.266103020252,e51d1aba8b0485960c37bf05fefbc2d96f936cf366be93f24d6b716096f7e1c8,a27d6c71ad7c5daf93f47678ca99e4acd1f470eadf2b9e15448428b24f92464b,7250ac1596365ef894b61bb257789e23fe56a386a90e378901ce651fce4924a3,4d55978f844605ec2534a888b72f7e768841f80481f09cf3c505a94893900bff,d5f55201de6ac044a29c4458d3b5082145be81d0a5e4e137a868345921ae248f,d16c40254d20bd5c657b6508e367f31503c566abcaf1c79d2067662177496953
B_screen_N225_revin-PatchTST_h1_s2021,B_screen_N225_revin-PatchTST_h1_s2021__attempt-01,c1-20,N225,revin-PatchTST,1,2021,488,0.114172326737,0.0265928437692,0.163073123994,e51d1aba8b0485960c37bf05fefbc2d96f936cf366be93f24d6b716096f7e1c8,a27d6c71ad7c5daf93f47678ca99e4acd1f470eadf2b9e15448428b24f92464b,7250ac1596365ef894b61bb257789e23fe56a386a90e378901ce651fce4924a3,5e3bf75518966670f85a92ec6dc6dd905ee5cf317f645fcad44f95d447f97729,d5f55201de6ac044a29c4458d3b5082145be81d0a5e4e137a868345921ae248f,078bd5a7db6c5533e2a1fb4a5fb8f23640b35131ca0e7118a24bb3b3c5817997
B_screen_N225_revin-iTransformer_h1_s2021,B_screen_N225_revin-iTransformer_h1_s2021__attempt-01,c1-20,N225,revin-iTransformer,1,2021,488,0.147088760724,0.0402290878234,0.200571901879,e51d1aba8b0485960c37bf05fefbc2d96f936cf366be93f24d6b716096f7e1c8,a27d6c71ad7c5daf93f47678ca99e4acd1f470eadf2b9e15448428b24f92464b,7250ac1596365ef894b61bb257789e23fe56a386a90e378901ce651fce4924a3,47774ed7af6e53ee841a797cc6198ef93ab232374410ca80780440c00d882740,d5f55201de6ac044a29c4458d3b5082145be81d0a5e4e137a868345921ae248f,20fae38da3fd7b3a7374a054375c805ffdf3cc2c0299254870c4e499557bf08c
B_screen_RUT_DeReFusion_h1_s2021,B_screen_RUT_DeReFusion_h1_s2021__attempt-01,c1-20,RUT,DeReFusion,1,2021,502,0.118577730371,0.0253140355152,0.159103851353,170c35b1094c28effc04d7694399b60799596f9aabd86b540a4381114b9c99a6,10eb12b662914a9e78642643873f4a7b30d381140ac1c70de7b48a3952c094d8,27f21f002ef041815e4a1db4acb8c6a0b2492832b43dfd2e79e0ad016bf1f718,41e0c7a962a4bbef53a17a2ba6bfc9d8307c4a9a3501267b98867f9e2327c2dc,5a7f9aa9121d657187f89e7857d64d3ed1539be912fe0eeb00934a12decdf5d3,571d3936c041ea52cab16efec9952f8f95947e8e3bd33a4dca718a9ec60b3ad0
B_screen_RUT_revin-DLinear_h1_s2021,B_screen_RUT_revin-DLinear_h1_s2021__attempt-01,c1-20,RUT,revin-DLinear,1,2021,502,0.123271112542,0.0254745033775,0.159607341239,170c35b1094c28effc04d7694399b60799596f9aabd86b540a4381114b9c99a6,10eb12b662914a9e78642643873f4a7b30d381140ac1c70de7b48a3952c094d8,27f21f002ef041815e4a1db4acb8c6a0b2492832b43dfd2e79e0ad016bf1f718,09d36eb8deea1efaac7ebf0653dbed1bc7bdb254aaa6f5df09151d37be16879f,5a7f9aa9121d657187f89e7857d64d3ed1539be912fe0eeb00934a12decdf5d3,d75eae54a7691750deb07c22ec4e85cb1b36e237897a2d9e401f644656e407af
B_screen_RUT_revin-PatchTST_h1_s2021,B_screen_RUT_revin-PatchTST_h1_s2021__attempt-01,c1-20,RUT,revin-PatchTST,1,2021,502,0.0737953746461,0.0100132316319,0.10006613629,170c35b1094c28effc04d7694399b60799596f9aabd86b540a4381114b9c99a6,10eb12b662914a9e78642643873f4a7b30d381140ac1c70de7b48a3952c094d8,27f21f002ef041815e4a1db4acb8c6a0b2492832b43dfd2e79e0ad016bf1f718,0f7c2bbd036990d340f2bbdcf5777da89c184f2f339da83a5ff629f90c065e50,5a7f9aa9121d657187f89e7857d64d3ed1539be912fe0eeb00934a12decdf5d3,e5d7e782b15752dc64b1f24d505a8b3ec66f012699e87499835d62fc6f7324b8
B_screen_RUT_revin-iTransformer_h1_s2021,B_screen_RUT_revin-iTransformer_h1_s2021__attempt-01,c1-20,RUT,revin-iTransformer,1,2021,502,0.0878625209351,0.0136320288444,0.116756279679,170c35b1094c28effc04d7694399b60799596f9aabd86b540a4381114b9c99a6,10eb12b662914a9e78642643873f4a7b30d381140ac1c70de7b48a3952c094d8,27f21f002ef041815e4a1db4acb8c6a0b2492832b43dfd2e79e0ad016bf1f718,98c2b05ca9caeaa0183f9c0aed4c06af08861e193b5ba2be918516e664f5bc6d,5a7f9aa9121d657187f89e7857d64d3ed1539be912fe0eeb00934a12decdf5d3,78c3063140d759470e1d2ff984e5db528529b6d45ecb4c0953a5f89bbe186a6e
B_screen_TLT_DeReFusion_h1_s2021,B_screen_TLT_DeReFusion_h1_s2021__attempt-01,c1-20,TLT,DeReFusion,1,2021,502,0.0759573182262,0.00913443891223,0.0955742586277,c608c38555c941c07d9a8de7f1c6dd16de4088338cde6f826876064261ac36ae,2c17079a795e5e4a3f6248906d2ebc22a94e19e4474fc885097f2799a5b2e162,4da4b28f0adc0b50a763a4eba39f6e1f0893df85b9f3bac2769576cfb7671da1,71782a94737985664976b73aef5c805d335c2652b8e4cdcf8eca8c8df31b95e0,d7b67c9eb9229543acbb037b4d3484ca8f84e476d4e39d91b766475f17633c74,5a945d924660ed29226b7fa57dab951680c691a83a1dfe81e503965298cf141b
B_screen_TLT_revin-DLinear_h1_s2021,B_screen_TLT_revin-DLinear_h1_s2021__attempt-01,c1-20,TLT,revin-DLinear,1,2021,502,0.0811129955656,0.0104052544433,0.102006149047,c608c38555c941c07d9a8de7f1c6dd16de4088338cde6f826876064261ac36ae,2c17079a795e5e4a3f6248906d2ebc22a94e19e4474fc885097f2799a5b2e162,4da4b28f0adc0b50a763a4eba39f6e1f0893df85b9f3bac2769576cfb7671da1,038afb496a2eda8019774e47343bff0dac9293ac8448884bf15534f019867df3,d7b67c9eb9229543acbb037b4d3484ca8f84e476d4e39d91b766475f17633c74,ee2d91368450b13e62d449930bc841d284a67010d030b2823be1327de73fc99b
B_screen_TLT_revin-PatchTST_h1_s2021,B_screen_TLT_revin-PatchTST_h1_s2021__attempt-01,c1-20,TLT,revin-PatchTST,1,2021,502,0.0477803430234,0.00364256817052,0.0603536922692,c608c38555c941c07d9a8de7f1c6dd16de4088338cde6f826876064261ac36ae,2c17079a795e5e4a3f6248906d2ebc22a94e19e4474fc885097f2799a5b2e162,4da4b28f0adc0b50a763a4eba39f6e1f0893df85b9f3bac2769576cfb7671da1,eaaa94607af2f9e48dfd2214b6e1804575ec6241d486ed57ef6800f44036dd6e,d7b67c9eb9229543acbb037b4d3484ca8f84e476d4e39d91b766475f17633c74,38962ee03a019f1322b0d67de56c00cadf716166c8fffdcdbe097489ecd03e79
B_screen_TLT_revin-iTransformer_h1_s2021,B_screen_TLT_revin-iTransformer_h1_s2021__attempt-01,c1-20,TLT,revin-iTransformer,1,2021,502,0.0546718769339,0.00479322932785,0.0692331519422,c608c38555c941c07d9a8de7f1c6dd16de4088338cde6f826876064261ac36ae,2c17079a795e5e4a3f6248906d2ebc22a94e19e4474fc885097f2799a5b2e162,4da4b28f0adc0b50a763a4eba39f6e1f0893df85b9f3bac2769576cfb7671da1,1255041ed9b9295b21671bfcc32ce8f126e8cdcf53d23b3400e20eb44a2ff616,d7b67c9eb9229543acbb037b4d3484ca8f84e476d4e39d91b766475f17633c74,bafbff45fa22b27dec5c778e163efb5c0d89b1c9e021f00061097f74ec97a6f7
B_screen_TSLA_DeReFusion_h1_s2021,B_screen_TSLA_DeReFusion_h1_s2021__attempt-01,c1-20,TSLA,DeReFusion,1,2021,502,0.154107898474,0.0405349233819,0.201332867118,c4464b5f5b9dd3630b501d60d2b9798e61697d1b3eacebf204f3a372b32e4dcd,a324d1fa022bd9d8d1cccef4e3f74272942363a5825b3308c9cb9c6091646dae,4993de1e6a0997785a6c40f5397374dcbe9254b5f5bd3f0633edf92c951e5b9d,2dc77b5fb95179d1cae3ea408d2a3612a6e2068837dd73c64864e1a6e39b630b,142fabe91a8c527acd0734b81f0504a4f09021a2f714e3d2138b4525ec27a326,bf022412b8388268f2ea96c2832cf4d271bc29d0fe1083fcc7f181bd378893cf
B_screen_TSLA_revin-DLinear_h1_s2021,B_screen_TSLA_revin-DLinear_h1_s2021__attempt-01,c1-20,TSLA,revin-DLinear,1,2021,502,0.158114343169,0.0432864130783,0.208053870616,c4464b5f5b9dd3630b501d60d2b9798e61697d1b3eacebf204f3a372b32e4dcd,a324d1fa022bd9d8d1cccef4e3f74272942363a5825b3308c9cb9c6091646dae,4993de1e6a0997785a6c40f5397374dcbe9254b5f5bd3f0633edf92c951e5b9d,3169b62334b11ae783be82cfacfe40c82662aca5ed38e13b6d64c2f8c12a7375,142fabe91a8c527acd0734b81f0504a4f09021a2f714e3d2138b4525ec27a326,67d7afa0387a17c1dacfa78792b093a5250487e21439808dc9bb7a1d195e004a
B_screen_TSLA_revin-PatchTST_h1_s2021,B_screen_TSLA_revin-PatchTST_h1_s2021__attempt-01,c1-20,TSLA,revin-PatchTST,1,2021,502,0.0941328393867,0.0161196403822,0.126963145764,c4464b5f5b9dd3630b501d60d2b9798e61697d1b3eacebf204f3a372b32e4dcd,a324d1fa022bd9d8d1cccef4e3f74272942363a5825b3308c9cb9c6091646dae,4993de1e6a0997785a6c40f5397374dcbe9254b5f5bd3f0633edf92c951e5b9d,d085ab7f4aac7e8850641f59d13c7d2ff686c187eff085f58ac0ce368a1b2127,142fabe91a8c527acd0734b81f0504a4f09021a2f714e3d2138b4525ec27a326,9cc4fd1a2260217883de35127d3424ede19090911544b7aacd497d39ea1b4e79
B_screen_TSLA_revin-iTransformer_h1_s2021,B_screen_TSLA_revin-iTransformer_h1_s2021__attempt-01,c1-20,TSLA,revin-iTransformer,1,2021,502,0.11680389448,0.0232782621017,0.152572153756,c4464b5f5b9dd3630b501d60d2b9798e61697d1b3eacebf204f3a372b32e4dcd,a324d1fa022bd9d8d1cccef4e3f74272942363a5825b3308c9cb9c6091646dae,4993de1e6a0997785a6c40f5397374dcbe9254b5f5bd3f0633edf92c951e5b9d,5ed326c93caaabaa7a8ceae1afebe9245a2416cee7a4001bce33cdada65a9c81,142fabe91a8c527acd0734b81f0504a4f09021a2f714e3d2138b4525ec27a326,94f95adcb87711ec283c03255b11ecf05a23241c3ac1eb905ab64a7cd944eed6
B_screen_USDCAD_DeReFusion_h1_s2021,B_screen_USDCAD_DeReFusion_h1_s2021__attempt-01,c1-20,USDCAD,DeReFusion,1,2021,520,0.147288789715,0.0371039470709,0.192623848655,0a81b3cf51249f9b9cbbe1b1bd4d6604b502362deef39a3603082412acfeb277,b74d6f3312aa7dfdffb100eea199bee088c2203c78556abc44056f6c5d5b1217,4f346a1849e213ec83446c6d7cdcd450e4e13f15532ce9787cb26a05e09727ee,cdaeeacf3e8a8294acb9b100930446be9a46b8facb1e2a238c8753a92a5c683d,c842013f54e1ff660d3225c9411eedba9e806b36ab14ea587315bb10192d37f4,c698b5edff6c3cf1122c24394d3b445465dbe17f80c60598b5fa68d1173ec7a8
B_screen_USDCAD_revin-DLinear_h1_s2021,B_screen_USDCAD_revin-DLinear_h1_s2021__attempt-01,c1-20,USDCAD,revin-DLinear,1,2021,520,0.150038799242,0.0381366956159,0.195286189004,0a81b3cf51249f9b9cbbe1b1bd4d6604b502362deef39a3603082412acfeb277,b74d6f3312aa7dfdffb100eea199bee088c2203c78556abc44056f6c5d5b1217,4f346a1849e213ec83446c6d7cdcd450e4e13f15532ce9787cb26a05e09727ee,9a7387a061017a91b479739a10d52413028c01f0a3c679e51864223eccef2854,c842013f54e1ff660d3225c9411eedba9e806b36ab14ea587315bb10192d37f4,a6583deaeedf9edb173bad5d7720c4c518398640360ac1ac92714818755b3f95
B_screen_USDCAD_revin-PatchTST_h1_s2021,B_screen_USDCAD_revin-PatchTST_h1_s2021__attempt-01,c1-20,USDCAD,revin-PatchTST,1,2021,520,0.109416737178,0.0206365784006,0.143654371324,0a81b3cf51249f9b9cbbe1b1bd4d6604b502362deef39a3603082412acfeb277,b74d6f3312aa7dfdffb100eea199bee088c2203c78556abc44056f6c5d5b1217,4f346a1849e213ec83446c6d7cdcd450e4e13f15532ce9787cb26a05e09727ee,b528267b477c26fb0272136bee6cc6f915e415386680317329deeadca2f606f6,c842013f54e1ff660d3225c9411eedba9e806b36ab14ea587315bb10192d37f4,c90aa9727cc5b8616d7130924f220c64eb6d40cb08134f72bd2497e4ce366883
B_screen_USDCAD_revin-iTransformer_h1_s2021,B_screen_USDCAD_revin-iTransformer_h1_s2021__attempt-01,c1-20,USDCAD,revin-iTransformer,1,2021,520,0.105733939146,0.0193672095029,0.139166121965,0a81b3cf51249f9b9cbbe1b1bd4d6604b502362deef39a3603082412acfeb277,b74d6f3312aa7dfdffb100eea199bee088c2203c78556abc44056f6c5d5b1217,4f346a1849e213ec83446c6d7cdcd450e4e13f15532ce9787cb26a05e09727ee,80e4bdf2f5b6711f324d39fa6d8af2d0b057b416198a96b8acc0936ae7649620,c842013f54e1ff660d3225c9411eedba9e806b36ab14ea587315bb10192d37f4,7bc46a7f9b7f681aa3eb4f60e8a1abe36089f31b69f3261dcf56cca718c917ea
B_screen_WMT_DeReFusion_h1_s2021,B_screen_WMT_DeReFusion_h1_s2021__attempt-01,c1-20,WMT,DeReFusion,1,2021,502,0.178389399413,0.0588072509176,0.242502063739,a640cdd838ce2b4cb8c169374d84c1d4630a913ae3b83da2fb6707b0c54f1d82,492e2a4ce4abf98b676bfaf9ce2ea40f035c465c5ac01de7ba4566cb78bce474,927d268a64b42742e6ae0b29c60a178beadf98506c0e6e1bc778c2e08f885481,3cb5552835fe5b7712effcf6a1e6435b15e20a576d06030009e76f300d69cfdd,11c7fd26d44880a177dc655890f5f0bdfd59b0b2a96a977efb82efa49a81f706,836887a57e45b5ab15462261eda3953578dd67dd03b315fc45e3e519b5e56308
B_screen_WMT_revin-DLinear_h1_s2021,B_screen_WMT_revin-DLinear_h1_s2021__attempt-01,c1-20,WMT,revin-DLinear,1,2021,502,0.207129931307,0.076645944084,0.276850038981,a640cdd838ce2b4cb8c169374d84c1d4630a913ae3b83da2fb6707b0c54f1d82,492e2a4ce4abf98b676bfaf9ce2ea40f035c465c5ac01de7ba4566cb78bce474,927d268a64b42742e6ae0b29c60a178beadf98506c0e6e1bc778c2e08f885481,7d76293c052d5a35f49ff63b838547fab6ebfb231c4a2c5e1012388944614b8e,11c7fd26d44880a177dc655890f5f0bdfd59b0b2a96a977efb82efa49a81f706,36195daf8e630ae1736396eb9bd7613b528334977fb506ce42f48cb572033cf6
B_screen_WMT_revin-PatchTST_h1_s2021,B_screen_WMT_revin-PatchTST_h1_s2021__attempt-01,c1-20,WMT,revin-PatchTST,1,2021,502,0.113530228812,0.023265566755,0.152530543679,a640cdd838ce2b4cb8c169374d84c1d4630a913ae3b83da2fb6707b0c54f1d82,492e2a4ce4abf98b676bfaf9ce2ea40f035c465c5ac01de7ba4566cb78bce474,927d268a64b42742e6ae0b29c60a178beadf98506c0e6e1bc778c2e08f885481,672337176a0cefc18fafd653f6e81c53f7b9e755ba7b069a4c5c52277d20466c,11c7fd26d44880a177dc655890f5f0bdfd59b0b2a96a977efb82efa49a81f706,7f0e6f9dff215efc41ab387428f7ed80c3dcbc66719712cc513accd104a86bf0
B_screen_WMT_revin-iTransformer_h1_s2021,B_screen_WMT_revin-iTransformer_h1_s2021__attempt-01,c1-20,WMT,revin-iTransformer,1,2021,502,0.124857546086,0.0304203082785,0.174414186001,a640cdd838ce2b4cb8c169374d84c1d4630a913ae3b83da2fb6707b0c54f1d82,492e2a4ce4abf98b676bfaf9ce2ea40f035c465c5ac01de7ba4566cb78bce474,927d268a64b42742e6ae0b29c60a178beadf98506c0e6e1bc778c2e08f885481,4d0a80503455bb31134b8fffb810d784207e23733b8b41067adb761a5ea2cccf,11c7fd26d44880a177dc655890f5f0bdfd59b0b2a96a977efb82efa49a81f706,2f5354a8ce4f8d8fe6ddea2c3df8929793721781e69d01aecb4cfcf1001e2a5b
B_screen_WTI_DeReFusion_h1_s2021,B_screen_WTI_DeReFusion_h1_s2021__attempt-01,c1-20,WTI,DeReFusion,1,2021,502,0.106956825934,0.0183073019024,0.135304478501,e60b4f81afe2cb8b963e3b1d1cf058ca6a3786f35138ab132ed1ef4886766130,2a94ed64edaa87883c33dafd53586744c8787a13b22017022328cb7305eeb08c,0b7361bb11333d1f6fb889429d8e4869789f260eb6d5c457c1ecec6b936527f1,95bda4c4ba7b736cdc2ee91dd1b7168ca1947165d8b5f5ef40ce72cd74fd1b66,c908cf50457fd49c6188b90b84671ba15ed1e70f3f6881494314e56c1121c0fd,8c10a9678dc06a9e4bf011f9450cccc4486f91c43ccf705afa04e3386d052595
B_screen_WTI_revin-DLinear_h1_s2021,B_screen_WTI_revin-DLinear_h1_s2021__attempt-01,c1-20,WTI,revin-DLinear,1,2021,502,0.0973947266137,0.0157992993724,0.125695263922,e60b4f81afe2cb8b963e3b1d1cf058ca6a3786f35138ab132ed1ef4886766130,2a94ed64edaa87883c33dafd53586744c8787a13b22017022328cb7305eeb08c,0b7361bb11333d1f6fb889429d8e4869789f260eb6d5c457c1ecec6b936527f1,d80ab15dcab392836fa179966ac4ef903ca865e7f9cac1188810d13cc2df5bf9,c908cf50457fd49c6188b90b84671ba15ed1e70f3f6881494314e56c1121c0fd,3ee5f4bf526b1e13c252dd6ce20274fd08efe11e652cbd4291ad7339eb220e89
B_screen_WTI_revin-PatchTST_h1_s2021,B_screen_WTI_revin-PatchTST_h1_s2021__attempt-01,c1-20,WTI,revin-PatchTST,1,2021,502,0.0618321791816,0.00651043799361,0.0806872852041,e60b4f81afe2cb8b963e3b1d1cf058ca6a3786f35138ab132ed1ef4886766130,2a94ed64edaa87883c33dafd53586744c8787a13b22017022328cb7305eeb08c,0b7361bb11333d1f6fb889429d8e4869789f260eb6d5c457c1ecec6b936527f1,5d197cecfaf9c954b83abf11693e9d23941c8a7cc86e038c598423c0c08eb425,c908cf50457fd49c6188b90b84671ba15ed1e70f3f6881494314e56c1121c0fd,18989a5dfe1d343c657b3fd700fc019b25faf64934f66fd331d146effcbc31d6
B_screen_WTI_revin-iTransformer_h1_s2021,B_screen_WTI_revin-iTransformer_h1_s2021__attempt-01,c1-20,WTI,revin-iTransformer,1,2021,502,0.0758128412955,0.0100255665375,0.100127751086,e60b4f81afe2cb8b963e3b1d1cf058ca6a3786f35138ab132ed1ef4886766130,2a94ed64edaa87883c33dafd53586744c8787a13b22017022328cb7305eeb08c,0b7361bb11333d1f6fb889429d8e4869789f260eb6d5c457c1ecec6b936527f1,c3afc919fb7400b2cb7c3ddf17c2801c79ec7f49ebc6dfbd5eb013acd9cc51af,c908cf50457fd49c6188b90b84671ba15ed1e70f3f6881494314e56c1121c0fd,98e10b5f1a6b1da98ccae17ef640411361a22e1984912ca78a81bee6e3b7b640
B_screen_XOM_DeReFusion_h1_s2021,B_screen_XOM_DeReFusion_h1_s2021__attempt-01,c1-20,XOM,DeReFusion,1,2021,502,0.140391284489,0.0326685547096,0.180744445861,4419eabf590360caf522864837c4a84a751618d9abcb5c1292e22af4d7cc9ad7,607539f87c857d34bfb51e24999bd0b752a3b817b9ff246010bd694cc30cd04d,74ecd45a77d1edb9692cadc61b853a381de1b028f50a290df4057f37f9b9c928,82c5d26d41872fefa56f4ce065c571e32135d44d259872b4938ea90061a8e5bf,d7f5f1af22141b9e581706755a0be817ef5bdfc0979b6507f53ef45e52e7d5dd,cd4af7fe49fb0f8c6ea17580507c84accd89d4dd769302688c7a2076076be5ab
B_screen_XOM_revin-DLinear_h1_s2021,B_screen_XOM_revin-DLinear_h1_s2021__attempt-01,c1-20,XOM,revin-DLinear,1,2021,502,0.130336689284,0.0278243579124,0.166806348537,4419eabf590360caf522864837c4a84a751618d9abcb5c1292e22af4d7cc9ad7,607539f87c857d34bfb51e24999bd0b752a3b817b9ff246010bd694cc30cd04d,74ecd45a77d1edb9692cadc61b853a381de1b028f50a290df4057f37f9b9c928,20ef407193ea91746d1da1feefa738ba8f0812d60d0010cc14a316ada0334010,d7f5f1af22141b9e581706755a0be817ef5bdfc0979b6507f53ef45e52e7d5dd,b6f885aee8bc2435ff0435ad0020f8a1b62e35a642c19a2db3730441471e99cd
B_screen_XOM_revin-PatchTST_h1_s2021,B_screen_XOM_revin-PatchTST_h1_s2021__attempt-01,c1-20,XOM,revin-PatchTST,1,2021,502,0.0808904501071,0.0113711123874,0.106635418072,4419eabf590360caf522864837c4a84a751618d9abcb5c1292e22af4d7cc9ad7,607539f87c857d34bfb51e24999bd0b752a3b817b9ff246010bd694cc30cd04d,74ecd45a77d1edb9692cadc61b853a381de1b028f50a290df4057f37f9b9c928,603a1d7aed240ba480735c162a1729e3904e62dd4035a94398a27e29b736c4b1,d7f5f1af22141b9e581706755a0be817ef5bdfc0979b6507f53ef45e52e7d5dd,b4bdcce9a0b71d8ab4fb49d5ce12bbcfc49f63941dd8bb818a5a68e14a0d7ecc
B_screen_XOM_revin-iTransformer_h1_s2021,B_screen_XOM_revin-iTransformer_h1_s2021__attempt-01,c1-20,XOM,revin-iTransformer,1,2021,502,0.112936136495,0.0206050496898,0.143544591294,4419eabf590360caf522864837c4a84a751618d9abcb5c1292e22af4d7cc9ad7,607539f87c857d34bfb51e24999bd0b752a3b817b9ff246010bd694cc30cd04d,74ecd45a77d1edb9692cadc61b853a381de1b028f50a290df4057f37f9b9c928,ede6f3daa31837b7da916851cd4c201e4a7fcacf26d8425be982c6e5d2812dcb,d7f5f1af22141b9e581706755a0be817ef5bdfc0979b6507f53ef45e52e7d5dd,09e62481dc1c3d60d32d27e85ee3108807d66eaff768e81846ab45fc1548bfeb
B_screen_AAPL_DeReFusion_h24_s2021,B_screen_AAPL_DeReFusion_h24_s2021__attempt-01,c1-20,AAPL,DeReFusion,24,2021,11496,0.235947763808,0.0937549960964,0.30619437633,3e32645526656fb8e055be1f7531c59ea77fa752680779cb82fb06910413cdb9,6bc389bf0909378010b3695767cd75f35fe01bf5053a70099b6dc9016bca99a7,2d0ec4a90463b9a6bae915a3038d871c061b3d18d813d6572d50d75f4b185916,abf9e0f5586c871b9ecc425b01a694c49c1f489177a838b0e9cf563c3ad1edb0,3b60605d2537bf983f5063d7447ed9d8698ee548185f47bf64ddfe8d11154070,83775a17e39d3af006cca47ebaf8be04d162f5983e204e96d730136cdd78dc85
B_screen_AAPL_revin-DLinear_h24_s2021,B_screen_AAPL_revin-DLinear_h24_s2021__attempt-01,c1-20,AAPL,revin-DLinear,24,2021,11496,0.226708297918,0.0850013201202,0.291549858721,3e32645526656fb8e055be1f7531c59ea77fa752680779cb82fb06910413cdb9,6bc389bf0909378010b3695767cd75f35fe01bf5053a70099b6dc9016bca99a7,2d0ec4a90463b9a6bae915a3038d871c061b3d18d813d6572d50d75f4b185916,b385cf416358eccf11f50c58c21c73a74a7a3fd3577845e8e157219c1beff258,3b60605d2537bf983f5063d7447ed9d8698ee548185f47bf64ddfe8d11154070,6202db5bdfc8112a8524c5e0b898eddfb43f450b4e04957dac77345f681d8327
B_screen_AAPL_revin-PatchTST_h24_s2021,B_screen_AAPL_revin-PatchTST_h24_s2021__attempt-01,c1-20,AAPL,revin-PatchTST,24,2021,11496,0.214848125715,0.0787014149844,0.280537724708,3e32645526656fb8e055be1f7531c59ea77fa752680779cb82fb06910413cdb9,6bc389bf0909378010b3695767cd75f35fe01bf5053a70099b6dc9016bca99a7,2d0ec4a90463b9a6bae915a3038d871c061b3d18d813d6572d50d75f4b185916,e5a139b8db0c49bca93a67651643e30b13aebf28ac6f48a89096c328eb504a97,3b60605d2537bf983f5063d7447ed9d8698ee548185f47bf64ddfe8d11154070,d9b372422db1f0037491b8fa0d92f83827929f7927cfcc9905061336f4ab4ab2
B_screen_AAPL_revin-iTransformer_h24_s2021,B_screen_AAPL_revin-iTransformer_h24_s2021__attempt-01,c1-20,AAPL,revin-iTransformer,24,2021,11496,0.225740577676,0.0839382536848,0.289720992827,3e32645526656fb8e055be1f7531c59ea77fa752680779cb82fb06910413cdb9,6bc389bf0909378010b3695767cd75f35fe01bf5053a70099b6dc9016bca99a7,2d0ec4a90463b9a6bae915a3038d871c061b3d18d813d6572d50d75f4b185916,3eb5d2c7f6314ad63af8cf8530fe45e68299af16f7ac1ff28d531a4b202672a4,3b60605d2537bf983f5063d7447ed9d8698ee548185f47bf64ddfe8d11154070,abb46a03dd00d2ad462dbc8d406ba775dae7ecad1cf0207ef68e401cf11c6c4f
B_screen_AMZN_DeReFusion_h24_s2021,B_screen_AMZN_DeReFusion_h24_s2021__attempt-01,c1-20,AMZN,DeReFusion,24,2021,11496,0.221550018705,0.0848482004382,0.291287144306,80515aac76fe38232db108a72cc1e178793c5747781178cc18261e0fb3a95d43,ec79db661de3e78f93162352903159cdba352ae5350d07025600c94593ea1bd1,28f348100dc6d056b7bd70aa472ff29923d3776b3eaf9a1385254e08b01e6771,eceb5c372856991718a06b849d57a5080bfe0c71b0a1722f83c13f17eebcdcb6,34455312abb45725ea25d01625df31e473c955653ee1090c87e7d6a6ecab8e12,3a10efbd7ea7dfe6700838fe409bc8531cfc06113b2dc1a4e948f311b8976753
B_screen_AMZN_revin-DLinear_h24_s2021,B_screen_AMZN_revin-DLinear_h24_s2021__attempt-01,c1-20,AMZN,revin-DLinear,24,2021,11496,0.226720862189,0.0866509012332,0.294365251402,80515aac76fe38232db108a72cc1e178793c5747781178cc18261e0fb3a95d43,ec79db661de3e78f93162352903159cdba352ae5350d07025600c94593ea1bd1,28f348100dc6d056b7bd70aa472ff29923d3776b3eaf9a1385254e08b01e6771,f940186e37a01cddfa859e1d2b79e6926fe9d0841bdb13095c3255a53331a69e,34455312abb45725ea25d01625df31e473c955653ee1090c87e7d6a6ecab8e12,843ce5b5985f94463a23ad1d811710fbac538ee12d480bee34c0b726f04c98fb
B_screen_AMZN_revin-PatchTST_h24_s2021,B_screen_AMZN_revin-PatchTST_h24_s2021__attempt-01,c1-20,AMZN,revin-PatchTST,24,2021,11496,0.202361179476,0.0724941483382,0.269247373874,80515aac76fe38232db108a72cc1e178793c5747781178cc18261e0fb3a95d43,ec79db661de3e78f93162352903159cdba352ae5350d07025600c94593ea1bd1,28f348100dc6d056b7bd70aa472ff29923d3776b3eaf9a1385254e08b01e6771,4f5da82e04981cff1375cf7e901a08b0bb854a7fad03252d46d0da0db7143a6a,34455312abb45725ea25d01625df31e473c955653ee1090c87e7d6a6ecab8e12,dcf3cd47cb0f69c74002c8697808c27b3f768526de01cbd228cc28d67b230b51
B_screen_AMZN_revin-iTransformer_h24_s2021,B_screen_AMZN_revin-iTransformer_h24_s2021__attempt-01,c1-20,AMZN,revin-iTransformer,24,2021,11496,0.213768190593,0.0766001380392,0.27676729944,80515aac76fe38232db108a72cc1e178793c5747781178cc18261e0fb3a95d43,ec79db661de3e78f93162352903159cdba352ae5350d07025600c94593ea1bd1,28f348100dc6d056b7bd70aa472ff29923d3776b3eaf9a1385254e08b01e6771,3bfdc3054ebe54cfd2726d17a95becfdf22e14152a57b296599306f3667db486,34455312abb45725ea25d01625df31e473c955653ee1090c87e7d6a6ecab8e12,d3d39eed0404b02a90142937ef474e4c4820d991d9abf7b5e1b31fa942369d8a
B_screen_AUDUSD_DeReFusion_h24_s2021,B_screen_AUDUSD_DeReFusion_h24_s2021__attempt-01,c1-20,AUDUSD,DeReFusion,24,2021,11928,0.224374477227,0.0825533674481,0.287321018111,256f02be8a29553a3b4e70be0dde4f8722850344c843f3163a30808580f2f97f,040c8d2e619c141bc7ce0ed64a9abe0ddee5ee63d95d6d137af65c5ab48a6354,cd12448f0624128676d89c3bc7c0d6a12fc34a8b37309e689834804fa15d2a9a,d823a8af2dc3f8e507ddc8fe032ca5a31c56bdd842ad63d1d249216dd0d0ffbc,c3c695c27683281aa78120880d9f788cb177639289eb2c159a9d73668330d8f8,40b9d098fbbb57a2549cb3d72044551b44ff97e6564dab554ee3d32e4bbb362b
B_screen_AUDUSD_revin-DLinear_h24_s2021,B_screen_AUDUSD_revin-DLinear_h24_s2021__attempt-01,c1-20,AUDUSD,revin-DLinear,24,2021,11928,0.230252665613,0.0832665987464,0.288559523749,256f02be8a29553a3b4e70be0dde4f8722850344c843f3163a30808580f2f97f,040c8d2e619c141bc7ce0ed64a9abe0ddee5ee63d95d6d137af65c5ab48a6354,cd12448f0624128676d89c3bc7c0d6a12fc34a8b37309e689834804fa15d2a9a,73f5c408b6036cedec75170c79e23fb3a4cbf12da5ffd4e90266e3927cd3298a,c3c695c27683281aa78120880d9f788cb177639289eb2c159a9d73668330d8f8,81b6d5f57dfa6793e82cc89d681a3db59e313c06d799a9feb99b26cb2cc77486
B_screen_AUDUSD_revin-PatchTST_h24_s2021,B_screen_AUDUSD_revin-PatchTST_h24_s2021__attempt-01,c1-20,AUDUSD,revin-PatchTST,24,2021,11928,0.214774266145,0.0769122171375,0.277330519665,256f02be8a29553a3b4e70be0dde4f8722850344c843f3163a30808580f2f97f,040c8d2e619c141bc7ce0ed64a9abe0ddee5ee63d95d6d137af65c5ab48a6354,cd12448f0624128676d89c3bc7c0d6a12fc34a8b37309e689834804fa15d2a9a,3bc2cc1050c9d288161df08572bb5cb13d7118fd7eeb1c9949258c9c73418147,c3c695c27683281aa78120880d9f788cb177639289eb2c159a9d73668330d8f8,506c19abc15d1e68aea66df0a217f0368e2edbf5368def2b8548f621489382e9
B_screen_AUDUSD_revin-iTransformer_h24_s2021,B_screen_AUDUSD_revin-iTransformer_h24_s2021__attempt-01,c1-20,AUDUSD,revin-iTransformer,24,2021,11928,0.226167833421,0.0855347415939,0.292463231183,256f02be8a29553a3b4e70be0dde4f8722850344c843f3163a30808580f2f97f,040c8d2e619c141bc7ce0ed64a9abe0ddee5ee63d95d6d137af65c5ab48a6354,cd12448f0624128676d89c3bc7c0d6a12fc34a8b37309e689834804fa15d2a9a,a2a845874d24aed8dbe7fa08b5023cf9472797c854d3fa23389ff503413b3fb9,c3c695c27683281aa78120880d9f788cb177639289eb2c159a9d73668330d8f8,00c5640fb5561ff89298babc22bf1fb3296b4fb61c6c00b9e10426c6ad3f6fd7
B_screen_FTSE_DeReFusion_h24_s2021,B_screen_FTSE_DeReFusion_h24_s2021__attempt-01,c1-20,FTSE,DeReFusion,24,2021,11568,0.338591744245,0.202787300745,0.450319109904,57c3698d14111fafdb33941e262b1fb41f248791840aa850058cbcf9a4f65619,43ed0c692509c9838fa9f6597ecb6de54dfcb9384464c4ac3aa6fbc5d977083c,7c69f5dd2b1d6e8f78c228cd607646c1289a688e83e3c6eeef5735e2f276d13e,440dc7d9525b48ae2fe1833a5a042b69099803cb7d51d3673d9d457aeab3ed9b,eb92d5a70620185a8541c0869763fa5e0405a9cd21a42cab830ab43ffa581789,5cc7549cfdfff42d1db816356685c896b5322895f45bd36bf06af952d8d431eb
B_screen_FTSE_revin-DLinear_h24_s2021,B_screen_FTSE_revin-DLinear_h24_s2021__attempt-01,c1-20,FTSE,revin-DLinear,24,2021,11568,0.312513320031,0.172617693847,0.415472855728,57c3698d14111fafdb33941e262b1fb41f248791840aa850058cbcf9a4f65619,43ed0c692509c9838fa9f6597ecb6de54dfcb9384464c4ac3aa6fbc5d977083c,7c69f5dd2b1d6e8f78c228cd607646c1289a688e83e3c6eeef5735e2f276d13e,894baccc98052a304fca0004ba9477c4191fc2e897d89ad47b3e260184b69fe5,eb92d5a70620185a8541c0869763fa5e0405a9cd21a42cab830ab43ffa581789,3bc2d954eeedd7a92566b9e5d7e9aba30f896feae1cb4d61558cafec82dbd675
B_screen_FTSE_revin-PatchTST_h24_s2021,B_screen_FTSE_revin-PatchTST_h24_s2021__attempt-01,c1-20,FTSE,revin-PatchTST,24,2021,11568,0.280895072122,0.146268275146,0.382450356446,57c3698d14111fafdb33941e262b1fb41f248791840aa850058cbcf9a4f65619,43ed0c692509c9838fa9f6597ecb6de54dfcb9384464c4ac3aa6fbc5d977083c,7c69f5dd2b1d6e8f78c228cd607646c1289a688e83e3c6eeef5735e2f276d13e,304c11adc3cf360fd22ac8d95e2bb77ef6faad653d797023508e2b3542eb0418,eb92d5a70620185a8541c0869763fa5e0405a9cd21a42cab830ab43ffa581789,b124d66cb5bc9f46ca92a220465d21308ec0ecb368c3bb6915f48b0cb398ad9b
B_screen_FTSE_revin-iTransformer_h24_s2021,B_screen_FTSE_revin-iTransformer_h24_s2021__attempt-01,c1-20,FTSE,revin-iTransformer,24,2021,11568,0.292536132254,0.155606959821,0.394470480291,57c3698d14111fafdb33941e262b1fb41f248791840aa850058cbcf9a4f65619,43ed0c692509c9838fa9f6597ecb6de54dfcb9384464c4ac3aa6fbc5d977083c,7c69f5dd2b1d6e8f78c228cd607646c1289a688e83e3c6eeef5735e2f276d13e,aa1d86385387a7e829ada656f246bcfe1a781c05f1379a795b387f6f328b4aa4,eb92d5a70620185a8541c0869763fa5e0405a9cd21a42cab830ab43ffa581789,fe7604a29ac9ed8ba9aeaeb73c8a4098cfa44f90b73100ba4100d747e22d9c22
B_screen_GBPUSD_DeReFusion_h24_s2021,B_screen_GBPUSD_DeReFusion_h24_s2021__attempt-01,c1-20,GBPUSD,DeReFusion,24,2021,11928,0.229439172181,0.0829725498982,0.288049561531,c137032573a5ce1bd00254a7eb08d377da11ff09f67656a5b58aec5349ef031b,a785288dc8a8e2411b0690cc7871a2bf0219aad601f64ca7b547c6727aeede15,90e00d04d481138da937e5316ac8274728d622b30a117e755e33e9057c833c7d,0aa8c8a086e465e79fc71f8576c03f57173bbc10aaf3428411c694f5a480a9ee,c0f5cebda66209458a3e36de36f8b67e81084b6759f8ab4f4749a8edc693f566,db2e810cb0cc33a732e4d987f6a2e66c50ed4bc2bcc5eda4701d50c666c12085
B_screen_GBPUSD_revin-DLinear_h24_s2021,B_screen_GBPUSD_revin-DLinear_h24_s2021__attempt-01,c1-20,GBPUSD,revin-DLinear,24,2021,11928,0.238506405343,0.0895371562844,0.29922759947,c137032573a5ce1bd00254a7eb08d377da11ff09f67656a5b58aec5349ef031b,a785288dc8a8e2411b0690cc7871a2bf0219aad601f64ca7b547c6727aeede15,90e00d04d481138da937e5316ac8274728d622b30a117e755e33e9057c833c7d,af6c3d2e7d1e3b2a2cb5a39403d42fbb74f837c10751ef9a991f79a57d07f8b8,c0f5cebda66209458a3e36de36f8b67e81084b6759f8ab4f4749a8edc693f566,cc3cb980e29740c53bd27838f900ccf2a57aa95f246458ff1a7cb437c8ee925b
B_screen_GBPUSD_revin-PatchTST_h24_s2021,B_screen_GBPUSD_revin-PatchTST_h24_s2021__attempt-01,c1-20,GBPUSD,revin-PatchTST,24,2021,11928,0.211748189501,0.0705295957077,0.265574087041,c137032573a5ce1bd00254a7eb08d377da11ff09f67656a5b58aec5349ef031b,a785288dc8a8e2411b0690cc7871a2bf0219aad601f64ca7b547c6727aeede15,90e00d04d481138da937e5316ac8274728d622b30a117e755e33e9057c833c7d,f9ba7a9c3c8198085754cb5cbb8f1e73c7e474b4c90598f2287d5dc6028d6176,c0f5cebda66209458a3e36de36f8b67e81084b6759f8ab4f4749a8edc693f566,32c6200a7fd13e36a821b6b85a4e59be0bade9887b3c97da908a723b125dfed2
B_screen_GBPUSD_revin-iTransformer_h24_s2021,B_screen_GBPUSD_revin-iTransformer_h24_s2021__attempt-01,c1-20,GBPUSD,revin-iTransformer,24,2021,11928,0.233804293931,0.0866331903221,0.294335166642,c137032573a5ce1bd00254a7eb08d377da11ff09f67656a5b58aec5349ef031b,a785288dc8a8e2411b0690cc7871a2bf0219aad601f64ca7b547c6727aeede15,90e00d04d481138da937e5316ac8274728d622b30a117e755e33e9057c833c7d,bd08b23410206f3535e91988f3e6a3174ba9eaca76d40c59b76e2de18289518c,c0f5cebda66209458a3e36de36f8b67e81084b6759f8ab4f4749a8edc693f566,94ba9d3c0bb0683389dece6bea87f096adcc1e2b9876172b109f135234c906cc
B_screen_GDAXI_DeReFusion_h24_s2021,B_screen_GDAXI_DeReFusion_h24_s2021__attempt-01,c1-20,GDAXI,DeReFusion,24,2021,11616,0.334006059761,0.216617649314,0.465422012064,7a451cbde4907d056de3569d1fc52dfacfc1d07ec80ceff8fdd2ac6ee8fa4e65,e066baec6b57bb9305817a5fcd844e184c17a1af04de297ba35a0406ec45e27b,6c8cc51c65fa002dc3129fd12b2278c05ae8b9a3e1d33ce3e3bcb076f57dbee5,4101764c04f7f696dd4140fd4588999c42a3f2dd8281903423f716547170ebe4,0529060d5a5fdc5cac88ee575ae18bac0a26ac3d03677b3129d0dbaacbea6a1a,e3ece86261cd4e734c01524b193580d533a4a762440b54dd51e0d983c289c787
B_screen_GDAXI_revin-DLinear_h24_s2021,B_screen_GDAXI_revin-DLinear_h24_s2021__attempt-01,c1-20,GDAXI,revin-DLinear,24,2021,11616,0.338011016428,0.219658944398,0.468677868475,7a451cbde4907d056de3569d1fc52dfacfc1d07ec80ceff8fdd2ac6ee8fa4e65,e066baec6b57bb9305817a5fcd844e184c17a1af04de297ba35a0406ec45e27b,6c8cc51c65fa002dc3129fd12b2278c05ae8b9a3e1d33ce3e3bcb076f57dbee5,2a2a60c22f6aed7046218c62761514b8f8c0eee6868baf056aa1b7590a46b98e,0529060d5a5fdc5cac88ee575ae18bac0a26ac3d03677b3129d0dbaacbea6a1a,79851032fef4851695752caf2d15e0ca6a089cb0213e6d2561bafd2c3523640c
B_screen_GDAXI_revin-PatchTST_h24_s2021,B_screen_GDAXI_revin-PatchTST_h24_s2021__attempt-01,c1-20,GDAXI,revin-PatchTST,24,2021,11616,0.337534137604,0.233879855259,0.483611264612,7a451cbde4907d056de3569d1fc52dfacfc1d07ec80ceff8fdd2ac6ee8fa4e65,e066baec6b57bb9305817a5fcd844e184c17a1af04de297ba35a0406ec45e27b,6c8cc51c65fa002dc3129fd12b2278c05ae8b9a3e1d33ce3e3bcb076f57dbee5,938122e1d8ae53f45a786925302f536f5d25966c20b9980a049022476e93996b,0529060d5a5fdc5cac88ee575ae18bac0a26ac3d03677b3129d0dbaacbea6a1a,a8cab8199aab08b79b2147d682694103d23e9d5a81ba19fdb20655446f356826
B_screen_GDAXI_revin-iTransformer_h24_s2021,B_screen_GDAXI_revin-iTransformer_h24_s2021__attempt-01,c1-20,GDAXI,revin-iTransformer,24,2021,11616,0.321022984143,0.192256261711,0.43847036583,7a451cbde4907d056de3569d1fc52dfacfc1d07ec80ceff8fdd2ac6ee8fa4e65,e066baec6b57bb9305817a5fcd844e184c17a1af04de297ba35a0406ec45e27b,6c8cc51c65fa002dc3129fd12b2278c05ae8b9a3e1d33ce3e3bcb076f57dbee5,0a5fd1ad59a7b8342872139176c400c53e7afb8a21a2dd0916e3376e8c553801,0529060d5a5fdc5cac88ee575ae18bac0a26ac3d03677b3129d0dbaacbea6a1a,c5f59c2501353db0272aad2b972e2f0696e90fd9fdfaaf71b8e83da6ef7776c3
B_screen_GLD_DeReFusion_h24_s2021,B_screen_GLD_DeReFusion_h24_s2021__attempt-01,c1-20,GLD,DeReFusion,24,2021,11496,0.374248669734,0.285218312364,0.534058341723,b50f2c1c6f4e13e37055d45d281878f514a8067388242a1dbb22c06b21404dce,b55b07028f4f891f71cca08e5c1c7b4bbeead32639d7ddc94b6885bab3f57e2a,0b77dfa686fce94a851cf19ad1f0f23a45028a85423a5a9f218594b12f69b231,946b4cd2d0f3e18595aa36ebf5eb8dda54f37f190b1633b6c592010ad89bec5a,47b8466844ee38592331c525fb32059183c3d2ee66db6df547343d1fbd56f2dd,1c44919e3ff473cfb96fe5cad732362dd7cb00d4417f3aaedcc969e392a4735b
B_screen_GLD_revin-DLinear_h24_s2021,B_screen_GLD_revin-DLinear_h24_s2021__attempt-01,c1-20,GLD,revin-DLinear,24,2021,11496,0.39541511051,0.324339978044,0.5695085408,b50f2c1c6f4e13e37055d45d281878f514a8067388242a1dbb22c06b21404dce,b55b07028f4f891f71cca08e5c1c7b4bbeead32639d7ddc94b6885bab3f57e2a,0b77dfa686fce94a851cf19ad1f0f23a45028a85423a5a9f218594b12f69b231,ab3720db1b5dc816367f11a332f8c216653a43f6e1a3b3cef791fe3d5bb46e13,47b8466844ee38592331c525fb32059183c3d2ee66db6df547343d1fbd56f2dd,eb87fa4c8558fc38d729a4ee7e44eaeaf7b0d866dd75b07e7dd15199249d0697
B_screen_GLD_revin-PatchTST_h24_s2021,B_screen_GLD_revin-PatchTST_h24_s2021__attempt-01,c1-20,GLD,revin-PatchTST,24,2021,11496,0.376252550961,0.289182433898,0.537756853883,b50f2c1c6f4e13e37055d45d281878f514a8067388242a1dbb22c06b21404dce,b55b07028f4f891f71cca08e5c1c7b4bbeead32639d7ddc94b6885bab3f57e2a,0b77dfa686fce94a851cf19ad1f0f23a45028a85423a5a9f218594b12f69b231,396913c152a566a1b9540c0c0a1b1169384956b765b059219af162e9948e2fee,47b8466844ee38592331c525fb32059183c3d2ee66db6df547343d1fbd56f2dd,479f2f96583238e6a80bd08f31fc188e2dee6554e79ba02ae73c9359a35f2861
B_screen_GLD_revin-iTransformer_h24_s2021,B_screen_GLD_revin-iTransformer_h24_s2021__attempt-01,c1-20,GLD,revin-iTransformer,24,2021,11496,0.430480089217,0.369167356805,0.607591439048,b50f2c1c6f4e13e37055d45d281878f514a8067388242a1dbb22c06b21404dce,b55b07028f4f891f71cca08e5c1c7b4bbeead32639d7ddc94b6885bab3f57e2a,0b77dfa686fce94a851cf19ad1f0f23a45028a85423a5a9f218594b12f69b231,96daa049a3e1280d87b72374294a55568418e7e78d2604f549783bf168633190,47b8466844ee38592331c525fb32059183c3d2ee66db6df547343d1fbd56f2dd,9b7d442422e0efb8df9728429da90f4e640293c4b89bbeac0ae790ceb0b12139
B_screen_GOLD_DeReFusion_h24_s2021,B_screen_GOLD_DeReFusion_h24_s2021__attempt-01,c1-20,GOLD,DeReFusion,24,2021,11496,0.358318626787,0.25896916682,0.508890132367,a5cabeb071d546b549163f46cfae0c8f8cdbf5366d92f313fd9acf0c99268e07,da0917e87dd5cb60391f9f6c825ac2fc7c5a4a63bc8517fd9fca313a75a05dce,76e42c67bcf264a2ce36a12e162a5f61f8807bde3954823ed074e23b77f8f4e5,631636b36d14c52b7a2a06f91fc2c37febc0c1fef32661fe02d6f28a588e7213,5e4fd07cabb4462e9aae4a6020d40386adb8ad53547189a23baa954147ea34a7,ac558b2a7d76e51a72bdd51004507a6714a9cdea16e1bce1f368528eb731e658
B_screen_GOLD_revin-DLinear_h24_s2021,B_screen_GOLD_revin-DLinear_h24_s2021__attempt-01,c1-20,GOLD,revin-DLinear,24,2021,11496,0.387567952586,0.304404415999,0.551728570947,a5cabeb071d546b549163f46cfae0c8f8cdbf5366d92f313fd9acf0c99268e07,da0917e87dd5cb60391f9f6c825ac2fc7c5a4a63bc8517fd9fca313a75a05dce,76e42c67bcf264a2ce36a12e162a5f61f8807bde3954823ed074e23b77f8f4e5,12643b1d3e6425d97aaf7d15075ea6f05084c8b3b0540c9c5f05797b5d027232,5e4fd07cabb4462e9aae4a6020d40386adb8ad53547189a23baa954147ea34a7,7c4bba2be5102d5eebd44c83d066b1a9861f2d44edb045210baa678960760abe
B_screen_GOLD_revin-PatchTST_h24_s2021,B_screen_GOLD_revin-PatchTST_h24_s2021__attempt-01,c1-20,GOLD,revin-PatchTST,24,2021,11496,0.365377879497,0.268293481173,0.517970540835,a5cabeb071d546b549163f46cfae0c8f8cdbf5366d92f313fd9acf0c99268e07,da0917e87dd5cb60391f9f6c825ac2fc7c5a4a63bc8517fd9fca313a75a05dce,76e42c67bcf264a2ce36a12e162a5f61f8807bde3954823ed074e23b77f8f4e5,7af5010c3318691e48d1684746b583b40e287b1b24674e01063674ddc61dbdc7,5e4fd07cabb4462e9aae4a6020d40386adb8ad53547189a23baa954147ea34a7,0e2ed548ec21479513f1f04db65d2c08c33f16b1352b25d67779d7668f60e1a7
B_screen_GOLD_revin-iTransformer_h24_s2021,B_screen_GOLD_revin-iTransformer_h24_s2021__attempt-01,c1-20,GOLD,revin-iTransformer,24,2021,11496,0.378768021271,0.28184507781,0.530890834174,a5cabeb071d546b549163f46cfae0c8f8cdbf5366d92f313fd9acf0c99268e07,da0917e87dd5cb60391f9f6c825ac2fc7c5a4a63bc8517fd9fca313a75a05dce,76e42c67bcf264a2ce36a12e162a5f61f8807bde3954823ed074e23b77f8f4e5,ac812fed3a7a05d887bf070f0bd008722daa84736fa3f78fc7a77cbdbbcae176,5e4fd07cabb4462e9aae4a6020d40386adb8ad53547189a23baa954147ea34a7,1f6fcb4ac51575ce40d1ef56903774c1b5780d626089b14ba4063a4b24725569
B_screen_HSI_DeReFusion_h24_s2021,B_screen_HSI_DeReFusion_h24_s2021__attempt-01,c1-20,HSI,DeReFusion,24,2021,11232,0.272195375777,0.142557838422,0.377568322853,f1854af53c35a1ee0e36f7cd713c3fc771908c24ec5d24a3f0153f834949a36b,bd2187ea5d672ebcf5e5262166902c74f8538b894c8f0e22f97cca3d40d19e4f,2a04256095a96d541142a426d289c5f173946b287ceefbd0ee2887c10cc25cec,9fbedb5966f060dab7f61f04015ed63f5f32b83e2451d474206224c547184f2e,d93fb12e9181d6f2b0f66752f59218cdfede2f4cc3b4eaef11cc7238978303c9,26a155b3bf0239593edc610692d0e4e799424e89516fa07792ccaceca840d375
B_screen_HSI_revin-DLinear_h24_s2021,B_screen_HSI_revin-DLinear_h24_s2021__attempt-01,c1-20,HSI,revin-DLinear,24,2021,11232,0.270314125042,0.138420316272,0.372048808992,f1854af53c35a1ee0e36f7cd713c3fc771908c24ec5d24a3f0153f834949a36b,bd2187ea5d672ebcf5e5262166902c74f8538b894c8f0e22f97cca3d40d19e4f,2a04256095a96d541142a426d289c5f173946b287ceefbd0ee2887c10cc25cec,ca7f363903a9508925f960cc41e7b2e86a40c8878b3129beee351e5cb0c1b56f,d93fb12e9181d6f2b0f66752f59218cdfede2f4cc3b4eaef11cc7238978303c9,ee5d5db7060d2664d207bafbdcd83fb0291a13709d22b9403b495177462018a9
B_screen_HSI_revin-PatchTST_h24_s2021,B_screen_HSI_revin-PatchTST_h24_s2021__attempt-01,c1-20,HSI,revin-PatchTST,24,2021,11232,0.252033011082,0.126693423062,0.355940195906,f1854af53c35a1ee0e36f7cd713c3fc771908c24ec5d24a3f0153f834949a36b,bd2187ea5d672ebcf5e5262166902c74f8538b894c8f0e22f97cca3d40d19e4f,2a04256095a96d541142a426d289c5f173946b287ceefbd0ee2887c10cc25cec,c96c6476e35344385fa2850aa0081c5fd062977b9f14e6d356e74da25c52c66a,d93fb12e9181d6f2b0f66752f59218cdfede2f4cc3b4eaef11cc7238978303c9,c07c9e3d31348a4970ca20a15a6d462f59cfc8909346905cb2ca3ed354800acd
B_screen_HSI_revin-iTransformer_h24_s2021,B_screen_HSI_revin-iTransformer_h24_s2021__attempt-01,c1-20,HSI,revin-iTransformer,24,2021,11232,0.280939770544,0.156062616727,0.395047613241,f1854af53c35a1ee0e36f7cd713c3fc771908c24ec5d24a3f0153f834949a36b,bd2187ea5d672ebcf5e5262166902c74f8538b894c8f0e22f97cca3d40d19e4f,2a04256095a96d541142a426d289c5f173946b287ceefbd0ee2887c10cc25cec,f746cf9d09724e4d43fc2b717a97e3e1992a0f150f7d72b8b395d55b08d5894c,d93fb12e9181d6f2b0f66752f59218cdfede2f4cc3b4eaef11cc7238978303c9,4cdac074d7a034b07e63e2e57136132cfca8445f98c3a973dcd765f8f8a381bf
B_screen_JPM_DeReFusion_h24_s2021,B_screen_JPM_DeReFusion_h24_s2021__attempt-01,c1-20,JPM,DeReFusion,24,2021,11496,0.358860021178,0.234506988282,0.484259216001,7149cda76d2c1d2abde18ec05a0aba029c4b6bdf161c246ccf13af1242ae68fb,0d60a8617bc5ad1200cd3678e3d1884d60db977a0e998b7ba99a2da3148b31d4,450e3fec5302e7464e1a773e18a4d7f0132b58a926cac014f0e09e2083b1dc5e,bbf28307a66867407d6abf0afd2c654bf498c9c723356a27c891c973bae74264,008587e64376d471c6d7f19f6839ad1bfa8faf4207908a7a889fdfb8b51b0dba,0c6ab6ca56280f6ac8fee89ed9722837f409244dec1eca271dfb19853afabd64
B_screen_JPM_revin-DLinear_h24_s2021,B_screen_JPM_revin-DLinear_h24_s2021__attempt-01,c1-20,JPM,revin-DLinear,24,2021,11496,0.362056708141,0.236764995747,0.486585034446,7149cda76d2c1d2abde18ec05a0aba029c4b6bdf161c246ccf13af1242ae68fb,0d60a8617bc5ad1200cd3678e3d1884d60db977a0e998b7ba99a2da3148b31d4,450e3fec5302e7464e1a773e18a4d7f0132b58a926cac014f0e09e2083b1dc5e,5cc7a52cd9f54848dad01fce99f5d3f0228cb1da25da5f754fcbc01721a0242f,008587e64376d471c6d7f19f6839ad1bfa8faf4207908a7a889fdfb8b51b0dba,4b3839a3984a78f79b3fc94cb5be7c2db6e823338b7a20b2b0107b46818e307e
B_screen_JPM_revin-PatchTST_h24_s2021,B_screen_JPM_revin-PatchTST_h24_s2021__attempt-01,c1-20,JPM,revin-PatchTST,24,2021,11496,0.348333023411,0.205640867941,0.453476424901,7149cda76d2c1d2abde18ec05a0aba029c4b6bdf161c246ccf13af1242ae68fb,0d60a8617bc5ad1200cd3678e3d1884d60db977a0e998b7ba99a2da3148b31d4,450e3fec5302e7464e1a773e18a4d7f0132b58a926cac014f0e09e2083b1dc5e,abc10c2c24b0732b89a9408ac0b95a5d7222dc7bb8156579871c2e0758f192b6,008587e64376d471c6d7f19f6839ad1bfa8faf4207908a7a889fdfb8b51b0dba,5807da0fe49534609e6bfc79b3caea204619045577e48feebb759de967da0d07
B_screen_JPM_revin-iTransformer_h24_s2021,B_screen_JPM_revin-iTransformer_h24_s2021__attempt-01,c1-20,JPM,revin-iTransformer,24,2021,11496,0.381194689007,0.247938975759,0.497934710338,7149cda76d2c1d2abde18ec05a0aba029c4b6bdf161c246ccf13af1242ae68fb,0d60a8617bc5ad1200cd3678e3d1884d60db977a0e998b7ba99a2da3148b31d4,450e3fec5302e7464e1a773e18a4d7f0132b58a926cac014f0e09e2083b1dc5e,5387b6f6838356e50990a3819da37f82a73421c4754273091590080213a97a63,008587e64376d471c6d7f19f6839ad1bfa8faf4207908a7a889fdfb8b51b0dba,99f5ee80cb9536f101e3220fb452347f9666f3264f01cd4a418ff645bd942105
B_screen_META_DeReFusion_h24_s2021,B_screen_META_DeReFusion_h24_s2021__attempt-01,c1-20,META,DeReFusion,24,2021,11496,0.631536482188,0.661516648316,0.813336737345,17cf787240ad9167dccfe9a4702da2ea7fd54914389e24645b548b94ea1e4882,919e400cc4e3bf3265d2ef04550efe4eb548bbd88d642afae7d7d4305a95af8a,fe0effbe8a541895f60e19c664e7f06791408fd46de31db0396f61b2590fa19d,7cac20a11948f7926e9cc548f5aaf44df321b948b2ebcd08c4f44734be7e341b,d8d002e54a03f161d4413c8421d77b45534a4ad7653418c15ce32db8714e06cc,7ac440f0de9d0439a4d6c83e2cd4ffa8f30217fef2d0e9bcaa195509bb59e228
B_screen_META_revin-DLinear_h24_s2021,B_screen_META_revin-DLinear_h24_s2021__attempt-01,c1-20,META,revin-DLinear,24,2021,11496,0.623343412401,0.646629598072,0.80413282365,17cf787240ad9167dccfe9a4702da2ea7fd54914389e24645b548b94ea1e4882,919e400cc4e3bf3265d2ef04550efe4eb548bbd88d642afae7d7d4305a95af8a,fe0effbe8a541895f60e19c664e7f06791408fd46de31db0396f61b2590fa19d,abb38806b8369961ef1e194a83efbdea2d274077ed14eaefbaba40ebbb3fe58f,d8d002e54a03f161d4413c8421d77b45534a4ad7653418c15ce32db8714e06cc,1395f1702fd014e3d352f23b1ec7d2c19f1b34128eb8073a1444def3f20e606b
B_screen_META_revin-PatchTST_h24_s2021,B_screen_META_revin-PatchTST_h24_s2021__attempt-01,c1-20,META,revin-PatchTST,24,2021,11496,0.56626022142,0.528041631009,0.726664730814,17cf787240ad9167dccfe9a4702da2ea7fd54914389e24645b548b94ea1e4882,919e400cc4e3bf3265d2ef04550efe4eb548bbd88d642afae7d7d4305a95af8a,fe0effbe8a541895f60e19c664e7f06791408fd46de31db0396f61b2590fa19d,a1b0e9ad917b10ce6c88fc2dd169ab2ea5ecc595a701a4f1c60cab4d1a7268a0,d8d002e54a03f161d4413c8421d77b45534a4ad7653418c15ce32db8714e06cc,a088989645ba675a3be56a5cc53079f057337e57bb3bf3b47d6f748e00d3a9b2
B_screen_META_revin-iTransformer_h24_s2021,B_screen_META_revin-iTransformer_h24_s2021__attempt-01,c1-20,META,revin-iTransformer,24,2021,11496,0.58014276632,0.553127057966,0.743725122586,17cf787240ad9167dccfe9a4702da2ea7fd54914389e24645b548b94ea1e4882,919e400cc4e3bf3265d2ef04550efe4eb548bbd88d642afae7d7d4305a95af8a,fe0effbe8a541895f60e19c664e7f06791408fd46de31db0396f61b2590fa19d,c76860786e899f1cfc4e089b028160a9fcd52646ba6f21f9c3548ac9a813cca6,d8d002e54a03f161d4413c8421d77b45534a4ad7653418c15ce32db8714e06cc,6a34f572117c9324948d742197b0f37cd3254dd7257472f34064e0e70d8ec8bb
B_screen_MSFT_DeReFusion_h24_s2021,B_screen_MSFT_DeReFusion_h24_s2021__attempt-01,c1-20,MSFT,DeReFusion,24,2021,11496,0.231015595281,0.089483855051,0.29913852151,e04615e4b872a5457b5e33d42267f57a62df5960b61d3dd9a23703a88678b778,455c511ea0af1c5595f9ec6d7adb320d281990aec81a0434ac174d75fc9235b7,48139f47b21a71466a60f7db045a20c85c3a75dcaba7afc20d175646f8b0d931,48677c38f59851acb209b3ef1ac689db1eb65da71fcc931dd899cb46a9de4c6d,3d165382d672bfbe1a47f49e3dc52e1663a8119aa22281a2f53ba9c0d34882bc,4ea7d521d5b23b529aa15819d1006eb23ec49faca3acb64c233dccd15e6d011c
B_screen_MSFT_revin-DLinear_h24_s2021,B_screen_MSFT_revin-DLinear_h24_s2021__attempt-01,c1-20,MSFT,revin-DLinear,24,2021,11496,0.22804213043,0.0893685137966,0.298945670309,e04615e4b872a5457b5e33d42267f57a62df5960b61d3dd9a23703a88678b778,455c511ea0af1c5595f9ec6d7adb320d281990aec81a0434ac174d75fc9235b7,48139f47b21a71466a60f7db045a20c85c3a75dcaba7afc20d175646f8b0d931,69029e0dff91876d9e53ba1d923631b19e6767234715d4176737d2d5aeb522cb,3d165382d672bfbe1a47f49e3dc52e1663a8119aa22281a2f53ba9c0d34882bc,2854d70d0a8cc386c0ff6676d23caae6c69352faeebdca8e66e70a82d15fcf52
B_screen_MSFT_revin-PatchTST_h24_s2021,B_screen_MSFT_revin-PatchTST_h24_s2021__attempt-01,c1-20,MSFT,revin-PatchTST,24,2021,11496,0.224192882588,0.0822780150611,0.286841445857,e04615e4b872a5457b5e33d42267f57a62df5960b61d3dd9a23703a88678b778,455c511ea0af1c5595f9ec6d7adb320d281990aec81a0434ac174d75fc9235b7,48139f47b21a71466a60f7db045a20c85c3a75dcaba7afc20d175646f8b0d931,3f9d1e78cb7146ff0c99a3fce5da8177a5d7fd7ba73eff4b3b66a990b5890b10,3d165382d672bfbe1a47f49e3dc52e1663a8119aa22281a2f53ba9c0d34882bc,b2df0b62677f8fa1b3c553a3a11d8bb4898c679d104c001899aa4ba7ac5fb3af
B_screen_MSFT_revin-iTransformer_h24_s2021,B_screen_MSFT_revin-iTransformer_h24_s2021__attempt-01,c1-20,MSFT,revin-iTransformer,24,2021,11496,0.220977784178,0.0820843073203,0.286503590414,e04615e4b872a5457b5e33d42267f57a62df5960b61d3dd9a23703a88678b778,455c511ea0af1c5595f9ec6d7adb320d281990aec81a0434ac174d75fc9235b7,48139f47b21a71466a60f7db045a20c85c3a75dcaba7afc20d175646f8b0d931,8291493b4f71ac6fda51e77fc3eec8125d0d07d5cd920157f9181d7b59a26729,3d165382d672bfbe1a47f49e3dc52e1663a8119aa22281a2f53ba9c0d34882bc,fb8d14072956c60fd87cc25643b5421ac8e22d97d00df8737a34038dce52a3d9
B_screen_N225_DeReFusion_h24_s2021,B_screen_N225_DeReFusion_h24_s2021__attempt-01,c1-20,N225,DeReFusion,24,2021,11160,0.40751219488,0.281790471651,0.530839402881,46598058e7cc4160f90bbf0284a1eb9e38a15a41e0d8969a837ab6ccc5aeeae3,bb4382a67fa08b4ae087421eabac1b161e2acd1a0c7aaf8c5d04c5b07dfc8581,7250ac1596365ef894b61bb257789e23fe56a386a90e378901ce651fce4924a3,6cf2a58150313357850a63ce4a31cd32cff1120e5b22bffc1e8d884473926059,f092b2e1cb30b153e9ff11d86dddf360dfae9808c80b5b5ca8525a9423492953,f626d18299588c2114cde400d158d5555a2c1fa8d9939c72eb879be940d5d7c9
B_screen_N225_revin-DLinear_h24_s2021,B_screen_N225_revin-DLinear_h24_s2021__attempt-01,c1-20,N225,revin-DLinear,24,2021,11160,0.38705700465,0.264819406632,0.514606069369,46598058e7cc4160f90bbf0284a1eb9e38a15a41e0d8969a837ab6ccc5aeeae3,bb4382a67fa08b4ae087421eabac1b161e2acd1a0c7aaf8c5d04c5b07dfc8581,7250ac1596365ef894b61bb257789e23fe56a386a90e378901ce651fce4924a3,22b1cd91322644537dcd4eea92993fb5c8870b3942b5ae15e3c6e4b9eed035f2,f092b2e1cb30b153e9ff11d86dddf360dfae9808c80b5b5ca8525a9423492953,3bbf28bf4a25874f9ff1bd5ead541da5cb7830a3b246c2820b694c3ef0795195
B_screen_N225_revin-PatchTST_h24_s2021,B_screen_N225_revin-PatchTST_h24_s2021__attempt-01,c1-20,N225,revin-PatchTST,24,2021,11160,0.35891472787,0.220905544914,0.470005898807,46598058e7cc4160f90bbf0284a1eb9e38a15a41e0d8969a837ab6ccc5aeeae3,bb4382a67fa08b4ae087421eabac1b161e2acd1a0c7aaf8c5d04c5b07dfc8581,7250ac1596365ef894b61bb257789e23fe56a386a90e378901ce651fce4924a3,95c0eb5c32971b76ce5205c2413ab0521f331e48dd57d5f7a05c9fb70a8fc93e,f092b2e1cb30b153e9ff11d86dddf360dfae9808c80b5b5ca8525a9423492953,432a3208cd9615f78d7f953ca7bc1c34b6a8b51622d4217a4a79575f6717531a
B_screen_N225_revin-iTransformer_h24_s2021,B_screen_N225_revin-iTransformer_h24_s2021__attempt-01,c1-20,N225,revin-iTransformer,24,2021,11160,0.378012591515,0.248105590098,0.498101987647,46598058e7cc4160f90bbf0284a1eb9e38a15a41e0d8969a837ab6ccc5aeeae3,bb4382a67fa08b4ae087421eabac1b161e2acd1a0c7aaf8c5d04c5b07dfc8581,7250ac1596365ef894b61bb257789e23fe56a386a90e378901ce651fce4924a3,46df02e3d40326ff79dac37af9cbe8c3d60c30a6b6060cb477ac37713e4de41c,f092b2e1cb30b153e9ff11d86dddf360dfae9808c80b5b5ca8525a9423492953,ac17486483e57072cb678ea05d09e055881d92a704f4cbf6fd8b49bf4ebc1f38
B_screen_RUT_DeReFusion_h24_s2021,B_screen_RUT_DeReFusion_h24_s2021__attempt-01,c1-20,RUT,DeReFusion,24,2021,11496,0.22540726058,0.0861458043854,0.293506055109,c8ea6dfa95dce4e814b2412c38dca2d396911a679e1a84ad3c118f064d088312,43ffaaf4fda2070ed929215cf7e42495ce6df534a215a7c5bf2208ef4e75f12a,27f21f002ef041815e4a1db4acb8c6a0b2492832b43dfd2e79e0ad016bf1f718,9e10a713c56a9fd24c42f0ab692d80e34d1ab1f3f561fd4425ff4d79868cae89,4933d3d2eae5d294e703c11c0dcae97b08c4d1f974c9e47cd6f467d432179d24,82b17b569799c06e30af16acbf8d722ca10678716f5361616896f51d7c850151
B_screen_RUT_revin-DLinear_h24_s2021,B_screen_RUT_revin-DLinear_h24_s2021__attempt-01,c1-20,RUT,revin-DLinear,24,2021,11496,0.215138675094,0.0778144615617,0.27895243602,c8ea6dfa95dce4e814b2412c38dca2d396911a679e1a84ad3c118f064d088312,43ffaaf4fda2070ed929215cf7e42495ce6df534a215a7c5bf2208ef4e75f12a,27f21f002ef041815e4a1db4acb8c6a0b2492832b43dfd2e79e0ad016bf1f718,be472530f018519da65d19996a843afd6da126e0a9d8396d2d3fc0a9f2110e65,4933d3d2eae5d294e703c11c0dcae97b08c4d1f974c9e47cd6f467d432179d24,f2a8d547c4d7cc8da970cd187644d61f22a6634d455fed030a9312356632939c
B_screen_RUT_revin-PatchTST_h24_s2021,B_screen_RUT_revin-PatchTST_h24_s2021__attempt-01,c1-20,RUT,revin-PatchTST,24,2021,11496,0.214014091396,0.0798389098077,0.282557799057,c8ea6dfa95dce4e814b2412c38dca2d396911a679e1a84ad3c118f064d088312,43ffaaf4fda2070ed929215cf7e42495ce6df534a215a7c5bf2208ef4e75f12a,27f21f002ef041815e4a1db4acb8c6a0b2492832b43dfd2e79e0ad016bf1f718,cf02d71ae82209d91d348368267ddd9457b2671304bed2e79103c1c5329ef40d,4933d3d2eae5d294e703c11c0dcae97b08c4d1f974c9e47cd6f467d432179d24,82e4a665f9afc6cf04cb7da211d99028bab26561cf9f9f2151e733dbd4ca90e0
B_screen_RUT_revin-iTransformer_h24_s2021,B_screen_RUT_revin-iTransformer_h24_s2021__attempt-01,c1-20,RUT,revin-iTransformer,24,2021,11496,0.226678569671,0.0871057235294,0.295136787828,c8ea6dfa95dce4e814b2412c38dca2d396911a679e1a84ad3c118f064d088312,43ffaaf4fda2070ed929215cf7e42495ce6df534a215a7c5bf2208ef4e75f12a,27f21f002ef041815e4a1db4acb8c6a0b2492832b43dfd2e79e0ad016bf1f718,f3e08a1d233c84776e31061a92d0f16fe602b28e18ee86fafd6903f131beaa0f,4933d3d2eae5d294e703c11c0dcae97b08c4d1f974c9e47cd6f467d432179d24,87616a51c700ac56febf1c8e0ac817f4db8fa92f1ee72eac1a7832338c7c550a
B_screen_TLT_DeReFusion_h24_s2021,B_screen_TLT_DeReFusion_h24_s2021__attempt-01,c1-20,TLT,DeReFusion,24,2021,11496,0.147606394371,0.0343359143703,0.185299526093,4e564e87d45ff79a66b8cd63c60a07dbc6bae8b9a01b71c4b1d19af585ee1cae,179993f7ce2c69f17d53368340c1c008ca43c64cb6467e949be50cff4ca8a596,4da4b28f0adc0b50a763a4eba39f6e1f0893df85b9f3bac2769576cfb7671da1,4d9d8debe15ba20e8ff6de9d74be1a3cdaaeade61bf08a3962930ac6e35199aa,2eca3dfab076ee37ddc70ac7d409f8754b768803f524a716cf62406976abc7c3,83cc2ad369ede990d6cc30bac2532440d13a8b292f420fb4956bd6e378e72a1d
B_screen_TLT_revin-DLinear_h24_s2021,B_screen_TLT_revin-DLinear_h24_s2021__attempt-01,c1-20,TLT,revin-DLinear,24,2021,11496,0.138915386385,0.0294866407829,0.171716745785,4e564e87d45ff79a66b8cd63c60a07dbc6bae8b9a01b71c4b1d19af585ee1cae,179993f7ce2c69f17d53368340c1c008ca43c64cb6467e949be50cff4ca8a596,4da4b28f0adc0b50a763a4eba39f6e1f0893df85b9f3bac2769576cfb7671da1,1d704419b2d52256e401b368c2876ce7f7d19ad9e032bf6128ccb215611c8dbb,2eca3dfab076ee37ddc70ac7d409f8754b768803f524a716cf62406976abc7c3,3fc09cb81aef0323fd11c4ca74cf9763d28235876af81f320b0d709ce173be03
B_screen_TLT_revin-PatchTST_h24_s2021,B_screen_TLT_revin-PatchTST_h24_s2021__attempt-01,c1-20,TLT,revin-PatchTST,24,2021,11496,0.124899728417,0.0250777622484,0.158359597904,4e564e87d45ff79a66b8cd63c60a07dbc6bae8b9a01b71c4b1d19af585ee1cae,179993f7ce2c69f17d53368340c1c008ca43c64cb6467e949be50cff4ca8a596,4da4b28f0adc0b50a763a4eba39f6e1f0893df85b9f3bac2769576cfb7671da1,4ca07a2fe20867dc38a54678be180782c36b290290991f3689d998c159cd14ea,2eca3dfab076ee37ddc70ac7d409f8754b768803f524a716cf62406976abc7c3,135b48c3eaca61e40173843d823e1fa2593163d6afb11b1163003b730763fa81
B_screen_TLT_revin-iTransformer_h24_s2021,B_screen_TLT_revin-iTransformer_h24_s2021__attempt-01,c1-20,TLT,revin-iTransformer,24,2021,11496,0.126278157844,0.0247618919957,0.15735911793,4e564e87d45ff79a66b8cd63c60a07dbc6bae8b9a01b71c4b1d19af585ee1cae,179993f7ce2c69f17d53368340c1c008ca43c64cb6467e949be50cff4ca8a596,4da4b28f0adc0b50a763a4eba39f6e1f0893df85b9f3bac2769576cfb7671da1,db18924a45485807ebfa1ac2e5e160412446989e75d655ed7d97308f17be7072,2eca3dfab076ee37ddc70ac7d409f8754b768803f524a716cf62406976abc7c3,5059695d0d2be340dacc08219eb73f07a1f73a3abaf595b1a61855cf4b653a2e
B_screen_TSLA_DeReFusion_h24_s2021,B_screen_TSLA_DeReFusion_h24_s2021__attempt-01,c1-20,TSLA,DeReFusion,24,2021,11496,0.300978535469,0.157970060756,0.397454476331,ff4704aa38f608169d63753846436edc713f9d8a2f6b38661b437e94f5aff573,332b304685cea69a5c8206c58dca757aba2d422833213517547c4441cbeb0222,4993de1e6a0997785a6c40f5397374dcbe9254b5f5bd3f0633edf92c951e5b9d,1286f9a51b8cb38cd86f23ce2d488a5c6dea9f84cfb1781d4d959021e94a6dfa,e365bc688c5003b6624817a2eb49df81b50c6b448a284f5bfb9bc6fd72bf4375,10aa94905bacbe006846d37b70f0e69dcbefafe0ea12479f4a74cf1bbaabfd35
B_screen_TSLA_revin-DLinear_h24_s2021,B_screen_TSLA_revin-DLinear_h24_s2021__attempt-01,c1-20,TSLA,revin-DLinear,24,2021,11496,0.301878799165,0.173791541854,0.416883127332,ff4704aa38f608169d63753846436edc713f9d8a2f6b38661b437e94f5aff573,332b304685cea69a5c8206c58dca757aba2d422833213517547c4441cbeb0222,4993de1e6a0997785a6c40f5397374dcbe9254b5f5bd3f0633edf92c951e5b9d,594ea5cc9aa0f661f483e4e40ab6722d776c84f32848066979732ccef27f40d2,e365bc688c5003b6624817a2eb49df81b50c6b448a284f5bfb9bc6fd72bf4375,c5e88a8df85cfba12795e3e268433735de0c70153693f02ff51a974a675c37f2
B_screen_TSLA_revin-PatchTST_h24_s2021,B_screen_TSLA_revin-PatchTST_h24_s2021__attempt-01,c1-20,TSLA,revin-PatchTST,24,2021,11496,0.275880805194,0.137870469389,0.371309129148,ff4704aa38f608169d63753846436edc713f9d8a2f6b38661b437e94f5aff573,332b304685cea69a5c8206c58dca757aba2d422833213517547c4441cbeb0222,4993de1e6a0997785a6c40f5397374dcbe9254b5f5bd3f0633edf92c951e5b9d,dd056299579ab32913fd475911d063a322ceeba1b0625f6e5680cf20cbd105e9,e365bc688c5003b6624817a2eb49df81b50c6b448a284f5bfb9bc6fd72bf4375,6d0d21f766c93ebd67040a10ded05a3a8721df8e006b218fdba3505153241305
B_screen_TSLA_revin-iTransformer_h24_s2021,B_screen_TSLA_revin-iTransformer_h24_s2021__attempt-01,c1-20,TSLA,revin-iTransformer,24,2021,11496,0.326684682146,0.189495141815,0.435310397091,ff4704aa38f608169d63753846436edc713f9d8a2f6b38661b437e94f5aff573,332b304685cea69a5c8206c58dca757aba2d422833213517547c4441cbeb0222,4993de1e6a0997785a6c40f5397374dcbe9254b5f5bd3f0633edf92c951e5b9d,b879bebc994a1a5f34bf670c01542337f2b9957b768af5247cc7f2f007fcdd71,e365bc688c5003b6624817a2eb49df81b50c6b448a284f5bfb9bc6fd72bf4375,17b4b57bdd335da72c50898fddae41673fb09dad9cf970415d8a5c06364a38e2
B_screen_USDCAD_DeReFusion_h24_s2021,B_screen_USDCAD_DeReFusion_h24_s2021__attempt-01,c1-20,USDCAD,DeReFusion,24,2021,11928,0.285906540216,0.141921210454,0.37672431625,d191f3990b61ba53324ed79ef4d5c5688334b8f7b2eabf4b49adda3cef80d388,e9fd86bcf97df569ccb03bc5382a68ca853185f2cb51bccb998ffc52d6768c6f,4f346a1849e213ec83446c6d7cdcd450e4e13f15532ce9787cb26a05e09727ee,6e0c9b0dc67ef22d5a8bdd5d1585c0871ee91b0d44e9b0c24fd81bd2fa36fcef,8cb1658c21bc32337151f21cac50e2183d7b436644538c862fa80c4f7cb631c8,692c1a5948f445a149cb5ea346e3dbf8ddfb22f13b289fdd1302d69cb9bccef1
B_screen_USDCAD_revin-DLinear_h24_s2021,B_screen_USDCAD_revin-DLinear_h24_s2021__attempt-01,c1-20,USDCAD,revin-DLinear,24,2021,11928,0.295026386902,0.147099411688,0.383535411258,d191f3990b61ba53324ed79ef4d5c5688334b8f7b2eabf4b49adda3cef80d388,e9fd86bcf97df569ccb03bc5382a68ca853185f2cb51bccb998ffc52d6768c6f,4f346a1849e213ec83446c6d7cdcd450e4e13f15532ce9787cb26a05e09727ee,371173cd45788414492944833bfa5fd6bb9446cde4f8d5e5d2fb903b7922b83d,8cb1658c21bc32337151f21cac50e2183d7b436644538c862fa80c4f7cb631c8,58127dd6afcb0795be7548411f0b6b48b99d9aa3d8ca03af2cf58577b83a4cd0
B_screen_USDCAD_revin-PatchTST_h24_s2021,B_screen_USDCAD_revin-PatchTST_h24_s2021__attempt-01,c1-20,USDCAD,revin-PatchTST,24,2021,11928,0.294655780917,0.150247823473,0.387618141311,d191f3990b61ba53324ed79ef4d5c5688334b8f7b2eabf4b49adda3cef80d388,e9fd86bcf97df569ccb03bc5382a68ca853185f2cb51bccb998ffc52d6768c6f,4f346a1849e213ec83446c6d7cdcd450e4e13f15532ce9787cb26a05e09727ee,0f5f27fa2420b02e8b56fe5ffaff9e2bf6424aabb77615e64a817eb399872243,8cb1658c21bc32337151f21cac50e2183d7b436644538c862fa80c4f7cb631c8,34494eb7dc7659873a73201b7e6c9958a3220d523540f0aa28276cf42c70adae
B_screen_USDCAD_revin-iTransformer_h24_s2021,B_screen_USDCAD_revin-iTransformer_h24_s2021__attempt-01,c1-20,USDCAD,revin-iTransformer,24,2021,11928,0.31550145505,0.166887880227,0.408519130797,d191f3990b61ba53324ed79ef4d5c5688334b8f7b2eabf4b49adda3cef80d388,e9fd86bcf97df569ccb03bc5382a68ca853185f2cb51bccb998ffc52d6768c6f,4f346a1849e213ec83446c6d7cdcd450e4e13f15532ce9787cb26a05e09727ee,603ec8dc08f35701ee3ea182745c3f884bab22a8a02f1cd66d0d54cdcd8c09b6,8cb1658c21bc32337151f21cac50e2183d7b436644538c862fa80c4f7cb631c8,4f63ec3398fbb068b279974ed9bf3b0be57a20a8065b165b72852f068260cac9
B_screen_WMT_DeReFusion_h24_s2021,B_screen_WMT_DeReFusion_h24_s2021__attempt-01,c1-20,WMT,DeReFusion,24,2021,11496,0.415876651067,0.293486508664,0.541743951202,f5c715ec6a65770c8e38a91799e8c19c76599949425a95ad8a64087ac5f8bae4,38f356700514cbd0e9c9e8ee2b1aa69af977935279d5353ac5dc6db01d5c99b8,927d268a64b42742e6ae0b29c60a178beadf98506c0e6e1bc778c2e08f885481,54853d7d8b37aea6f1c91da7b55aa16a5afee6008b3c302d55b42e463967cbbe,d61698c4ff5229ecb9f5b6f0298ae0f72dc2daca1d7ba8ebe99e3e2aa9450cb1,1a82852bc070fa4921aeb4ecbe244677cd18b293707c56bc5f31846285a4123b
B_screen_WMT_revin-DLinear_h24_s2021,B_screen_WMT_revin-DLinear_h24_s2021__attempt-01,c1-20,WMT,revin-DLinear,24,2021,11496,0.410929362632,0.287602252157,0.536285606889,f5c715ec6a65770c8e38a91799e8c19c76599949425a95ad8a64087ac5f8bae4,38f356700514cbd0e9c9e8ee2b1aa69af977935279d5353ac5dc6db01d5c99b8,927d268a64b42742e6ae0b29c60a178beadf98506c0e6e1bc778c2e08f885481,5028794adb437495a8edfcd976eb39a08d4b6dea1c016ba8b0a4913cb1ce5f5b,d61698c4ff5229ecb9f5b6f0298ae0f72dc2daca1d7ba8ebe99e3e2aa9450cb1,1fa0ef9872dcc54122ea4aae33ef871c35783c905a6aa423b8fff9646f925dec
B_screen_WMT_revin-PatchTST_h24_s2021,B_screen_WMT_revin-PatchTST_h24_s2021__attempt-01,c1-20,WMT,revin-PatchTST,24,2021,11496,0.38759604224,0.261448348645,0.511320201679,f5c715ec6a65770c8e38a91799e8c19c76599949425a95ad8a64087ac5f8bae4,38f356700514cbd0e9c9e8ee2b1aa69af977935279d5353ac5dc6db01d5c99b8,927d268a64b42742e6ae0b29c60a178beadf98506c0e6e1bc778c2e08f885481,8e142cdd44079fe5d7042d371db65dd9935484c6bcba33a8af71d1a4bbcf874d,d61698c4ff5229ecb9f5b6f0298ae0f72dc2daca1d7ba8ebe99e3e2aa9450cb1,b7ecb0632b11758ff0be27d14f90cf64cdc6539100b3a8e98fe0b0f897224948
B_screen_WMT_revin-iTransformer_h24_s2021,B_screen_WMT_revin-iTransformer_h24_s2021__attempt-01,c1-20,WMT,revin-iTransformer,24,2021,11496,0.484326805289,0.362571116261,0.602138784884,f5c715ec6a65770c8e38a91799e8c19c76599949425a95ad8a64087ac5f8bae4,38f356700514cbd0e9c9e8ee2b1aa69af977935279d5353ac5dc6db01d5c99b8,927d268a64b42742e6ae0b29c60a178beadf98506c0e6e1bc778c2e08f885481,0b2bea4ddea4d773637a491c7428a5388aaf840e949848167dcee63b66e1e93c,d61698c4ff5229ecb9f5b6f0298ae0f72dc2daca1d7ba8ebe99e3e2aa9450cb1,c32929d9a40ac96737f65805364bee4a17d8f25c86a817d5959dde92627681cc
B_screen_WTI_DeReFusion_h24_s2021,B_screen_WTI_DeReFusion_h24_s2021__attempt-01,c1-20,WTI,DeReFusion,24,2021,11496,0.186110712849,0.0534996930828,0.231300006664,fe8c2f88cedfc1941cd87994bde5e85fc3a1122d00b00421328c48a35bfc9d29,49dd46ef50e3b5e383b05d600a807c66c26ffe03dfcb539137b7148be11c0671,0b7361bb11333d1f6fb889429d8e4869789f260eb6d5c457c1ecec6b936527f1,345cb031fd8f40e347fd1107b394849aeaf557e44d890ce9be338e65daf86139,9dad7c4cb3880085ad39561f47788ca9582e2d7964a109c7260f16e1f8184ec3,144626bf66acbd02c77e205eadc6e8df6af85da584bbb37daeb25a38bef3d146
B_screen_WTI_revin-DLinear_h24_s2021,B_screen_WTI_revin-DLinear_h24_s2021__attempt-01,c1-20,WTI,revin-DLinear,24,2021,11496,0.167115232907,0.0436245818254,0.20886498468,fe8c2f88cedfc1941cd87994bde5e85fc3a1122d00b00421328c48a35bfc9d29,49dd46ef50e3b5e383b05d600a807c66c26ffe03dfcb539137b7148be11c0671,0b7361bb11333d1f6fb889429d8e4869789f260eb6d5c457c1ecec6b936527f1,d6da5a4f2e88f8c96d94873f346197b51a80b267160e50025516b3b378518a36,9dad7c4cb3880085ad39561f47788ca9582e2d7964a109c7260f16e1f8184ec3,5533b21d8b6e8cbcde47f703b539439982de7da941b1de3e888f166578459d34
B_screen_WTI_revin-PatchTST_h24_s2021,B_screen_WTI_revin-PatchTST_h24_s2021__attempt-01,c1-20,WTI,revin-PatchTST,24,2021,11496,0.151303455766,0.0387497728872,0.196849619982,fe8c2f88cedfc1941cd87994bde5e85fc3a1122d00b00421328c48a35bfc9d29,49dd46ef50e3b5e383b05d600a807c66c26ffe03dfcb539137b7148be11c0671,0b7361bb11333d1f6fb889429d8e4869789f260eb6d5c457c1ecec6b936527f1,bc1b6a2fe66a271392e4977957203b8fe4edf850befac7575c2d691218064ec5,9dad7c4cb3880085ad39561f47788ca9582e2d7964a109c7260f16e1f8184ec3,bd3783f172e4a0eb415e4a78e41f90c45868539915df012f781c0fe206519530
B_screen_WTI_revin-iTransformer_h24_s2021,B_screen_WTI_revin-iTransformer_h24_s2021__attempt-01,c1-20,WTI,revin-iTransformer,24,2021,11496,0.151598714687,0.039522174369,0.198801846996,fe8c2f88cedfc1941cd87994bde5e85fc3a1122d00b00421328c48a35bfc9d29,49dd46ef50e3b5e383b05d600a807c66c26ffe03dfcb539137b7148be11c0671,0b7361bb11333d1f6fb889429d8e4869789f260eb6d5c457c1ecec6b936527f1,542b4e8d571101e6a9284887b73c9b5b71c543f831d400536a3d4d614ec690d1,9dad7c4cb3880085ad39561f47788ca9582e2d7964a109c7260f16e1f8184ec3,719dfc50127a245e3e793d7eae33bf0cf7a02796a7e43f4f55eb789b9c32023b
B_screen_XOM_DeReFusion_h24_s2021,B_screen_XOM_DeReFusion_h24_s2021__attempt-01,c1-20,XOM,DeReFusion,24,2021,11496,0.240489945469,0.0991140029544,0.314823764914,dc61ceae3b96df8ee7d16990cb11b3af4b5d0e4a4fe934e1cf03cc4a837792de,9b3fa508fbb2a06aecc2f1e003808858149148b7433e8de16343d208edc93d3e,74ecd45a77d1edb9692cadc61b853a381de1b028f50a290df4057f37f9b9c928,f453e7eb74e2b394fc39d4e709cd95990fe12f2b7cca9d6617a68416e5abe76c,c8484713d4d6d318c36d18fce6a8331a89289502865651f67dba5b0aadd62108,3a3540dab9fe8ca9acffa959a832d32a3b0340b2b6d432fe450b64d816eb5a7c
B_screen_XOM_revin-DLinear_h24_s2021,B_screen_XOM_revin-DLinear_h24_s2021__attempt-01,c1-20,XOM,revin-DLinear,24,2021,11496,0.228784695579,0.0888495162292,0.298076359729,dc61ceae3b96df8ee7d16990cb11b3af4b5d0e4a4fe934e1cf03cc4a837792de,9b3fa508fbb2a06aecc2f1e003808858149148b7433e8de16343d208edc93d3e,74ecd45a77d1edb9692cadc61b853a381de1b028f50a290df4057f37f9b9c928,c3f0081ba53f15c94d06db03e82311d5cfa8b06012f0c01cc509b0b9ba47e05c,c8484713d4d6d318c36d18fce6a8331a89289502865651f67dba5b0aadd62108,1b5636110f9e5109c7f1cd4ac5209b263a5559d2cef90c457b7f1d84c46ed0eb
B_screen_XOM_revin-PatchTST_h24_s2021,B_screen_XOM_revin-PatchTST_h24_s2021__attempt-01,c1-20,XOM,revin-PatchTST,24,2021,11496,0.215840344047,0.0830932177502,0.288258942186,dc61ceae3b96df8ee7d16990cb11b3af4b5d0e4a4fe934e1cf03cc4a837792de,9b3fa508fbb2a06aecc2f1e003808858149148b7433e8de16343d208edc93d3e,74ecd45a77d1edb9692cadc61b853a381de1b028f50a290df4057f37f9b9c928,3b38eb6a4d6eb117d3c2c2dfedf25680dae485e6488ea52fb7e8406016a5e79b,c8484713d4d6d318c36d18fce6a8331a89289502865651f67dba5b0aadd62108,51ee5e26b347f478c65e56c251f0a72e931a9498d30f441d174e876f92f611a8
B_screen_XOM_revin-iTransformer_h24_s2021,B_screen_XOM_revin-iTransformer_h24_s2021__attempt-01,c1-20,XOM,revin-iTransformer,24,2021,11496,0.242094908042,0.102144247657,0.319600137136,dc61ceae3b96df8ee7d16990cb11b3af4b5d0e4a4fe934e1cf03cc4a837792de,9b3fa508fbb2a06aecc2f1e003808858149148b7433e8de16343d208edc93d3e,74ecd45a77d1edb9692cadc61b853a381de1b028f50a290df4057f37f9b9c928,78aff2ddc303b89f38be1ef5ddbe8852ea164521349f29d48fd1425fc3706989,c8484713d4d6d318c36d18fce6a8331a89289502865651f67dba5b0aadd62108,38791559bb5bb82a684fac17b2d54ea20afb7d3e6da5137f73fc6a8c895860d8
B_screen_BABA_DeReFusion_h1_s2021,B_screen_BABA_DeReFusion_h1_s2021__attempt-01,original-10,BABA,DeReFusion,1,2021,502,0.115175185919,0.0236615374118,0.15382307178,3c5c9ce9e60873d42033796135644c952fde641534f7a322aa9db205bd46a7eb,dc8abf9c357e8d57c5c743fbf93e0ff5b796bf32d0be4d16b08302a9fa3143cc,8d04e801150e77666d95339668d3413f4d74027bd2bf90037cb6778c14d8c5ac,37ce0dbd918b85f1bdafc6f5cb0174a55595c538fc327250fc1e9c500b990eec,dd61a26e8e596fd90cca3e9d5be7890276442fca4bcf6fda962eb2bec57ee81f,b9bfc1dc97d3e3c9c6636ee9ca06e6e5dc6f8097ccf5975231d3b05e2e030952
B_screen_BABA_revin-DLinear_h1_s2021,B_screen_BABA_revin-DLinear_h1_s2021__attempt-01,original-10,BABA,revin-DLinear,1,2021,502,0.0916578181109,0.0178092370806,0.133451253574,3c5c9ce9e60873d42033796135644c952fde641534f7a322aa9db205bd46a7eb,dc8abf9c357e8d57c5c743fbf93e0ff5b796bf32d0be4d16b08302a9fa3143cc,8d04e801150e77666d95339668d3413f4d74027bd2bf90037cb6778c14d8c5ac,7d9637c048628c21d892a7cef0f3a9c43ab98703c327eadd215265269983934a,dd61a26e8e596fd90cca3e9d5be7890276442fca4bcf6fda962eb2bec57ee81f,2445170a922bddabfaf7aaa002dde2d2bde2f1538e5768c1415a43c8cc80511f
B_screen_BABA_revin-PatchTST_h1_s2021,B_screen_BABA_revin-PatchTST_h1_s2021__attempt-01,original-10,BABA,revin-PatchTST,1,2021,502,0.0555524395652,0.00728410573233,0.085346972602,3c5c9ce9e60873d42033796135644c952fde641534f7a322aa9db205bd46a7eb,dc8abf9c357e8d57c5c743fbf93e0ff5b796bf32d0be4d16b08302a9fa3143cc,8d04e801150e77666d95339668d3413f4d74027bd2bf90037cb6778c14d8c5ac,f83429e06f45ee38c7ba4c2b2b323edeb54c46cf221fca9f83bfec0861d1f111,dd61a26e8e596fd90cca3e9d5be7890276442fca4bcf6fda962eb2bec57ee81f,0f86ede67ff3da585593c0dd8a985ab1052ac94f960ddee36ff61fb49a035169
B_screen_BABA_revin-iTransformer_h1_s2021,B_screen_BABA_revin-iTransformer_h1_s2021__attempt-01,original-10,BABA,revin-iTransformer,1,2021,502,0.0707238707557,0.0100358889991,0.100179284281,3c5c9ce9e60873d42033796135644c952fde641534f7a322aa9db205bd46a7eb,dc8abf9c357e8d57c5c743fbf93e0ff5b796bf32d0be4d16b08302a9fa3143cc,8d04e801150e77666d95339668d3413f4d74027bd2bf90037cb6778c14d8c5ac,7c055db34e41cd57475e59120f63e755a5a5dfba6212a0cbb0e9cfa23bb9c88d,dd61a26e8e596fd90cca3e9d5be7890276442fca4bcf6fda962eb2bec57ee81f,290c1978cddcf92fd1339068156f164ca3dc042d3fec569e367a0f547c08b95b
B_screen_BTCUSD_DeReFusion_h1_s2021,B_screen_BTCUSD_DeReFusion_h1_s2021__attempt-01,original-10,BTCUSD,DeReFusion,1,2021,730,0.160749934961,0.0438794787944,0.209474291488,7370027a8cb2e2e9cba5e2a35f94dfa2ccb30e7a50facc2289d459e2b42e8521,3f98636e2820e824086bdbae32f459557d8bb9c0bb6b6bcfd572e8a38abb910d,6bac7956b8cbc3be4ba6328c1ce3792012c329c670aedb84382bd452561fbfa7,55a03915cbf378d131530364c3524acd984e5bd71849a604d6de2c5f1525bed6,d671793c633f071a8d6b9866e4d26f832dd604ec06425252256efa270e30d22c,b203f1b841653f3981209cc6919b665969058cc82cf0241be0c1b499c86fc932
B_screen_BTCUSD_revin-DLinear_h1_s2021,B_screen_BTCUSD_revin-DLinear_h1_s2021__attempt-01,original-10,BTCUSD,revin-DLinear,1,2021,730,0.17745910785,0.0509368016271,0.225691828889,7370027a8cb2e2e9cba5e2a35f94dfa2ccb30e7a50facc2289d459e2b42e8521,3f98636e2820e824086bdbae32f459557d8bb9c0bb6b6bcfd572e8a38abb910d,6bac7956b8cbc3be4ba6328c1ce3792012c329c670aedb84382bd452561fbfa7,b7a272e0fe35ca15e9d0d1598df7f4d50854adc1dbe24e56675ce2bc00e70762,d671793c633f071a8d6b9866e4d26f832dd604ec06425252256efa270e30d22c,29b9272f3e3f2ebf79e08fd93c60cd226b0c86dd8a8011e13077963a8fe8bbaf
B_screen_BTCUSD_revin-PatchTST_h1_s2021,B_screen_BTCUSD_revin-PatchTST_h1_s2021__attempt-01,original-10,BTCUSD,revin-PatchTST,1,2021,730,0.110637905336,0.0225857665486,0.150285616573,7370027a8cb2e2e9cba5e2a35f94dfa2ccb30e7a50facc2289d459e2b42e8521,3f98636e2820e824086bdbae32f459557d8bb9c0bb6b6bcfd572e8a38abb910d,6bac7956b8cbc3be4ba6328c1ce3792012c329c670aedb84382bd452561fbfa7,d80a199858264309d0422b5ab749ed2d87625701dcd5adeaf9c7df1344d70288,d671793c633f071a8d6b9866e4d26f832dd604ec06425252256efa270e30d22c,72b886ea7bb463f39ad988e2d776b959099e40000b4dc240817573b3de0c5dec
B_screen_BTCUSD_revin-iTransformer_h1_s2021,B_screen_BTCUSD_revin-iTransformer_h1_s2021__attempt-01,original-10,BTCUSD,revin-iTransformer,1,2021,730,0.139226233796,0.0322877659356,0.179687968255,7370027a8cb2e2e9cba5e2a35f94dfa2ccb30e7a50facc2289d459e2b42e8521,3f98636e2820e824086bdbae32f459557d8bb9c0bb6b6bcfd572e8a38abb910d,6bac7956b8cbc3be4ba6328c1ce3792012c329c670aedb84382bd452561fbfa7,38f8e05b4ddfa8088176ed24ded51f23f3fe436f274b05dbb492c461b38fcf04,d671793c633f071a8d6b9866e4d26f832dd604ec06425252256efa270e30d22c,86cb8c4315497f27ceee4f039d0f0e9bd4c66731c513f5215ba9eb4caf069104
B_screen_DJI_DeReFusion_h1_s2021,B_screen_DJI_DeReFusion_h1_s2021__attempt-01,original-10,DJI,DeReFusion,1,2021,502,0.0895809232001,0.0144486368395,0.120202482668,b62efbff9cb198a6d5b2e24625b644305478aba0e79e1570122d2a1f15a880ac,0b50cdfb61237a23d05a7341232e53a6af105f685a7c1530a01fd529ebbff958,bef7c39c9cdd69cab6b5182cbf7892e218ff70a9b0b88ebe1f44e5588e716838,5324e883024aa893876a0d1d47eb63b1733bf74bfc52fb9ce8c1c9d5e9697305,fe984151d3ac290224c38a1a2d3bc65769a7c9df9efc48aec87f3c8ecedb753e,937574ab9753bc622545eb9d863eac410ff320262db91206dc1a267485ede550
B_screen_DJI_revin-DLinear_h1_s2021,B_screen_DJI_revin-DLinear_h1_s2021__attempt-01,original-10,DJI,revin-DLinear,1,2021,502,0.0916178582674,0.0146010659073,0.120834870411,b62efbff9cb198a6d5b2e24625b644305478aba0e79e1570122d2a1f15a880ac,0b50cdfb61237a23d05a7341232e53a6af105f685a7c1530a01fd529ebbff958,bef7c39c9cdd69cab6b5182cbf7892e218ff70a9b0b88ebe1f44e5588e716838,6ded2e490156ed9c29bb5efb0d6e9815dd37d540b64a4d1a57bc4d3aa32c06e6,fe984151d3ac290224c38a1a2d3bc65769a7c9df9efc48aec87f3c8ecedb753e,da6f47ca7140d4f727c401e4e21470c50cc2dfc9b629ccb644bb5834e2405733
B_screen_DJI_revin-PatchTST_h1_s2021,B_screen_DJI_revin-PatchTST_h1_s2021__attempt-01,original-10,DJI,revin-PatchTST,1,2021,502,0.0576267007338,0.00645178071235,0.0803229774868,b62efbff9cb198a6d5b2e24625b644305478aba0e79e1570122d2a1f15a880ac,0b50cdfb61237a23d05a7341232e53a6af105f685a7c1530a01fd529ebbff958,bef7c39c9cdd69cab6b5182cbf7892e218ff70a9b0b88ebe1f44e5588e716838,170bcab10dd06f7d116e0248a0f27776db40f4d37f5376853df2e163e07d62ae,fe984151d3ac290224c38a1a2d3bc65769a7c9df9efc48aec87f3c8ecedb753e,a57a58ade95fed84a7fb26def5f2384d335df87205dfa90c8a1912f65007cee0
B_screen_DJI_revin-iTransformer_h1_s2021,B_screen_DJI_revin-iTransformer_h1_s2021__attempt-01,original-10,DJI,revin-iTransformer,1,2021,502,0.0659742186744,0.00845173997582,0.0919333452879,b62efbff9cb198a6d5b2e24625b644305478aba0e79e1570122d2a1f15a880ac,0b50cdfb61237a23d05a7341232e53a6af105f685a7c1530a01fd529ebbff958,bef7c39c9cdd69cab6b5182cbf7892e218ff70a9b0b88ebe1f44e5588e716838,6ed8d21f41b5e310abce9d6bd22e054f6093434d8217c74320d659611148e2ac,fe984151d3ac290224c38a1a2d3bc65769a7c9df9efc48aec87f3c8ecedb753e,a601f881b7fda324f6d004d9597cec0b6a19f15ab574f2cc53e1972501c374c3
B_screen_ETHUSD_DeReFusion_h1_s2021,B_screen_ETHUSD_DeReFusion_h1_s2021__attempt-01,original-10,ETHUSD,DeReFusion,1,2021,595,0.149715974351,0.0389945913348,0.197470482186,fabfefffffb7c81cd7d85d626f8477e16af5e37f9b3f328c93243667092a964a,ad8ee321242bfe031fef99057484f891b58c7546ab12d0b0bce0b77ba5761b72,76f63b29fc5302c9f438cf6d26785215a50fdc0813b211ea53e8eae95450cd41,41d31c73ae27e586170f497e79693685c0b4469c3ba2b0a7f328a7e2263bf602,d843bb65fcca72ba6f0fd2ffa832e5cb3c3c6f01d5c84f39fd53e6de0d6a5a5a,ca5d5ea797375e80295259d98a5bd938b2c1782ffd4e0eb1d230695dc3a6f324
B_screen_ETHUSD_revin-DLinear_h1_s2021,B_screen_ETHUSD_revin-DLinear_h1_s2021__attempt-01,original-10,ETHUSD,revin-DLinear,1,2021,595,0.146624309025,0.0372261968901,0.192940915542,fabfefffffb7c81cd7d85d626f8477e16af5e37f9b3f328c93243667092a964a,ad8ee321242bfe031fef99057484f891b58c7546ab12d0b0bce0b77ba5761b72,76f63b29fc5302c9f438cf6d26785215a50fdc0813b211ea53e8eae95450cd41,c2bea8df5f2a48d9ec21d0d884e262d8de243dfa410b2782185a0bd89481c379,d843bb65fcca72ba6f0fd2ffa832e5cb3c3c6f01d5c84f39fd53e6de0d6a5a5a,82d09c09ba32c651f29bd1d174910a8cd00054d4fc54b77bf6c29c73167ea4a9
B_screen_ETHUSD_revin-PatchTST_h1_s2021,B_screen_ETHUSD_revin-PatchTST_h1_s2021__attempt-01,original-10,ETHUSD,revin-PatchTST,1,2021,595,0.0928150168988,0.0152721562047,0.123580565643,fabfefffffb7c81cd7d85d626f8477e16af5e37f9b3f328c93243667092a964a,ad8ee321242bfe031fef99057484f891b58c7546ab12d0b0bce0b77ba5761b72,76f63b29fc5302c9f438cf6d26785215a50fdc0813b211ea53e8eae95450cd41,3a713266a498dec5c788b435653ba47474acbeff77df6b8a97570a4f447ad1d1,d843bb65fcca72ba6f0fd2ffa832e5cb3c3c6f01d5c84f39fd53e6de0d6a5a5a,1fa703539eee202587cc02ed80b4ed2a7ac98c95a518233c4cf48379d0b63a5a
B_screen_ETHUSD_revin-iTransformer_h1_s2021,B_screen_ETHUSD_revin-iTransformer_h1_s2021__attempt-01,original-10,ETHUSD,revin-iTransformer,1,2021,595,0.113946188548,0.0227639704271,0.150877335697,fabfefffffb7c81cd7d85d626f8477e16af5e37f9b3f328c93243667092a964a,ad8ee321242bfe031fef99057484f891b58c7546ab12d0b0bce0b77ba5761b72,76f63b29fc5302c9f438cf6d26785215a50fdc0813b211ea53e8eae95450cd41,b5c1c7e42f781bec8085d3a00e9b66a075d9d525002195575f06e5cdd1e62cee,d843bb65fcca72ba6f0fd2ffa832e5cb3c3c6f01d5c84f39fd53e6de0d6a5a5a,67b0fd524d8f3684dc93d836627ae07eb9dbfde94733adb28a4cfa96ddd9e465
B_screen_EURUSD_DeReFusion_h1_s2021,B_screen_EURUSD_DeReFusion_h1_s2021__attempt-01,original-10,EURUSD,DeReFusion,1,2021,520,0.124050800621,0.026315831287,0.162221550008,7b520db1e2eea61170ab5589eeac893ed3a596e6c352e07815204545efdf72cf,d6c5c2a46df24c81034d8e17d2d86ee53111c497a874dcafe13f5057c8edcfc0,decee70b7bac3a8c9e38fb0a298e25944d49656287aef8edf7ed7e4fa24ff39d,bfcde3f88326723959ab40bab65c9c72c77f29d1a394bdc85b2ab8f25b19d627,19b83e5502a20939547cc3b415bcefc6288e7cf0df7041fe3d4d17ba38fbe84f,3b1ba97d56bf1f0ce0b307d586c5de141be16ebbb431cb7aa3433b96d0c9c39e
B_screen_EURUSD_revin-DLinear_h1_s2021,B_screen_EURUSD_revin-DLinear_h1_s2021__attempt-01,original-10,EURUSD,revin-DLinear,1,2021,520,0.127754075257,0.0271236704918,0.164692654638,7b520db1e2eea61170ab5589eeac893ed3a596e6c352e07815204545efdf72cf,d6c5c2a46df24c81034d8e17d2d86ee53111c497a874dcafe13f5057c8edcfc0,decee70b7bac3a8c9e38fb0a298e25944d49656287aef8edf7ed7e4fa24ff39d,3c5f7f41b96d5d00ab131a98b05f32c5dc127438e5edf700b8fd7f351b1ebad2,19b83e5502a20939547cc3b415bcefc6288e7cf0df7041fe3d4d17ba38fbe84f,808fe880d6e5ea92b464a418201ac510ffc3bdc4ccad9af72a226f02382e4768
B_screen_EURUSD_revin-PatchTST_h1_s2021,B_screen_EURUSD_revin-PatchTST_h1_s2021__attempt-01,original-10,EURUSD,revin-PatchTST,1,2021,520,0.0790093856765,0.0114435481824,0.106974521183,7b520db1e2eea61170ab5589eeac893ed3a596e6c352e07815204545efdf72cf,d6c5c2a46df24c81034d8e17d2d86ee53111c497a874dcafe13f5057c8edcfc0,decee70b7bac3a8c9e38fb0a298e25944d49656287aef8edf7ed7e4fa24ff39d,1bb01d05aefec2614e6540ef3004facc668759c7f83c6a15026082d2e0a1333f,19b83e5502a20939547cc3b415bcefc6288e7cf0df7041fe3d4d17ba38fbe84f,88a3b608b9b4832cc38b7e9cf78c89e1e5a5f8e82f951d691bc26ec50992a45b
B_screen_EURUSD_revin-iTransformer_h1_s2021,B_screen_EURUSD_revin-iTransformer_h1_s2021__attempt-01,original-10,EURUSD,revin-iTransformer,1,2021,520,0.0903768699876,0.0141398802824,0.11891122858,7b520db1e2eea61170ab5589eeac893ed3a596e6c352e07815204545efdf72cf,d6c5c2a46df24c81034d8e17d2d86ee53111c497a874dcafe13f5057c8edcfc0,decee70b7bac3a8c9e38fb0a298e25944d49656287aef8edf7ed7e4fa24ff39d,6c9772cea87893ced8a911b07fa292049b7e44ea73ba00e7a75c36d7d7831988,19b83e5502a20939547cc3b415bcefc6288e7cf0df7041fe3d4d17ba38fbe84f,ba90b67aea05cde12939859780d6dd38f6b6ad4a8c1216780a59153d40b0f41d
B_screen_GSPC_DeReFusion_h1_s2021,B_screen_GSPC_DeReFusion_h1_s2021__attempt-01,original-10,GSPC,DeReFusion,1,2021,502,0.0928717324458,0.0164264362653,0.128165659462,a1cc1e17a241738a5e82aa008a121bdb21b71a39dc2601af8c77bfaef82c5c74,69c564566da7b8aa14ccfeabcf71adb6bac6db28c1b36dbfd34e7260e25fe4b0,3ed85c6a7679d7dd64c345bf43159e27fffd8b275867249e30f270fe2533083e,21ead48fc0a2b197b256cc0acd5a867459916f4f48a8dc66716228e9f894f07a,d8f7f2f33ead57ed30c44f2c100908d2eb5a2d2b4476c6996e7ad9e6a7a4cbda,46f0ea2f3b07769a78e6a7d1d2f9520cac9d73c23e4ca07095a97324dcd00caa
B_screen_GSPC_revin-DLinear_h1_s2021,B_screen_GSPC_revin-DLinear_h1_s2021__attempt-01,original-10,GSPC,revin-DLinear,1,2021,502,0.0949486456069,0.0157921187017,0.125666696868,a1cc1e17a241738a5e82aa008a121bdb21b71a39dc2601af8c77bfaef82c5c74,69c564566da7b8aa14ccfeabcf71adb6bac6db28c1b36dbfd34e7260e25fe4b0,3ed85c6a7679d7dd64c345bf43159e27fffd8b275867249e30f270fe2533083e,0b7d25ed817b7a54ce046cd4998be1984b7569c6a70d2bca45d03c8fb439126c,d8f7f2f33ead57ed30c44f2c100908d2eb5a2d2b4476c6996e7ad9e6a7a4cbda,af8c54693916bb513b0784383b53fa5b71dcfacd7eb1794ea0a29fa098ee7717
B_screen_GSPC_revin-PatchTST_h1_s2021,B_screen_GSPC_revin-PatchTST_h1_s2021__attempt-01,original-10,GSPC,revin-PatchTST,1,2021,502,0.056454743997,0.00655252804797,0.080947687107,a1cc1e17a241738a5e82aa008a121bdb21b71a39dc2601af8c77bfaef82c5c74,69c564566da7b8aa14ccfeabcf71adb6bac6db28c1b36dbfd34e7260e25fe4b0,3ed85c6a7679d7dd64c345bf43159e27fffd8b275867249e30f270fe2533083e,3ee1504c05f0fb2fec8294d5ce79e442c083764068a71c372bcdf99bb150f266,d8f7f2f33ead57ed30c44f2c100908d2eb5a2d2b4476c6996e7ad9e6a7a4cbda,6ad030e10fe5254dd150f9eebf855afac77e01f29d5a3eca7037d2610e8f41fb
B_screen_GSPC_revin-iTransformer_h1_s2021,B_screen_GSPC_revin-iTransformer_h1_s2021__attempt-01,original-10,GSPC,revin-iTransformer,1,2021,502,0.0658292143468,0.00850717823912,0.0922343658249,a1cc1e17a241738a5e82aa008a121bdb21b71a39dc2601af8c77bfaef82c5c74,69c564566da7b8aa14ccfeabcf71adb6bac6db28c1b36dbfd34e7260e25fe4b0,3ed85c6a7679d7dd64c345bf43159e27fffd8b275867249e30f270fe2533083e,23cee5779d88980f81c27c417709c4c0d7764b54edbae4e1a4f04dbdab8ea5a6,d8f7f2f33ead57ed30c44f2c100908d2eb5a2d2b4476c6996e7ad9e6a7a4cbda,556797fbd5e985c027db355b6637620fcd0761b8785634446395c08f400b4c2a
B_screen_NVO_DeReFusion_h1_s2021,B_screen_NVO_DeReFusion_h1_s2021__attempt-01,original-10,NVO,DeReFusion,1,2021,502,0.308702169187,0.166007083748,0.407439668845,ae8017e4dbce80fd51cffc530fed43c13e26833a862e58507a696d8a064d1a72,935b96b27575359455b01cdc5afb97f9ec67147f20cf97f858e9adc26d25206f,63abb1de3c9b9d2c590245b0d518564ef209403ac6a9caab0ca11634ef402409,254badb5ab7f2dc56ad0720567aec28b12235ac6e34ecda5976ef6c9b39c7e6f,7d63c0d5cdaa74b638287b06d0702ecfbad306f954e5f9199d75a5764427a12a,a8d98500db0d923f9eb413d9d38af0f00beed779d1bbda52018e00a30297259b
B_screen_NVO_revin-DLinear_h1_s2021,B_screen_NVO_revin-DLinear_h1_s2021__attempt-01,original-10,NVO,revin-DLinear,1,2021,502,0.308788827691,0.163132790798,0.403897005186,ae8017e4dbce80fd51cffc530fed43c13e26833a862e58507a696d8a064d1a72,935b96b27575359455b01cdc5afb97f9ec67147f20cf97f858e9adc26d25206f,63abb1de3c9b9d2c590245b0d518564ef209403ac6a9caab0ca11634ef402409,b1c17b14fc266d02dd50c780f76872ac96bfb090f055f1e17c59215e1bd4fca5,7d63c0d5cdaa74b638287b06d0702ecfbad306f954e5f9199d75a5764427a12a,9c88a2c50a9d6be2958667478b08be57f9dd187785c204589aa90cee6643b5f8
B_screen_NVO_revin-PatchTST_h1_s2021,B_screen_NVO_revin-PatchTST_h1_s2021__attempt-01,original-10,NVO,revin-PatchTST,1,2021,502,0.175769060256,0.0624347176506,0.249869401189,ae8017e4dbce80fd51cffc530fed43c13e26833a862e58507a696d8a064d1a72,935b96b27575359455b01cdc5afb97f9ec67147f20cf97f858e9adc26d25206f,63abb1de3c9b9d2c590245b0d518564ef209403ac6a9caab0ca11634ef402409,3f06e8d81e19accd3c1db39e08fd86617dbda0555a53a379b1f3e6a2075175e2,7d63c0d5cdaa74b638287b06d0702ecfbad306f954e5f9199d75a5764427a12a,7428f907e0029cfc1641cee860a46ce606a04dc4c3e1624014ad3640ea3a577b
B_screen_NVO_revin-iTransformer_h1_s2021,B_screen_NVO_revin-iTransformer_h1_s2021__attempt-01,original-10,NVO,revin-iTransformer,1,2021,502,0.190540250554,0.0726302288901,0.269499960835,ae8017e4dbce80fd51cffc530fed43c13e26833a862e58507a696d8a064d1a72,935b96b27575359455b01cdc5afb97f9ec67147f20cf97f858e9adc26d25206f,63abb1de3c9b9d2c590245b0d518564ef209403ac6a9caab0ca11634ef402409,307c67cd821657ab9fdfca8248b91ac9f353edc565d3e5ee437cdc78f9186bea,7d63c0d5cdaa74b638287b06d0702ecfbad306f954e5f9199d75a5764427a12a,21696daeef67f45d6c9fbad736a3925a2a84ebac2179b4f0cdffacf6e8b3ade6
B_screen_SOX_DeReFusion_h1_s2021,B_screen_SOX_DeReFusion_h1_s2021__attempt-01,original-10,SOX,DeReFusion,1,2021,502,0.179585798328,0.0555272998105,0.235642313285,0a3a55b50cc775b3daadc97cb1f0ae0b64142d0b460f892ac59eb4d538aa8941,9d975a19f7d45c2e94901d030369afc8645ca9b40d811f1feb20e376fe9cb200,b6972d30f925dad1756b963c1ee4448502ed8dc3e4a6aeda7365155d843e458d,afdd45d7cf170e2e16a6f2c273777530c5d33156798958eceb43a5506e2b1ddb,fca271d98c8a7d877dce82c5827f8d5e130e58aa716535100d1c6bebbd4ca5c5,9aae03fc5dd51300c7c5a90a749c7aade753b84d160a8a77f7af334475b43c67
B_screen_SOX_revin-DLinear_h1_s2021,B_screen_SOX_revin-DLinear_h1_s2021__attempt-01,original-10,SOX,revin-DLinear,1,2021,502,0.179243654844,0.0523929245393,0.228895007677,0a3a55b50cc775b3daadc97cb1f0ae0b64142d0b460f892ac59eb4d538aa8941,9d975a19f7d45c2e94901d030369afc8645ca9b40d811f1feb20e376fe9cb200,b6972d30f925dad1756b963c1ee4448502ed8dc3e4a6aeda7365155d843e458d,0577fbde92c47eb8c00edf4f3f49acaeb3c8d96314c178eaa26e81f1dac58911,fca271d98c8a7d877dce82c5827f8d5e130e58aa716535100d1c6bebbd4ca5c5,f40ee8e73cbe2468c3d326a611475f75c1c103d6713b171bf4359641f0c1a2fb
B_screen_SOX_revin-PatchTST_h1_s2021,B_screen_SOX_revin-PatchTST_h1_s2021__attempt-01,original-10,SOX,revin-PatchTST,1,2021,502,0.117394870496,0.0244831174562,0.156470819823,0a3a55b50cc775b3daadc97cb1f0ae0b64142d0b460f892ac59eb4d538aa8941,9d975a19f7d45c2e94901d030369afc8645ca9b40d811f1feb20e376fe9cb200,b6972d30f925dad1756b963c1ee4448502ed8dc3e4a6aeda7365155d843e458d,7fc7cd05a619c89148cafd8137b168cc8e79df437916bb09e9198866bbd9f2f3,fca271d98c8a7d877dce82c5827f8d5e130e58aa716535100d1c6bebbd4ca5c5,42e5b4abb6599e9fff308906d70ac2f1b61ce458c9d41dbc80ca051b77916ef9
B_screen_SOX_revin-iTransformer_h1_s2021,B_screen_SOX_revin-iTransformer_h1_s2021__attempt-01,original-10,SOX,revin-iTransformer,1,2021,502,0.124678739988,0.0266918666395,0.163376456809,0a3a55b50cc775b3daadc97cb1f0ae0b64142d0b460f892ac59eb4d538aa8941,9d975a19f7d45c2e94901d030369afc8645ca9b40d811f1feb20e376fe9cb200,b6972d30f925dad1756b963c1ee4448502ed8dc3e4a6aeda7365155d843e458d,381c291cf6584018614340cc7c616ebc46630d9a450429a55bcae0ead753bd31,fca271d98c8a7d877dce82c5827f8d5e130e58aa716535100d1c6bebbd4ca5c5,f42bc37afe8e7534713d2d2f64dfe72a103ef4171d5bf690692f00c90a6f3c63
B_screen_TM_DeReFusion_h1_s2021,B_screen_TM_DeReFusion_h1_s2021__attempt-01,original-10,TM,DeReFusion,1,2021,502,0.227537325179,0.0866390853398,0.294345180596,115291a769976c0f737f75711bf38f9eb7bceaf0a4e752658829ded88c00ddc9,311f48df3f6ab363efb614a8adddcafda509c9996816d3dd220e53a7296cf14b,4f6a56b973432b10296b0da89090dd69e5a91864c0ef15bde9ad90554c6298ba,c3f771d89aa3b5cca72fa1d673f6919c043926fd4cb95856a6a195294b387651,655b979a67963c6b6be7c7ce8b4fc0fc929f86dc23f4d35f9586b094fffa1ebe,9fe51c4b2f9fb47d59d0318e6f6b9ec597015a3597dbb2556626eee1eed987bf
B_screen_TM_revin-DLinear_h1_s2021,B_screen_TM_revin-DLinear_h1_s2021__attempt-01,original-10,TM,revin-DLinear,1,2021,502,0.229726501433,0.091173014552,0.301948695231,115291a769976c0f737f75711bf38f9eb7bceaf0a4e752658829ded88c00ddc9,311f48df3f6ab363efb614a8adddcafda509c9996816d3dd220e53a7296cf14b,4f6a56b973432b10296b0da89090dd69e5a91864c0ef15bde9ad90554c6298ba,217d43b53391ff8a949a70c6fffebf22a2366e69516d5044803d42e6bf8b135d,655b979a67963c6b6be7c7ce8b4fc0fc929f86dc23f4d35f9586b094fffa1ebe,328f57470108c8e8e8dadbcc443be4a36c61384f3814329b8f68845739ad71cc
B_screen_TM_revin-PatchTST_h1_s2021,B_screen_TM_revin-PatchTST_h1_s2021__attempt-01,original-10,TM,revin-PatchTST,1,2021,502,0.133783624229,0.0324639433203,0.180177532785,115291a769976c0f737f75711bf38f9eb7bceaf0a4e752658829ded88c00ddc9,311f48df3f6ab363efb614a8adddcafda509c9996816d3dd220e53a7296cf14b,4f6a56b973432b10296b0da89090dd69e5a91864c0ef15bde9ad90554c6298ba,54c81b934fe67578816e66000dfe4d3afd9f1fd26156da14d02c3f84eab5900b,655b979a67963c6b6be7c7ce8b4fc0fc929f86dc23f4d35f9586b094fffa1ebe,9c5be8bf93e2198918fc68880241597de0e328516a0758d8c79304f75f3a2a46
B_screen_TM_revin-iTransformer_h1_s2021,B_screen_TM_revin-iTransformer_h1_s2021__attempt-01,original-10,TM,revin-iTransformer,1,2021,502,0.159733542883,0.0448245594123,0.211718113095,115291a769976c0f737f75711bf38f9eb7bceaf0a4e752658829ded88c00ddc9,311f48df3f6ab363efb614a8adddcafda509c9996816d3dd220e53a7296cf14b,4f6a56b973432b10296b0da89090dd69e5a91864c0ef15bde9ad90554c6298ba,ec7dc532e54a474ccb0ee4e9e2e9da555cbf0708fefa12f63e0c7809d93538cc,655b979a67963c6b6be7c7ce8b4fc0fc929f86dc23f4d35f9586b094fffa1ebe,433a10aa129ada1555a4ae3f37608134d8ce6e42dc973c42572d4b5eafb87e54
B_screen_USDJPY_DeReFusion_h1_s2021,B_screen_USDJPY_DeReFusion_h1_s2021__attempt-01,original-10,USDJPY,DeReFusion,1,2021,520,0.151738532231,0.0388445328204,0.19709016419,893983555507b42808bf4131b5f39a16eab3dd3bb05309915ca9ec517e555285,7a70cdd8593ad923538d8ef0a04cddb8f7d61c67034e6c84628f7e27a5d1d133,5539f922f5579d00175e1eb84172aeea60a621499933fa668986f9f7757d8488,e114c56564d13f3ef3a4ea5d30dd26752981afe1d675ee9619c324fa16037230,618ed733bef2746c54de2963f6ccc4d373b57cb28e0fe97e6585d7217412d61b,433c6f92c866fc6386076f9d843148a579beace708c0af7c0cd99c92fe96752f
B_screen_USDJPY_revin-DLinear_h1_s2021,B_screen_USDJPY_revin-DLinear_h1_s2021__attempt-01,original-10,USDJPY,revin-DLinear,1,2021,520,0.164581252061,0.0465799569797,0.215823902707,893983555507b42808bf4131b5f39a16eab3dd3bb05309915ca9ec517e555285,7a70cdd8593ad923538d8ef0a04cddb8f7d61c67034e6c84628f7e27a5d1d133,5539f922f5579d00175e1eb84172aeea60a621499933fa668986f9f7757d8488,f830d99055c952a7a3349b359132d5be84da266625b31b591d3362d8de01bbfb,618ed733bef2746c54de2963f6ccc4d373b57cb28e0fe97e6585d7217412d61b,7f7a2dcb1023169d5f5baf577c9d2e07d444e4564beb7035780683716d956383
B_screen_USDJPY_revin-PatchTST_h1_s2021,B_screen_USDJPY_revin-PatchTST_h1_s2021__attempt-01,original-10,USDJPY,revin-PatchTST,1,2021,520,0.0984770944485,0.0170600355837,0.130614071155,893983555507b42808bf4131b5f39a16eab3dd3bb05309915ca9ec517e555285,7a70cdd8593ad923538d8ef0a04cddb8f7d61c67034e6c84628f7e27a5d1d133,5539f922f5579d00175e1eb84172aeea60a621499933fa668986f9f7757d8488,737890394a71a394c8f44a373c86ed87e6826f6d45a14ff7e99306c4dbbf6da7,618ed733bef2746c54de2963f6ccc4d373b57cb28e0fe97e6585d7217412d61b,198d904669494432bedde7aa6ced39c5f6857c73d6c4f53961ad420bafb75c09
B_screen_USDJPY_revin-iTransformer_h1_s2021,B_screen_USDJPY_revin-iTransformer_h1_s2021__attempt-01,original-10,USDJPY,revin-iTransformer,1,2021,520,0.106255783026,0.0194795051656,0.139568997867,893983555507b42808bf4131b5f39a16eab3dd3bb05309915ca9ec517e555285,7a70cdd8593ad923538d8ef0a04cddb8f7d61c67034e6c84628f7e27a5d1d133,5539f922f5579d00175e1eb84172aeea60a621499933fa668986f9f7757d8488,c9c3bf6ca7f18526338ba47cae7dfc96a427cd853d43803a90ebf7f6a02bec36,618ed733bef2746c54de2963f6ccc4d373b57cb28e0fe97e6585d7217412d61b,5d66ed8960a29882a4e7f581fc52b870800e26250c368244bc366e0dfad0adf0
B_screen_BABA_DeReFusion_h24_s2021,B_screen_BABA_DeReFusion_h24_s2021__attempt-01,original-10,BABA,DeReFusion,24,2021,11496,0.204119469286,0.0878222766828,0.296348235498,71584ced34cd5157774677f304184e14b2a4e3f784c246bad7dd62547e6f1aa2,b88d3898cafd614fc3b600d137d94a5371be8bc5557b75387ba267cd5afc0869,8d04e801150e77666d95339668d3413f4d74027bd2bf90037cb6778c14d8c5ac,3517762ef2e7d5750c69f193671478cd7ac3ee39b2021716d6ce6852f8347ac3,131e2ebaa8f1824bed3e7b6f85b0ea6075270d98756a242f20490854723c5bd4,4a1c518117e5d72349b5587620cf4d3e0157209dbbff83b7eb9d0ccb23edc72f
B_screen_BABA_revin-DLinear_h24_s2021,B_screen_BABA_revin-DLinear_h24_s2021__attempt-01,original-10,BABA,revin-DLinear,24,2021,11496,0.201553708891,0.0916058658847,0.302664609568,71584ced34cd5157774677f304184e14b2a4e3f784c246bad7dd62547e6f1aa2,b88d3898cafd614fc3b600d137d94a5371be8bc5557b75387ba267cd5afc0869,8d04e801150e77666d95339668d3413f4d74027bd2bf90037cb6778c14d8c5ac,f0cc8b3ca9332089129faefcc62231eecd8a0bc261c7ab23b54ed5ce75fb0109,131e2ebaa8f1824bed3e7b6f85b0ea6075270d98756a242f20490854723c5bd4,2f6be0061d04765a0d27a83cd5666ec5ab708bebc954320274ace955ed307bd9
B_screen_BABA_revin-PatchTST_h24_s2021,B_screen_BABA_revin-PatchTST_h24_s2021__attempt-01,original-10,BABA,revin-PatchTST,24,2021,11496,0.181732788252,0.0739346323914,0.271909235576,71584ced34cd5157774677f304184e14b2a4e3f784c246bad7dd62547e6f1aa2,b88d3898cafd614fc3b600d137d94a5371be8bc5557b75387ba267cd5afc0869,8d04e801150e77666d95339668d3413f4d74027bd2bf90037cb6778c14d8c5ac,a0602ad6758632637d16daadcb171be11ffc215b62cb075b2b683dc97525293e,131e2ebaa8f1824bed3e7b6f85b0ea6075270d98756a242f20490854723c5bd4,998bcabd7be6475713cde520622bdd3695dd83da9d027b236abfe78ca743b97c
B_screen_BABA_revin-iTransformer_h24_s2021,B_screen_BABA_revin-iTransformer_h24_s2021__attempt-01,original-10,BABA,revin-iTransformer,24,2021,11496,0.207159404474,0.0920927813948,0.30346792482,71584ced34cd5157774677f304184e14b2a4e3f784c246bad7dd62547e6f1aa2,b88d3898cafd614fc3b600d137d94a5371be8bc5557b75387ba267cd5afc0869,8d04e801150e77666d95339668d3413f4d74027bd2bf90037cb6778c14d8c5ac,62b59570379a48648d42a382fb893688418349daa897220929457a5cf2ac34b0,131e2ebaa8f1824bed3e7b6f85b0ea6075270d98756a242f20490854723c5bd4,657a6aa16f28459c12ef09b74ef665c68068ad95af211b1d249962197cde3de4
B_screen_BTCUSD_DeReFusion_h24_s2021,B_screen_BTCUSD_DeReFusion_h24_s2021__attempt-01,original-10,BTCUSD,DeReFusion,24,2021,16968,0.361365730163,0.222252673704,0.471436818359,bea6a2cf90a02c238da38916357bf778abc4958687e8c137561d64f346fe7619,5a96cd944b795a3dd2b50b240a09173fc0525e566b15cfc66f4050bb1dd9991e,6bac7956b8cbc3be4ba6328c1ce3792012c329c670aedb84382bd452561fbfa7,67c281b86a079da8cae4db9d4ad5f4dc35aa3b93a393da5aac102bd4253292ef,e23fd93a92b440f6929221d852179f69ca0f5e1f57f4439b2360d509713edd56,3035efa608fd4f9c81dc11d76743c1b397553faa5f522fc522958e230fb77850
B_screen_BTCUSD_revin-DLinear_h24_s2021,B_screen_BTCUSD_revin-DLinear_h24_s2021__attempt-01,original-10,BTCUSD,revin-DLinear,24,2021,16968,0.362934207885,0.224032631829,0.473320855053,bea6a2cf90a02c238da38916357bf778abc4958687e8c137561d64f346fe7619,5a96cd944b795a3dd2b50b240a09173fc0525e566b15cfc66f4050bb1dd9991e,6bac7956b8cbc3be4ba6328c1ce3792012c329c670aedb84382bd452561fbfa7,065675f3dad1b78a22c32326d1cc4bb15ec7f5adbcce321f459b81dab984dd11,e23fd93a92b440f6929221d852179f69ca0f5e1f57f4439b2360d509713edd56,0247c24e6d60b84d683504545354fab8feef6fa63de6504e9f325108bc9133dc
B_screen_BTCUSD_revin-PatchTST_h24_s2021,B_screen_BTCUSD_revin-PatchTST_h24_s2021__attempt-01,original-10,BTCUSD,revin-PatchTST,24,2021,16968,0.321024751302,0.180304954901,0.424623309418,bea6a2cf90a02c238da38916357bf778abc4958687e8c137561d64f346fe7619,5a96cd944b795a3dd2b50b240a09173fc0525e566b15cfc66f4050bb1dd9991e,6bac7956b8cbc3be4ba6328c1ce3792012c329c670aedb84382bd452561fbfa7,39243e808e283c87249cb41bf656a43549a41e6fa5f2242f154ee8341736780a,e23fd93a92b440f6929221d852179f69ca0f5e1f57f4439b2360d509713edd56,adb6ddc97efb3a65c947b81d19b97f46b6e775501737b0144f9efcfad7be8d63
B_screen_BTCUSD_revin-iTransformer_h24_s2021,B_screen_BTCUSD_revin-iTransformer_h24_s2021__attempt-01,original-10,BTCUSD,revin-iTransformer,24,2021,16968,0.401794905871,0.265545472698,0.515311044611,bea6a2cf90a02c238da38916357bf778abc4958687e8c137561d64f346fe7619,5a96cd944b795a3dd2b50b240a09173fc0525e566b15cfc66f4050bb1dd9991e,6bac7956b8cbc3be4ba6328c1ce3792012c329c670aedb84382bd452561fbfa7,f3d333dc6810a75ad319becc700bb924838219dbf56683f0b08429f80ab2a917,e23fd93a92b440f6929221d852179f69ca0f5e1f57f4439b2360d509713edd56,0bcb0830a970aee0a11d7e432a04536f6cb27254b40f7416ed92dd17f0bd600a
B_screen_DJI_DeReFusion_h24_s2021,B_screen_DJI_DeReFusion_h24_s2021__attempt-01,original-10,DJI,DeReFusion,24,2021,11496,0.165043454972,0.0462964106879,0.215166007278,f9c9601da2380378c03f779cd54ff3778742945439808c5ba96aca7c6f1c171a,e25c22e1d404dd5c3fc995999f08ce55d777b9ec667d098d6feadbb81f8eacd2,bef7c39c9cdd69cab6b5182cbf7892e218ff70a9b0b88ebe1f44e5588e716838,948e0197ff28c805c2b092d06359a6b404aab90a0ba4ff6144f8dd74af87bf4d,81acc8ff4a3043d0129e021509cd8f6cb4d2fbbae33920a7eb459a6180b6188b,daf74673af570457e1e0bfa72baa173ef2fc99f848d570bb940e26e94e180743
B_screen_DJI_revin-DLinear_h24_s2021,B_screen_DJI_revin-DLinear_h24_s2021__attempt-01,original-10,DJI,revin-DLinear,24,2021,11496,0.266923063763,0.0973955734616,0.312082638834,f9c9601da2380378c03f779cd54ff3778742945439808c5ba96aca7c6f1c171a,e25c22e1d404dd5c3fc995999f08ce55d777b9ec667d098d6feadbb81f8eacd2,bef7c39c9cdd69cab6b5182cbf7892e218ff70a9b0b88ebe1f44e5588e716838,8646b5b8445709c27063430d9ae0aef7e5770344951682b900baf40984516fce,81acc8ff4a3043d0129e021509cd8f6cb4d2fbbae33920a7eb459a6180b6188b,e7231fadf8758cc8fd85c0b094bce54d4adec232a03f8f61acccdd8f7f7dbf09
B_screen_DJI_revin-PatchTST_h24_s2021,B_screen_DJI_revin-PatchTST_h24_s2021__attempt-01,original-10,DJI,revin-PatchTST,24,2021,11496,0.162473189039,0.0427133540434,0.206672093045,f9c9601da2380378c03f779cd54ff3778742945439808c5ba96aca7c6f1c171a,e25c22e1d404dd5c3fc995999f08ce55d777b9ec667d098d6feadbb81f8eacd2,bef7c39c9cdd69cab6b5182cbf7892e218ff70a9b0b88ebe1f44e5588e716838,b825a7b5e40121d924438a5251c81a637b112ceb536e434c6c87ae198105c199,81acc8ff4a3043d0129e021509cd8f6cb4d2fbbae33920a7eb459a6180b6188b,165ac3505b0e308e923351b06995f0b2539a6a10fdfa1711308f6de5628b568c
B_screen_DJI_revin-iTransformer_h24_s2021,B_screen_DJI_revin-iTransformer_h24_s2021__attempt-01,original-10,DJI,revin-iTransformer,24,2021,11496,0.206257179898,0.0634864528613,0.251965181843,f9c9601da2380378c03f779cd54ff3778742945439808c5ba96aca7c6f1c171a,e25c22e1d404dd5c3fc995999f08ce55d777b9ec667d098d6feadbb81f8eacd2,bef7c39c9cdd69cab6b5182cbf7892e218ff70a9b0b88ebe1f44e5588e716838,03d789b755d5fa5ef94bbcf4fe58a9280ce92238637846211501d6c06dc121e5,81acc8ff4a3043d0129e021509cd8f6cb4d2fbbae33920a7eb459a6180b6188b,31f92135489f07fa2729a9f3aba3a1e32c8f91d02706881a633dbc63502aa9ea
B_screen_ETHUSD_DeReFusion_h24_s2021,B_screen_ETHUSD_DeReFusion_h24_s2021__attempt-01,original-10,ETHUSD,DeReFusion,24,2021,13728,0.293727113442,0.145634273893,0.381620588927,6b1c6e07f1a49901f06966de92e311a95321c18f3a5ead7f20a7e6584859d0f8,01a6039e5961f1b4cd7f1c9bcdddce7e76b1e5cc7c2f1df8372859618183c124,76f63b29fc5302c9f438cf6d26785215a50fdc0813b211ea53e8eae95450cd41,bc4e51ec0902ecb57bde08f77b2b17c83c0e60ad1d2af57f2703e74f66da8002,7eb4e979ad0519f97f9036c569b67ba1666999a45ffb5642f62d68cd1a917800,a62f8b384ff95317513306adc5e1220c10d322f03ddbf33a7cc79d8ad68f0730
B_screen_ETHUSD_revin-DLinear_h24_s2021,B_screen_ETHUSD_revin-DLinear_h24_s2021__attempt-01,original-10,ETHUSD,revin-DLinear,24,2021,13728,0.297819026937,0.151594096433,0.389350865458,6b1c6e07f1a49901f06966de92e311a95321c18f3a5ead7f20a7e6584859d0f8,01a6039e5961f1b4cd7f1c9bcdddce7e76b1e5cc7c2f1df8372859618183c124,76f63b29fc5302c9f438cf6d26785215a50fdc0813b211ea53e8eae95450cd41,1645c740686a0f51df3f4b6b379c0d1904a87ae393a2dbdf61c45818ad9e1602,7eb4e979ad0519f97f9036c569b67ba1666999a45ffb5642f62d68cd1a917800,ea065f76cddc3e8ccc604cabf5ead784b7f1b7fd340e6c3d4ca989ab31f5ef34
B_screen_ETHUSD_revin-PatchTST_h24_s2021,B_screen_ETHUSD_revin-PatchTST_h24_s2021__attempt-01,original-10,ETHUSD,revin-PatchTST,24,2021,13728,0.297322799096,0.145134366237,0.380965045952,6b1c6e07f1a49901f06966de92e311a95321c18f3a5ead7f20a7e6584859d0f8,01a6039e5961f1b4cd7f1c9bcdddce7e76b1e5cc7c2f1df8372859618183c124,76f63b29fc5302c9f438cf6d26785215a50fdc0813b211ea53e8eae95450cd41,3b1c22c0bcb5165f86cb26bd8b5051e1be1f4b63de49f3c6ccac022b04fa603c,7eb4e979ad0519f97f9036c569b67ba1666999a45ffb5642f62d68cd1a917800,2e33a6b5014fc3ea855a872ea9073fddc599a4e5aa48981ee21eeceb2bdee7ad
B_screen_ETHUSD_revin-iTransformer_h24_s2021,B_screen_ETHUSD_revin-iTransformer_h24_s2021__attempt-01,original-10,ETHUSD,revin-iTransformer,24,2021,13728,0.28614988468,0.138918191624,0.372717307921,6b1c6e07f1a49901f06966de92e311a95321c18f3a5ead7f20a7e6584859d0f8,01a6039e5961f1b4cd7f1c9bcdddce7e76b1e5cc7c2f1df8372859618183c124,76f63b29fc5302c9f438cf6d26785215a50fdc0813b211ea53e8eae95450cd41,7380f454cbde50fb2cf4aba9ead18a96ef00cce8791c1d7379556b4cd0fc9f04,7eb4e979ad0519f97f9036c569b67ba1666999a45ffb5642f62d68cd1a917800,0c0259f62dd659696d81bab25bb6865bfdbe341d9839f489d91c593c5efff13c
B_screen_EURUSD_DeReFusion_h24_s2021,B_screen_EURUSD_DeReFusion_h24_s2021__attempt-01,original-10,EURUSD,DeReFusion,24,2021,11928,0.244751507842,0.100925652477,0.317687979749,f6de2ecafc74a796bdf0bf4d47220f786dbf505e8f54bcb6219099d572a27283,be9db04e57a196aee7c44aad7df78f425615d97dbe570a3998421e5ccd562122,decee70b7bac3a8c9e38fb0a298e25944d49656287aef8edf7ed7e4fa24ff39d,cca43a703d6aad3bfd7da9099529d6a00e16e373984a8bddd9bd5b7508d4bbda,b7a6d962122f29d61ab2adf9ecc28a98479f6a546c45faedd1bcb42a4c4055eb,4d538777c706e0f2b045891549b50f08400d47f3a2ca10dae20fa3d4ffb09829
B_screen_EURUSD_revin-DLinear_h24_s2021,B_screen_EURUSD_revin-DLinear_h24_s2021__attempt-01,original-10,EURUSD,revin-DLinear,24,2021,11928,0.252629545016,0.114179075819,0.337903944663,f6de2ecafc74a796bdf0bf4d47220f786dbf505e8f54bcb6219099d572a27283,be9db04e57a196aee7c44aad7df78f425615d97dbe570a3998421e5ccd562122,decee70b7bac3a8c9e38fb0a298e25944d49656287aef8edf7ed7e4fa24ff39d,7f1b97d741e57cc3ce63919c1eb6aeb43c162e7bb7d38898c3d45b81e5f52897,b7a6d962122f29d61ab2adf9ecc28a98479f6a546c45faedd1bcb42a4c4055eb,5fff0a32324435a8b9f6f864d02237a9791c3bbe35cc4f009de82a7ef4469974
B_screen_EURUSD_revin-PatchTST_h24_s2021,B_screen_EURUSD_revin-PatchTST_h24_s2021__attempt-01,original-10,EURUSD,revin-PatchTST,24,2021,11928,0.226145289731,0.0901271245428,0.300211799473,f6de2ecafc74a796bdf0bf4d47220f786dbf505e8f54bcb6219099d572a27283,be9db04e57a196aee7c44aad7df78f425615d97dbe570a3998421e5ccd562122,decee70b7bac3a8c9e38fb0a298e25944d49656287aef8edf7ed7e4fa24ff39d,ddc21cf9c1e0fdef39c5c9e366336f5ce6d76065d6027331b1ab9c92e04aff5b,b7a6d962122f29d61ab2adf9ecc28a98479f6a546c45faedd1bcb42a4c4055eb,3e337a9ddfe1255abf0d5be9c7169190b14ca0ed52afc75a992e90a024aa18c8
B_screen_EURUSD_revin-iTransformer_h24_s2021,B_screen_EURUSD_revin-iTransformer_h24_s2021__attempt-01,original-10,EURUSD,revin-iTransformer,24,2021,11928,0.267137143075,0.121462838549,0.348515191274,f6de2ecafc74a796bdf0bf4d47220f786dbf505e8f54bcb6219099d572a27283,be9db04e57a196aee7c44aad7df78f425615d97dbe570a3998421e5ccd562122,decee70b7bac3a8c9e38fb0a298e25944d49656287aef8edf7ed7e4fa24ff39d,575cac979330006de6f5dfb6301dc9a71d444293c9cd4c4c37a53375de1b7528,b7a6d962122f29d61ab2adf9ecc28a98479f6a546c45faedd1bcb42a4c4055eb,fad5325b7c7990d2c60688db265b7a1b3883b6231c64efb6fc4a009f1f0a4ae4
B_screen_GSPC_DeReFusion_h24_s2021,B_screen_GSPC_DeReFusion_h24_s2021__attempt-01,original-10,GSPC,DeReFusion,24,2021,11496,0.187815778346,0.0606230851921,0.246217556628,e84e76156e630783971274372f18d8591538bb30809aa3076df61be9118789a1,9ed59adeefbd9a22d9f3cefe3e7ec4964e37664b5c5eab9664899d8ba5488130,3ed85c6a7679d7dd64c345bf43159e27fffd8b275867249e30f270fe2533083e,5e3b2abd71ace634817a337b20fa654ada05c13aff8f2dc5daae07baddc1a32b,5cc8a06d7a403ed317e46ca7f04ab4de5d3de06b6cda830da61465e7ea53d0f3,6d0c7baa0762de9fec34c27e29682633c4e36c224a986910155a77f31d8e04f8
B_screen_GSPC_revin-DLinear_h24_s2021,B_screen_GSPC_revin-DLinear_h24_s2021__attempt-01,original-10,GSPC,revin-DLinear,24,2021,11496,0.20656267327,0.0666233468719,0.258114987693,e84e76156e630783971274372f18d8591538bb30809aa3076df61be9118789a1,9ed59adeefbd9a22d9f3cefe3e7ec4964e37664b5c5eab9664899d8ba5488130,3ed85c6a7679d7dd64c345bf43159e27fffd8b275867249e30f270fe2533083e,525b9163aa66940788f92287e8da3786ad1cca820db382ab2ac7a76101517bd7,5cc8a06d7a403ed317e46ca7f04ab4de5d3de06b6cda830da61465e7ea53d0f3,14c84ee20364810bf7de394b094a5b470ca8dac434099251cd05708493fe4cfc
B_screen_GSPC_revin-PatchTST_h24_s2021,B_screen_GSPC_revin-PatchTST_h24_s2021__attempt-01,original-10,GSPC,revin-PatchTST,24,2021,11496,0.181134689835,0.0551869974031,0.234919129496,e84e76156e630783971274372f18d8591538bb30809aa3076df61be9118789a1,9ed59adeefbd9a22d9f3cefe3e7ec4964e37664b5c5eab9664899d8ba5488130,3ed85c6a7679d7dd64c345bf43159e27fffd8b275867249e30f270fe2533083e,eefd744e727c1056c22ab0445eed6929422893873fb6c35dcb5bf256c871f27e,5cc8a06d7a403ed317e46ca7f04ab4de5d3de06b6cda830da61465e7ea53d0f3,8f7e5a032d64a60e60bd4a7e6580f184b4e2febff6fb35baea29b21825019d80
B_screen_GSPC_revin-iTransformer_h24_s2021,B_screen_GSPC_revin-iTransformer_h24_s2021__attempt-01,original-10,GSPC,revin-iTransformer,24,2021,11496,0.170735359005,0.0504375188736,0.224582988834,e84e76156e630783971274372f18d8591538bb30809aa3076df61be9118789a1,9ed59adeefbd9a22d9f3cefe3e7ec4964e37664b5c5eab9664899d8ba5488130,3ed85c6a7679d7dd64c345bf43159e27fffd8b275867249e30f270fe2533083e,3a36554c34bf2ce0261b686c820bd6669f32c07a3218bd1b11fbe1ac2df0fca6,5cc8a06d7a403ed317e46ca7f04ab4de5d3de06b6cda830da61465e7ea53d0f3,e120bf065ed4edb2b51f49935787afe418c95317564c9df7d6754a983ac43e50
B_screen_NVO_DeReFusion_h24_s2021,B_screen_NVO_DeReFusion_h24_s2021__attempt-01,original-10,NVO,DeReFusion,24,2021,11496,0.635001432127,0.685651252478,0.828040610404,0e3cfef7aada1de69c6cac7c15a139cd7e4bb612644dd6b6e16b5e26650495ec,c7c98c99b67bf9ef9ec7c16a35fb68f19768bda44ff9c1ac3fb85918ba04ad98,63abb1de3c9b9d2c590245b0d518564ef209403ac6a9caab0ca11634ef402409,2c8a71be6491d35c93ea9b3f0a58301c73237226ea0b7ed1f854c7226e33aa15,59dcb2793f81f1b22b74ae1527c3e4af614319647637b9646c339e8d65581318,5fc7789e687d596d74a3cda8cd584fb017961567ca33c4f7d3be39f9defe45b0
B_screen_NVO_revin-DLinear_h24_s2021,B_screen_NVO_revin-DLinear_h24_s2021__attempt-01,original-10,NVO,revin-DLinear,24,2021,11496,0.590736896069,0.586371585429,0.765749035539,0e3cfef7aada1de69c6cac7c15a139cd7e4bb612644dd6b6e16b5e26650495ec,c7c98c99b67bf9ef9ec7c16a35fb68f19768bda44ff9c1ac3fb85918ba04ad98,63abb1de3c9b9d2c590245b0d518564ef209403ac6a9caab0ca11634ef402409,2576a91c74a0c822f78f3707f21739124132e981326ee34cf37ec9ce7cf0ee2c,59dcb2793f81f1b22b74ae1527c3e4af614319647637b9646c339e8d65581318,f7c5c3e71289907e3d35d236a0b504ccf84bd2acb28703eb31e6aecf1aecb1d3
B_screen_NVO_revin-PatchTST_h24_s2021,B_screen_NVO_revin-PatchTST_h24_s2021__attempt-01,original-10,NVO,revin-PatchTST,24,2021,11496,0.573695892498,0.594412337352,0.770981411807,0e3cfef7aada1de69c6cac7c15a139cd7e4bb612644dd6b6e16b5e26650495ec,c7c98c99b67bf9ef9ec7c16a35fb68f19768bda44ff9c1ac3fb85918ba04ad98,63abb1de3c9b9d2c590245b0d518564ef209403ac6a9caab0ca11634ef402409,c67e8153bfbca8764f61b86b40f4021dcd950a562ac1c73503c430f34f71e40c,59dcb2793f81f1b22b74ae1527c3e4af614319647637b9646c339e8d65581318,26d714cbcdb8330ea8f0187e5e90c74c58001920519679e9ef7fb4e56208b92c
B_screen_NVO_revin-iTransformer_h24_s2021,B_screen_NVO_revin-iTransformer_h24_s2021__attempt-01,original-10,NVO,revin-iTransformer,24,2021,11496,0.681012791099,0.767114864695,0.875850937486,0e3cfef7aada1de69c6cac7c15a139cd7e4bb612644dd6b6e16b5e26650495ec,c7c98c99b67bf9ef9ec7c16a35fb68f19768bda44ff9c1ac3fb85918ba04ad98,63abb1de3c9b9d2c590245b0d518564ef209403ac6a9caab0ca11634ef402409,a47b6465ae7a0510acd1ecaf11816bee696a3db85205a8f1bf7d9c6998e66391,59dcb2793f81f1b22b74ae1527c3e4af614319647637b9646c339e8d65581318,f0041992f98493e88978d93a7870499b8166a72fe85c06f3560cec777638f88e
B_screen_SOX_DeReFusion_h24_s2021,B_screen_SOX_DeReFusion_h24_s2021__attempt-01,original-10,SOX,DeReFusion,24,2021,11496,0.353218679409,0.211023081966,0.459372487167,1a1585dbd9646a9073fc158db31c131fc471af5e66608e47ca2bad1b6b2f3260,1d187b8e6ab0fd10b304e50ce1fb3bf697a72c9874cffd4f5a1f15308d8c0ccd,b6972d30f925dad1756b963c1ee4448502ed8dc3e4a6aeda7365155d843e458d,c46b3640cdcd45f6acf44429092da3453f5f1e1d12e0a2c6e68aea51f1bed3d7,7e8079b41ea5fdf177eab063f7aa26b8f25aec1fc59c398708d6ff469189f8eb,fcb8f894169eeba9cebf1ba97da648fd461f428bda2082b73347f7833435823f
B_screen_SOX_revin-DLinear_h24_s2021,B_screen_SOX_revin-DLinear_h24_s2021__attempt-01,original-10,SOX,revin-DLinear,24,2021,11496,0.376728512528,0.228339850234,0.477849191936,1a1585dbd9646a9073fc158db31c131fc471af5e66608e47ca2bad1b6b2f3260,1d187b8e6ab0fd10b304e50ce1fb3bf697a72c9874cffd4f5a1f15308d8c0ccd,b6972d30f925dad1756b963c1ee4448502ed8dc3e4a6aeda7365155d843e458d,5d24910a666f777ba63cd8578a73d9646bd21c691d91d3c321ba8ed28fdfb56b,7e8079b41ea5fdf177eab063f7aa26b8f25aec1fc59c398708d6ff469189f8eb,0eda79eb6244e931c2782179ddec85d30a73062cc8faa04a7b49fef0c48eadb3
B_screen_SOX_revin-PatchTST_h24_s2021,B_screen_SOX_revin-PatchTST_h24_s2021__attempt-01,original-10,SOX,revin-PatchTST,24,2021,11496,0.346865055228,0.194281031746,0.440773220314,1a1585dbd9646a9073fc158db31c131fc471af5e66608e47ca2bad1b6b2f3260,1d187b8e6ab0fd10b304e50ce1fb3bf697a72c9874cffd4f5a1f15308d8c0ccd,b6972d30f925dad1756b963c1ee4448502ed8dc3e4a6aeda7365155d843e458d,0eda46d9710a3cc31d036d1001eb2324855af2813c4958618bebbad52fe7564f,7e8079b41ea5fdf177eab063f7aa26b8f25aec1fc59c398708d6ff469189f8eb,825867f0caec7c175642bad7e9102336840ef1e867c3a3e5109b81d7421a7958
B_screen_SOX_revin-iTransformer_h24_s2021,B_screen_SOX_revin-iTransformer_h24_s2021__attempt-01,original-10,SOX,revin-iTransformer,24,2021,11496,0.33362900879,0.175862093768,0.419359146518,1a1585dbd9646a9073fc158db31c131fc471af5e66608e47ca2bad1b6b2f3260,1d187b8e6ab0fd10b304e50ce1fb3bf697a72c9874cffd4f5a1f15308d8c0ccd,b6972d30f925dad1756b963c1ee4448502ed8dc3e4a6aeda7365155d843e458d,67d42102fc29ce516fbc5703a83981e316bb4545565e0bd27c6c68f90b8c43fb,7e8079b41ea5fdf177eab063f7aa26b8f25aec1fc59c398708d6ff469189f8eb,6035e8398a7aac1ab953e669f51bc329bb23e96a041cc91826aae4cccb53ac1d
B_screen_TM_DeReFusion_h24_s2021,B_screen_TM_DeReFusion_h24_s2021__attempt-01,original-10,TM,DeReFusion,24,2021,11496,0.472284900174,0.397028947601,0.630102331055,0c90ebc5850c2078ed074008fc3d0de666e615f8b006df587ec7a386d1ee9324,6dcd36065ffbfd88789f9d4777cf6e59539b176b4b4e1b7b8d094674d671f08e,4f6a56b973432b10296b0da89090dd69e5a91864c0ef15bde9ad90554c6298ba,cc5fb84631506a7174935a9e10e8fd02a7d7f64a6beb60c9ab9e6e9f9fa64911,832ad9f71575006e6532d7523024b49b3c3a01b6451dcc5dd1dbf542bebfc5eb,c69240105bd905f353b06c71fdce17573724587afb2405d0f8c138e646dd5f82
B_screen_TM_revin-DLinear_h24_s2021,B_screen_TM_revin-DLinear_h24_s2021__attempt-01,original-10,TM,revin-DLinear,24,2021,11496,0.436362504358,0.348074862545,0.589978696688,0c90ebc5850c2078ed074008fc3d0de666e615f8b006df587ec7a386d1ee9324,6dcd36065ffbfd88789f9d4777cf6e59539b176b4b4e1b7b8d094674d671f08e,4f6a56b973432b10296b0da89090dd69e5a91864c0ef15bde9ad90554c6298ba,2ee503512584c6161c1dc1928cce0bd2142e8d03e377c9413daf79374694f020,832ad9f71575006e6532d7523024b49b3c3a01b6451dcc5dd1dbf542bebfc5eb,8d8a1a7b4608e07d311017242fe92dd60add1d03071392f25d01cdb3078230c2
B_screen_TM_revin-PatchTST_h24_s2021,B_screen_TM_revin-PatchTST_h24_s2021__attempt-01,original-10,TM,revin-PatchTST,24,2021,11496,0.416491751258,0.320819332419,0.566409156369,0c90ebc5850c2078ed074008fc3d0de666e615f8b006df587ec7a386d1ee9324,6dcd36065ffbfd88789f9d4777cf6e59539b176b4b4e1b7b8d094674d671f08e,4f6a56b973432b10296b0da89090dd69e5a91864c0ef15bde9ad90554c6298ba,7f68d068ccada1a48e0e5afc0a6cc96f06c432e7f822db964843c84d7c70ae96,832ad9f71575006e6532d7523024b49b3c3a01b6451dcc5dd1dbf542bebfc5eb,aa48812e4ad899cc7cc80e5506ab154d587838e224a1a6ed5384fa3ecc184f1d
B_screen_TM_revin-iTransformer_h24_s2021,B_screen_TM_revin-iTransformer_h24_s2021__attempt-01,original-10,TM,revin-iTransformer,24,2021,11496,0.474868137636,0.418834289556,0.647174079793,0c90ebc5850c2078ed074008fc3d0de666e615f8b006df587ec7a386d1ee9324,6dcd36065ffbfd88789f9d4777cf6e59539b176b4b4e1b7b8d094674d671f08e,4f6a56b973432b10296b0da89090dd69e5a91864c0ef15bde9ad90554c6298ba,369470c5d89b05ac958525087b4469e966a2fdcc42ebdf54264a722efda4491d,832ad9f71575006e6532d7523024b49b3c3a01b6451dcc5dd1dbf542bebfc5eb,c7665e5a2af23b7954e81f4fa955bc069b01dea85808cfdb3a39670375c51ee6
B_screen_USDJPY_DeReFusion_h24_s2021,B_screen_USDJPY_DeReFusion_h24_s2021__attempt-01,original-10,USDJPY,DeReFusion,24,2021,11928,0.328324083111,0.188484574926,0.434148102525,1da8b20e1495db5f8951dba31474221aa09c191acfd86ef61f7fbad7b1862ec1,e22b2349a72061a2f92f5a3591ebaae5c9cf506a8aa772e9cd5528a99f53a010,5539f922f5579d00175e1eb84172aeea60a621499933fa668986f9f7757d8488,19f12b0fd425dbb957cf70501824d6e58d1f5a39987cfda3feddbcac881cc160,5567b184af16b9b8471a4c33946c3250791842335293e6c413192402ca334df2,7c0ee14cef60db176efad5800715021f198e2921fb13cac3de3a8c02da0fee8a
B_screen_USDJPY_revin-DLinear_h24_s2021,B_screen_USDJPY_revin-DLinear_h24_s2021__attempt-01,original-10,USDJPY,revin-DLinear,24,2021,11928,0.327545062377,0.189789361167,0.435648208038,1da8b20e1495db5f8951dba31474221aa09c191acfd86ef61f7fbad7b1862ec1,e22b2349a72061a2f92f5a3591ebaae5c9cf506a8aa772e9cd5528a99f53a010,5539f922f5579d00175e1eb84172aeea60a621499933fa668986f9f7757d8488,34c360daa7e6d5416869f526e3490145b64fc4f926f187dd9ef61e254d840288,5567b184af16b9b8471a4c33946c3250791842335293e6c413192402ca334df2,0dd9abad260a34412f044953859b9bb14f5f5f46106dc04ee00a41f268295f5a
B_screen_USDJPY_revin-PatchTST_h24_s2021,B_screen_USDJPY_revin-PatchTST_h24_s2021__attempt-01,original-10,USDJPY,revin-PatchTST,24,2021,11928,0.309954984207,0.158780658226,0.39847290777,1da8b20e1495db5f8951dba31474221aa09c191acfd86ef61f7fbad7b1862ec1,e22b2349a72061a2f92f5a3591ebaae5c9cf506a8aa772e9cd5528a99f53a010,5539f922f5579d00175e1eb84172aeea60a621499933fa668986f9f7757d8488,67df980134751f65f1f5b146cdb04545956fbf81cea10476521c3ac1b14b8a25,5567b184af16b9b8471a4c33946c3250791842335293e6c413192402ca334df2,e21981c76adb25c1a2ab3e5c33cae2f573a2d4bb986e5dc850565756bc399877
B_screen_USDJPY_revin-iTransformer_h24_s2021,B_screen_USDJPY_revin-iTransformer_h24_s2021__attempt-01,original-10,USDJPY,revin-iTransformer,24,2021,11928,0.312329601574,0.169185993865,0.411322250632,1da8b20e1495db5f8951dba31474221aa09c191acfd86ef61f7fbad7b1862ec1,e22b2349a72061a2f92f5a3591ebaae5c9cf506a8aa772e9cd5528a99f53a010,5539f922f5579d00175e1eb84172aeea60a621499933fa668986f9f7757d8488,72df87522344ae374b2f025333c1585a4caa3fd43c8c34f07e7c1fedbaafe450,5567b184af16b9b8471a4c33946c3250791842335293e6c413192402ca334df2,04f4b9f5992ee884b22b69300ee352a3c537885d02f21e9f202de791a3df5e84
